<?xml version="1.0" encoding="utf-8"?>
<COLLADA xmlns="http://www.collada.org/2005/11/COLLADASchema" version="1.4.1" xmlns:xsi="http://www.w3.org/2001/XMLSchema-instance">
  <asset>
    <contributor>
      <author>Blender User</author>
      <authoring_tool>Blender 2.92.0 commit date:2021-02-24, commit time:16:25, hash:02948a2cab44</authoring_tool>
    </contributor>
    <created>2021-06-18T22:16:32</created>
    <modified>2021-06-18T22:16:32</modified>
    <unit name="meter" meter="1"/>
    <up_axis>Z_UP</up_axis>
  </asset>
  <library_effects>
    <effect id="mine-effect">
      <profile_COMMON>
        <technique sid="common">
          <lambert>
            <emission>
              <color sid="emission">0 0 0 1</color>
            </emission>
            <diffuse>
              <color sid="diffuse">0.8 0.8 0.8 1</color>
            </diffuse>
            <index_of_refraction>
              <float sid="ior">1.45</float>
            </index_of_refraction>
          </lambert>
        </technique>
      </profile_COMMON>
    </effect>
  </library_effects>
  <library_images/>
  <library_materials>
    <material id="mine-material" name="mine">
      <instance_effect url="#mine-effect"/>
    </material>
  </library_materials>
  <library_geometries>
    <geometry id="Cylinder-mesh" name="Cylinder">
      <mesh>
        <source id="Cylinder-mesh-positions">
          <float_array id="Cylinder-mesh-positions-array" count="4029">0.1611305 -0.04317486 0.3383953 0.1657342 -0.04440844 0.3479276 0.1668146 0 0.3383953 0.1715807 0 0.3479276 0.1611305 0.04317474 0.3383953 0.1657342 0.04440832 0.3479276 0.1444657 0.08340722 0.3383953 0.1485933 0.08579027 0.3479276 0.1179558 0.1179557 0.3383954 0.1213259 0.1213258 0.3479276 0.08340728 0.1444656 0.3383954 0.08579033 0.1485932 0.3479276 0.0431748 0.1611304 0.3383954 0.04440838 0.1657342 0.3479276 0 0.1668145 0.3383954 0 0.1715806 0.3479276 -0.0431748 0.1611304 0.3383954 -0.04440838 0.1657342 0.3479276 -0.08340728 0.1444656 0.3383954 -0.08579033 0.1485932 0.3479276 -0.1179558 0.1179557 0.3383954 -0.1213259 0.1213258 0.3479276 -0.1444657 0.08340722 0.3383953 -0.1485933 0.08579027 0.3479276 -0.1611305 0.04317474 0.3383953 -0.1657342 0.04440832 0.3479276 -0.1668146 0 0.3383953 -0.1715807 0 0.3479276 -0.1611305 -0.04317486 0.3383953 -0.1657342 -0.04440844 0.3479276 -0.1444657 -0.08340734 0.3383953 -0.1485933 -0.08579039 0.3479276 -0.1179558 -0.1179558 0.3383953 -0.1213259 -0.1213259 0.3479276 -0.08340728 -0.1444658 0.3383953 -0.08579033 -0.1485933 0.3479276 -0.0431748 -0.1611306 0.3383953 -0.04440838 -0.1657343 0.3479276 0 -0.1668146 0.3383953 0 -0.1715807 0.3479276 0.0431748 -0.1611306 0.3383953 0.04440838 -0.1657343 0.3479276 0.08340728 -0.1444658 0.3383953 0.08579033 -0.1485933 0.3479276 0.1179558 -0.1179558 0.3383953 0.1213259 -0.1213259 0.3479276 0.1444657 -0.08340734 0.3383953 0.1485933 -0.08579039 0.3479276 0.1611305 -0.04317486 0.3145647 0.1668146 0 0.3145647 0.1611305 0.04317474 0.3145647 0.1444657 0.08340722 0.3145647 0.1179558 0.1179557 0.3145647 0.08340728 0.1444656 0.3145647 0.0431748 0.1611304 0.3145647 0 0.1668145 0.3145647 -0.0431748 0.1611304 0.3145647 -0.08340728 0.1444656 0.3145647 -0.1179558 0.1179557 0.3145647 -0.1444657 0.08340722 0.3145647 -0.1611305 0.04317474 0.3145647 -0.1668146 0 0.3145647 -0.1611305 -0.04317486 0.3145647 -0.1444657 -0.08340734 0.3145647 -0.1179558 -0.1179558 0.3145647 -0.08340728 -0.1444657 0.3145647 -0.0431748 -0.1611306 0.3145647 0 -0.1668146 0.3145647 0.0431748 -0.1611306 0.3145647 0.08340728 -0.1444657 0.3145647 0.1179558 -0.1179558 0.3145647 0.1444657 -0.08340734 0.3145647 0.1813297 0.04858708 0.3479276 0.1877263 0 0.3479276 0.1625758 0.09386312 0.3479276 0.1327425 0.1327425 0.3479276 0.09386318 0.1625757 0.3479276 0.04858714 0.1813297 0.3479276 0 0.1877263 0.3479276 -0.04858714 0.1813297 0.3479276 -0.09386318 0.1625757 0.3479276 -0.1327425 0.1327425 0.3479276 -0.1625758 0.09386312 0.3479276 -0.1813297 0.04858708 0.3479276 -0.1877263 0 0.3479276 -0.1813297 -0.0485872 0.3479276 -0.1625758 -0.09386324 0.3479276 -0.1327425 -0.1327426 0.3479276 -0.09386318 -0.1625759 0.3479276 -0.04858714 -0.1813298 0.3479276 0 -0.1877264 0.3479276 0.04858714 -0.1813298 0.3479276 0.09386318 -0.1625759 0.3479276 0.1327425 -0.1327426 0.3479276 0.1625758 -0.09386324 0.3479276 0.1813297 -0.0485872 0.3479276 0.1841492 -0.04934263 0.3145647 0.1906452 0 0.3145647 0.1841492 0.04934251 0.3145647 0.1651036 0.09532254 0.3145647 0.1348065 0.1348065 0.3145647 0.0953226 0.1651036 0.3145647 0.04934257 0.1841491 0.3145647 0 0.1906452 0.3145647 -0.04934257 0.1841491 0.3145647 -0.0953226 0.1651036 0.3145647 -0.1348065 0.1348065 0.3145647 -0.1651036 0.09532254 0.3145647 -0.1841492 0.04934251 0.3145647 -0.1906452 0 0.3145647 -0.1841492 -0.04934263 0.3145647 -0.1651036 -0.09532266 0.3145647 -0.1348065 -0.1348066 0.3145647 -0.0953226 -0.1651037 0.3145647 -0.04934257 -0.1841492 0.3145647 0 -0.1906453 0.3145647 0.04934257 -0.1841492 0.3145647 0.0953226 -0.1651037 0.3145647 0.1348065 -0.1348066 0.3145647 0.1651036 -0.09532266 0.3145647 0.2318829 -0.05495727 0.3145647 0.2383065 0 0.3145647 0.2318829 0.05495721 0.3145647 0.2129585 0.1069517 0.3145647 0.1825534 0.1531804 0.3145647 0.1423068 0.1911512 0.3145647 0.09438842 0.2188169 0.3145647 0.04138135 0.2346861 0.3145647 -0.01385629 0.2379032 0.3145647 -0.06834709 0.2282952 0.3145647 -0.1191533 0.2063795 0.3145647 -0.1635358 0.1733378 0.3145647 -0.1991022 0.1309515 0.3145647 -0.2239349 0.08150559 0.3145647 -0.2366952 0.02766567 0.3145647 -0.2366952 -0.02766573 0.3145647 -0.2239349 -0.08150571 0.3145647 -0.1991022 -0.1309517 0.3145647 -0.1635358 -0.1733379 0.3145647 -0.1191533 -0.2063795 0.3145647 -0.06834709 -0.2282952 0.3145647 -0.01385629 -0.2379034 0.3145647 0.04138135 -0.2346861 0.3145647 0.09438842 -0.2188169 0.3145647 0.1423068 -0.1911513 0.3145647 0.1825534 -0.1531805 0.3145647 0.2129585 -0.1069518 0.3145647 0.2602115 -0.05939149 0.3336292 0.2669034 0 0.3336292 0.2602115 0.05939137 0.3336292 0.2404716 -0.115805 0.3336292 0.2086734 -0.1664116 0.3336292 0.1664115 -0.2086735 0.3336292 0.115805 -0.2404717 0.3336292 0.05939143 -0.2602116 0.3336292 0 -0.2669034 0.3336292 -0.05939143 -0.2602116 0.3336292 -0.115805 -0.2404717 0.3336292 -0.1664115 -0.2086735 0.3336292 -0.2086734 -0.1664116 0.3336292 -0.2404716 -0.115805 0.3336292 -0.2602115 -0.05939149 0.3336292 -0.2669034 0 0.3336292 -0.2602115 0.05939137 0.3336292 -0.2404716 0.115805 0.3336293 -0.2086734 0.1664115 0.3336293 -0.1664115 0.2086734 0.3336293 -0.115805 0.2404716 0.3336293 -0.05939143 0.2602115 0.3336293 0 0.2669033 0.3336293 0.05939143 0.2602115 0.3336293 0.115805 0.2404716 0.3336293 0.1664115 0.2086734 0.3336293 0.2086734 0.1664115 0.3336293 0.2404716 0.115805 0.3336293 0.3510001 -0.06764972 0.3336292 0.3574599 0 0.3336292 0.3510001 0.06764966 0.3336292 0.3318542 0.1328543 0.3336293 0.3007143 0.1932573 0.3336293 0.2587059 0.2466755 0.3336293 0.207347 0.2911782 0.3336293 0.1484942 0.3251569 0.3336293 0.08427435 0.3473836 0.3336293 0.0170086 0.3570549 0.3336293 -0.05087167 0.3538214 0.3336293 -0.1169137 0.3377998 0.3336293 -0.1787299 0.3095693 0.3336293 -0.2340864 0.2701501 0.3336293 -0.2809824 0.2209669 0.3336293 -0.317723 0.1637974 0.3336293 -0.3429802 0.100708 0.3336293 -0.3558412 0.03397864 0.3336292 -0.3558412 -0.03397876 0.3336292 -0.3429802 -0.1007081 0.3336292 -0.317723 -0.1637976 0.3336292 -0.2809824 -0.2209671 0.3336292 -0.2340864 -0.2701502 0.3336292 -0.1787299 -0.3095694 0.3336291 -0.1169137 -0.3377999 0.3336291 -0.05087167 -0.3538215 0.3336291 0.0170086 -0.357055 0.3336291 0.08427435 -0.3473837 0.3336291 0.1484942 -0.325157 0.3336291 0.207347 -0.2911783 0.3336291 0.2587059 -0.2466756 0.3336292 0.3007143 -0.1932575 0.3336292 0.3318542 -0.1328544 0.3336292 0.3510001 -0.06764972 0.2049435 0.3564201 -0.03302723 0.2012429 0.3574599 0 0.2049437 0.3564201 0.03302711 0.2012429 0.3510001 0.06764966 0.2049437 0.3442826 0.09795683 0.2012429 0.3318542 0.1328544 0.2049437 0.320421 0.1595507 0.2012429 0.3007143 0.1932573 0.2049437 0.2856479 0.2157112 0.2012429 0.2587059 0.2466755 0.2049437 0.2411473 0.264526 0.2012429 0.207347 0.2911782 0.2049437 0.1884348 0.3043327 0.2012429 0.1484942 0.3251569 0.2049437 0.1293054 0.3337757 0.201243 0.08427435 0.3473836 0.2049437 0.06577259 0.3518523 0.201243 0.0170086 0.357055 0.2049437 0 0.357947 0.201243 -0.05087167 0.3538214 0.2049437 -0.06577259 0.3518523 0.201243 -0.1169137 0.3377998 0.2049437 -0.1293054 0.3337757 0.201243 -0.1787299 0.3095693 0.2049437 -0.1884348 0.3043327 0.2012429 -0.2340864 0.2701501 0.2049437 -0.2411473 0.264526 0.2012429 -0.2809824 0.2209669 0.2049437 -0.2856479 0.2157112 0.2012429 -0.317723 0.1637974 0.2049437 -0.320421 0.1595507 0.2012429 -0.3429802 0.100708 0.2049437 -0.3442826 0.09795683 0.2012429 -0.3558412 0.03397864 0.2049437 -0.3564201 0.03302711 0.2012429 -0.3564201 -0.03302723 0.2012429 -0.3578425 0.03315877 0.1977944 -0.3578425 -0.03315883 0.1977944 -0.360105 0.03336846 0.1948332 -0.360105 -0.03336852 0.1948332 -0.3630537 0.03364181 0.1925609 -0.3630537 -0.03364187 0.1925609 -0.3664875 0.03396004 0.1911324 -0.3664875 -0.0339601 0.1911324 -0.3700749 -0.03533786 0.1906452 -0.3540072 -0.1007238 0.1911324 -0.3566994 -0.1047364 0.1906452 -0.3294716 -0.1640574 0.1911324 -0.3304319 -0.1703495 0.1906452 -0.2937163 -0.2218042 0.1911324 -0.2922217 -0.2298057 0.1906452 -0.2479587 -0.2719979 0.1911324 -0.2434499 -0.2809562 0.1906452 -0.1937574 -0.3129289 0.1911324 -0.1858791 -0.3219521 0.1906452 -0.1329576 -0.3432035 0.1911324 -0.1215902 -0.3513119 0.1906452 -0.06763041 -0.3617907 0.1911324 -0.05290669 -0.3679743 0.1906452 0 -0.3680576 0.1911324 0.01768893 -0.3713372 0.1906452 0.06763041 -0.3617907 0.1911324 0.08764535 -0.361279 0.1906452 0.1329576 -0.3432035 0.1911324 0.1544339 -0.3381633 0.1906452 0.1937574 -0.3129289 0.1911324 0.2156409 -0.3028253 0.1906452 0.2479587 -0.2719979 0.1911324 0.2690541 -0.2565426 0.1906452 0.2937163 -0.2218042 0.1911324 0.312743 -0.2009876 0.1906452 0.3294716 -0.1640574 0.1911324 0.3451284 -0.1381686 0.1906452 0.3540072 -0.1007238 0.1911324 0.3650401 -0.07035571 0.1906452 0.3664875 -0.0339601 0.1911324 0.3717583 0 0.1906452 0.3664875 0.03396004 0.1911324 0.3650401 0.07035565 0.1906452 0.3540072 0.1007237 0.1911324 0.3451284 0.1381685 0.1906453 0.3294716 0.1640573 0.1911324 0.312743 0.2009876 0.1906453 0.2937163 0.2218042 0.1911324 0.2690541 0.2565425 0.1906453 0.2479587 0.2719978 0.1911325 0.2156409 0.3028253 0.1906453 0.1937574 0.3129288 0.1911325 0.1544339 0.3381632 0.1906453 0.1329576 0.3432034 0.1911325 0.08764535 0.361279 0.1906453 0.06763041 0.3617907 0.1911325 0.01768893 0.3713371 0.1906453 0 0.3680575 0.1911325 -0.05290669 0.3679742 0.1906453 -0.06763041 0.3617907 0.1911325 -0.1215902 0.3513118 0.1906453 -0.1329576 0.3432034 0.1911325 -0.1858791 0.3219521 0.1906453 -0.1937574 0.3129288 0.1911325 -0.2434499 0.2809561 0.1906453 -0.2479587 0.2719978 0.1911325 -0.2922217 0.2298057 0.1906453 -0.2937163 0.2218042 0.1911324 -0.3304319 0.1703494 0.1906453 -0.3294716 0.1640573 0.1911324 -0.3566994 0.1047363 0.1906452 -0.3540072 0.1007237 0.1911324 -0.3700749 0.0353378 0.1906452 0.3442826 -0.09795689 0.2012429 0.3318542 -0.1328544 0.2049435 0.320421 -0.1595507 0.2012429 0.3007143 -0.1932574 0.2049435 0.2856479 -0.2157112 0.2012429 0.2587059 -0.2466756 0.2049435 0.2411473 -0.2645261 0.2012429 0.207347 -0.2911782 0.2049435 0.1884348 -0.3043328 0.2012429 0.1484942 -0.3251569 0.2049435 0.1293054 -0.3337758 0.2012429 0.08427435 -0.3473837 0.2049435 0.06577259 -0.3518524 0.2012429 0.0170086 -0.357055 0.2049435 0 -0.3579471 0.2012429 -0.05087167 -0.3538215 0.2049435 -0.06577259 -0.3518524 0.2012429 -0.1169137 -0.3377999 0.2049435 -0.1293054 -0.3337758 0.2012429 -0.1787299 -0.3095694 0.2049435 -0.1884348 -0.3043328 0.2012429 -0.2340864 -0.2701502 0.2049435 -0.2411473 -0.2645261 0.2012429 -0.2809824 -0.2209669 0.2049435 -0.2856479 -0.2157112 0.2012429 -0.317723 -0.1637976 0.2049435 -0.320421 -0.1595507 0.2012429 -0.3429802 -0.1007081 0.2049435 -0.3442826 -0.09795689 0.2012429 -0.3558412 -0.0339787 0.2049437 0 -0.3593755 0.1977944 0.06603509 -0.3532565 0.1977944 0.1298214 -0.3351077 0.1977944 0.1891868 -0.3055472 0.1977944 0.2421097 -0.2655817 0.1977944 0.2867878 -0.2165721 0.1977944 0.3216997 -0.1601874 0.1977944 0.3456565 -0.09834778 0.1977944 0.3578425 -0.03315883 0.1977944 0.3578425 0.03315877 0.1977944 0.3456565 0.09834772 0.1977944 0.3216997 0.1601874 0.1977944 0.2867878 0.2165721 0.1977944 0.2421097 0.2655816 0.1977944 0.1891868 0.3055472 0.1977944 0.1298214 0.3351076 0.1977944 0.06603509 0.3532564 0.1977944 0 0.3593754 0.1977944 -0.06603509 0.3532564 0.1977944 -0.1298214 0.3351076 0.1977944 -0.1891868 0.3055472 0.1977944 -0.2421097 0.2655816 0.1977944 -0.2867878 0.2165721 0.1977944 -0.3216997 0.1601874 0.1977944 -0.3456565 0.09834772 0.1977944 0 -0.3616478 0.194833 0.06645256 -0.35549 0.194833 0.1306422 -0.3372265 0.194833 0.190383 -0.3074792 0.194833 0.2436406 -0.2672609 0.194833 0.2886011 -0.2179415 0.194833 0.3237338 -0.1612003 0.194833 0.3478421 -0.09896963 0.194833 0.360105 -0.03336852 0.1948332 0.360105 0.03336846 0.1948332 0.3478421 0.09896957 0.1948332 0.3237338 0.1612002 0.1948332 0.2886011 0.2179414 0.1948332 0.2436406 0.2672609 0.1948332 0.190383 0.3074791 0.1948332 0.1306422 0.3372265 0.1948332 0.06645256 0.35549 0.1948332 0 0.3616477 0.1948332 -0.06645256 0.35549 0.1948332 -0.1306422 0.3372265 0.1948332 -0.190383 0.3074791 0.1948332 -0.2436406 0.2672609 0.1948332 -0.2886011 0.2179414 0.1948332 -0.3237338 0.1612002 0.1948332 -0.3478421 0.09896957 0.1948332 -0.06603509 -0.3532565 0.1977944 -0.1298214 -0.3351077 0.1977944 -0.1891868 -0.3055472 0.1977944 -0.2421097 -0.2655817 0.1977944 -0.2867878 -0.2165721 0.1977944 -0.3216997 -0.1601874 0.1977944 -0.3456565 -0.09834778 0.1977944 0 -0.3646091 0.1925608 0.06699675 -0.3584009 0.1925608 0.131712 -0.3399879 0.1925608 0.1919419 -0.3099969 0.1925608 0.2456355 -0.2694494 0.1925608 0.2909643 -0.219726 0.1925608 0.3263846 -0.1625202 0.1925608 0.3506903 -0.09978002 0.1925608 0.3630537 -0.03364187 0.1925609 0.3630537 0.03364181 0.1925609 0.3506903 0.09977996 0.1925609 0.3263846 0.1625202 0.1925609 0.2909643 0.219726 0.1925609 0.2456355 0.2694493 0.1925609 0.1919419 0.3099969 0.1925609 0.131712 0.3399878 0.1925609 0.06699675 0.3584008 0.1925609 0 0.364609 0.1925609 -0.06699675 0.3584008 0.1925609 -0.131712 0.3399878 0.1925609 -0.1919419 0.3099969 0.1925609 -0.2456355 0.2694493 0.1925609 -0.2909643 0.219726 0.1925609 -0.3263846 0.1625202 0.1925609 -0.3506903 0.09977996 0.1925609 -0.06645256 -0.35549 0.194833 -0.1306422 -0.3372265 0.194833 -0.190383 -0.3074792 0.194833 -0.2436406 -0.2672609 0.194833 -0.2886011 -0.2179415 0.194833 -0.3237338 -0.1612003 0.194833 -0.3478421 -0.09896963 0.194833 -0.06699675 -0.3584009 0.1925608 -0.131712 -0.3399879 0.1925608 -0.1919419 -0.3099969 0.1925608 -0.2456355 -0.2694494 0.1925608 -0.2909643 -0.219726 0.1925608 -0.3263846 -0.1625202 0.1925608 -0.3506903 -0.09978002 0.1925608 -0.5221897 -0.08486407 0.1906452 -0.5290406 0 0.1906452 -0.5221897 0.08486402 0.1906452 -0.5018143 0.1675302 0.1906453 -0.4684422 0.2458574 0.1906453 -0.4229377 0.317817 0.1906453 -0.3664793 0.3815454 0.1906453 -0.3005293 0.4353919 0.1906453 -0.2267957 0.477962 0.1906453 -0.1471883 0.508153 0.1906453 -0.06376874 0.5251833 0.1906453 0.02130228 0.5286115 0.1906453 0.1058217 0.518349 0.1906453 0.1876003 0.4946615 0.1906453 0.2645203 0.4581626 0.1906453 0.3345893 0.4097974 0.1906453 0.3959925 0.3508188 0.1906453 0.4471399 0.2827541 0.1906453 0.4867065 0.2073662 0.1906453 0.5136677 0.1266077 0.1906452 0.5273251 0.04257005 0.1906452 0.5273251 -0.04257011 0.1906452 0.5136677 -0.1266077 0.1906452 0.4867065 -0.2073662 0.1906452 0.4471399 -0.2827541 0.1906452 0.3959925 -0.3508189 0.1906452 0.3345893 -0.4097975 0.1906452 0.2645203 -0.4581626 0.1906452 0.1876003 -0.4946616 0.1906452 0.1058217 -0.5183491 0.1906452 0.02130228 -0.5286116 0.1906452 -0.06376874 -0.5251834 0.1906452 -0.1471883 -0.5081532 0.1906452 -0.2267957 -0.477962 0.1906452 -0.3005293 -0.4353919 0.1906452 -0.3664793 -0.3815454 0.1906452 -0.4229377 -0.3178171 0.1906452 -0.4684422 -0.2458574 0.1906452 -0.5018143 -0.1675302 0.1906452 -0.5891122 -0.08879435 0.1239194 -0.5918333 -0.04435163 0.1411893 -0.5957664 0 0.1239194 -0.5918333 0.04435157 0.1411893 -0.5891122 0.08879435 0.1239194 -0.5786127 0.1320645 0.1411893 -0.5692982 0.1756052 0.1239194 -0.5524669 0.2168272 0.1411893 -0.536767 0.2584933 0.1239194 -0.5139799 0.2967464 0.1411893 -0.4922453 0.3356072 0.1239194 -0.4640113 0.3700367 0.1411893 -0.4367277 0.405224 0.1239194 -0.4036777 0.435061 0.1411893 -0.3714543 0.465789 0.1239194 -0.3343264 0.4903668 0.1411893 -0.2978832 0.5159489 0.1239195 -0.2575069 0.5347186 0.1411893 -0.2176579 0.5545834 0.1239195 -0.1749351 0.5671256 0.1411893 -0.1325705 0.5808293 0.1239195 -0.08845549 0.586864 0.1411893 -0.04452157 0.5941005 0.1239195 0 0.5934928 0.1411893 0.04452157 0.5941005 0.1239195 0.08845549 0.586864 0.1411893 0.1325705 0.5808293 0.1239195 0.1749351 0.5671256 0.1411893 0.2176579 0.5545834 0.1239195 0.2575069 0.5347186 0.1411893 0.2978832 0.5159489 0.1239195 0.3343264 0.4903668 0.1411893 0.3714543 0.465789 0.1239194 0.4036777 0.435061 0.1411893 0.4367277 0.405224 0.1239194 0.4640113 0.3700367 0.1411893 0.4922453 0.3356072 0.1239194 0.5139799 0.2967464 0.1411893 0.536767 0.2584933 0.1239194 0.5524669 0.2168272 0.1411893 0.5692982 0.1756052 0.1239194 0.5786127 0.1320645 0.1411893 0.5891122 0.08879435 0.1239194 0.5918333 0.04435157 0.1411893 0.5957664 0 0.1239194 0.5918333 -0.04435163 0.1411893 0.5891122 -0.08879435 0.1239194 0.5786127 -0.1320646 0.1411893 0.5692982 -0.1756052 0.1239194 0.5524669 -0.2168273 0.1411893 0.536767 -0.2584934 0.1239193 0.5139799 -0.2967464 0.1411893 0.4922453 -0.3356072 0.1239193 0.4640113 -0.3700367 0.1411893 0.4367277 -0.4052241 0.1239193 0.4036777 -0.435061 0.1411892 0.3714543 -0.465789 0.1239193 0.3343264 -0.4903668 0.1411892 0.2978832 -0.5159489 0.1239193 0.2575069 -0.5347186 0.1411892 0.2176579 -0.5545834 0.1239193 0.1749351 -0.5671256 0.1411892 0.1325705 -0.5808293 0.1239193 0.08845549 -0.586864 0.1411892 0.04452157 -0.5941005 0.1239193 0 -0.5934928 0.1411892 -0.04452157 -0.5941005 0.1239193 -0.08845549 -0.586864 0.1411892 -0.1325705 -0.5808293 0.1239193 -0.1749351 -0.5671256 0.1411892 -0.2176579 -0.5545834 0.1239193 -0.2575069 -0.5347186 0.1411892 -0.2978832 -0.5159489 0.1239193 -0.3343264 -0.4903668 0.1411892 -0.3714543 -0.465789 0.1239193 -0.4036777 -0.435061 0.1411892 -0.4367277 -0.4052241 0.1239193 -0.4640113 -0.3700367 0.1411893 -0.4922453 -0.3356072 0.1239193 -0.5139799 -0.2967464 0.1411893 -0.536767 -0.2584934 0.1239193 -0.5524669 -0.2168273 0.1411893 -0.5692982 -0.1756052 0.1239194 -0.5786127 -0.1320646 0.1411893 -0.5447829 0.04082578 0.1883715 -0.5447829 -0.04082584 0.1883715 -0.5326134 -0.1215655 0.1883715 -0.5085462 -0.1995896 0.1883715 -0.4731188 -0.2731553 0.1883715 -0.4271227 -0.340619 0.1883715 -0.3715856 -0.400474 0.1883715 -0.3077477 -0.4513829 0.1883715 -0.2370352 -0.4922088 0.1883715 -0.3168132 -0.4646796 0.1817056 -0.2440177 -0.5067081 0.1817056 -0.3245979 -0.4760977 0.1711016 -0.2500137 -0.5191589 0.1711016 -0.3305714 -0.4848592 0.1572822 -0.2546147 -0.5287128 0.1572822 -0.5326134 0.1215655 0.1883715 -0.5085462 0.1995896 0.1883715 -0.4731188 0.2731552 0.1883717 -0.4271227 0.340619 0.1883717 -0.3715856 0.400474 0.1883717 -0.3077477 0.4513829 0.1883717 -0.2370352 0.4922087 0.1883717 -0.1610279 0.5220394 0.1883717 -0.1657713 0.5374175 0.1817058 -0.08382189 0.556122 0.1817058 -0.08588153 0.569787 0.1711018 0 0.5762228 0.1711018 0 0.5868269 0.1572824 0.08746194 0.5802726 0.1572824 -0.08142334 0.5402086 0.1883717 0 0.5624036 0.1817058 0.08588153 0.569787 0.1711018 0.1729702 0.5607558 0.1572824 0 0.5463105 0.1883717 0.08382189 0.556122 0.1817058 0.1698446 0.5506229 0.1711018 0.2546147 0.5287128 0.1572824 0.08142334 0.5402086 0.1883717 0.1657713 0.5374175 0.1817058 0.2500137 0.5191589 0.1711018 0.3305714 0.4848591 0.1572824 0.1610279 0.5220394 0.1883717 0.2440177 0.5067081 0.1817058 0.3245979 0.4760977 0.1711018 0.3991436 0.4301745 0.1572824 0.2370352 0.4922087 0.1883717 0.3168132 0.4646795 0.1817058 0.3919311 0.4224013 0.1711018 0.4587997 0.3658806 0.1572824 0.3077477 0.4513829 0.1883717 0.3825315 0.4122709 0.1817058 0.4505092 0.359269 0.1711017 0.508207 0.2934134 0.1572824 0.3715856 0.400474 0.1883717 0.4397047 0.3506528 0.1817057 0.4990237 0.2881114 0.1711017 0.5462617 0.2143919 0.1572824 0.4271227 0.340619 0.1883717 0.4870557 0.2812017 0.1817057 0.5363908 0.2105178 0.1711017 0.5721139 0.1305812 0.1572823 0.4731188 0.2731552 0.1883717 0.5235267 0.205469 0.1817057 0.5617758 0.1282216 0.1711017 0.585186 0.04385358 0.1572823 0.5085462 0.1995896 0.1883715 0.5483029 0.1251465 0.1817057 0.5746117 0.04306101 0.1711016 0.585186 -0.04385358 0.1572823 0.5326134 0.1215655 0.1883715 0.560831 0.0420283 0.1817057 0.5746117 -0.04306107 0.1711016 0.5721139 -0.1305813 0.1572823 0.5447829 0.04082578 0.1883715 0.560831 -0.04202836 0.1817057 0.5617758 -0.1282217 0.1711016 0.5462617 -0.214392 0.1572823 0.5447829 -0.04082584 0.1883715 0.5483029 -0.1251466 0.1817057 0.5363908 -0.2105179 0.1711016 0.508207 -0.2934135 0.1572822 0.5326134 -0.1215655 0.1883715 0.5085462 -0.1995896 0.1883715 0.4731188 -0.2731553 0.1883715 0.4271227 -0.340619 0.1883715 0.3715856 -0.400474 0.1883715 0.3077477 -0.4513829 0.1883715 0.2370352 -0.4922088 0.1883715 0.1610279 -0.5220395 0.1883715 0.08142334 -0.5402088 0.1883715 0 -0.5463106 0.1883715 -0.08142334 -0.5402088 0.1883715 -0.1610279 -0.5220395 0.1883715 -0.08746194 0.5802726 0.1572824 -0.1698446 0.5506229 0.1711018 -0.2440177 0.5067081 0.1817058 -0.585186 -0.04385358 0.1572823 -0.585186 0.04385358 0.1572823 -0.5721139 0.1305812 0.1572823 -0.5462617 0.2143919 0.1572824 -0.508207 0.2934134 0.1572824 -0.4587997 0.3658806 0.1572824 -0.3991436 0.4301745 0.1572824 -0.3305714 0.4848591 0.1572824 -0.2546147 0.5287128 0.1572824 -0.1729702 0.5607558 0.1572824 -0.5746117 -0.04306107 0.1711016 -0.5746117 0.04306101 0.1711016 -0.5617758 0.1282216 0.1711017 -0.5363908 0.2105178 0.1711017 -0.4990237 0.2881114 0.1711017 -0.4505092 0.359269 0.1711017 -0.3919311 0.4224013 0.1711018 -0.3245979 0.4760977 0.1711018 -0.2500137 0.5191589 0.1711018 -0.5721139 -0.1305813 0.1572823 -0.5462617 -0.214392 0.1572823 -0.508207 -0.2934135 0.1572822 -0.4587997 -0.3658806 0.1572822 -0.3991436 -0.4301745 0.1572822 -0.560831 -0.04202836 0.1817057 -0.560831 0.0420283 0.1817057 -0.5483029 0.1251465 0.1817057 -0.5235267 0.205469 0.1817057 -0.4870557 0.2812017 0.1817057 -0.4397047 0.3506528 0.1817057 -0.3825315 0.4122709 0.1817058 -0.3168132 0.4646795 0.1817058 -0.5617758 -0.1282217 0.1711016 -0.5363908 -0.2105179 0.1711016 -0.4990237 -0.2881115 0.1711016 -0.4505092 -0.3592691 0.1711016 -0.3919311 -0.4224013 0.1711016 -0.5483029 -0.1251466 0.1817057 -0.5235267 -0.2054691 0.1817057 -0.4870557 -0.2812018 0.1817057 -0.4397047 -0.3506529 0.1817056 -0.3825315 -0.412271 0.1817056 -0.1729702 -0.5607558 0.1572822 -0.08746194 -0.5802726 0.1572822 0 -0.5868269 0.1572822 0.08746194 -0.5802726 0.1572822 0.1729702 -0.5607558 0.1572822 0.2546147 -0.5287128 0.1572822 0.3305714 -0.4848592 0.1572822 0.3991436 -0.4301745 0.1572822 0.4587997 -0.3658806 0.1572822 -0.1698446 -0.5506229 0.1711016 -0.08588153 -0.569787 0.1711016 0 -0.5762228 0.1711016 0.08588153 -0.569787 0.1711016 0.1698446 -0.5506229 0.1711016 0.2500137 -0.5191589 0.1711016 0.3245979 -0.4760977 0.1711016 0.3919311 -0.4224013 0.1711016 0.4505092 -0.3592691 0.1711016 0.4990237 -0.2881115 0.1711016 -0.1657713 -0.5374175 0.1817056 -0.08382189 -0.556122 0.1817056 0 -0.5624036 0.1817056 0.08382189 -0.556122 0.1817056 0.1657713 -0.5374175 0.1817056 0.2440177 -0.5067081 0.1817056 0.3168132 -0.4646796 0.1817056 0.3825315 -0.412271 0.1817056 0.4397047 -0.3506529 0.1817056 0.4870557 -0.2812018 0.1817057 0.5235267 -0.2054691 0.1817057 -0.5891122 -0.08879435 0.01906448 -0.5957664 0 0.01906448 -0.5891122 0.08879435 0.01906454 -0.5692982 0.1756052 0.01906454 -0.536767 0.2584934 0.01906454 -0.4922453 0.3356072 0.01906454 -0.4367277 0.4052241 0.01906454 -0.3714543 0.465789 0.0190646 -0.2978832 0.5159489 0.0190646 -0.2176579 0.5545834 0.0190646 -0.1325705 0.5808293 0.0190646 -0.04452157 0.5941005 0.0190646 0.04452157 0.5941005 0.0190646 0.1325705 0.5808293 0.0190646 0.2176579 0.5545834 0.0190646 0.2978832 0.5159489 0.0190646 0.3714543 0.465789 0.0190646 0.4367277 0.4052241 0.01906454 0.4922453 0.3356072 0.01906454 0.536767 0.2584934 0.01906454 0.5692982 0.1756052 0.01906454 0.5891122 0.08879435 0.01906454 0.5957664 0 0.01906448 0.5891122 -0.08879435 0.01906448 0.5692982 -0.1756052 0.01906448 0.536767 -0.2584934 0.01906448 0.4922453 -0.3356072 0.0190643 0.4367277 -0.4052241 0.0190643 0.3714543 -0.465789 0.0190643 0.2978832 -0.5159489 0.0190643 0.2176579 -0.5545834 0.0190643 0.1325705 -0.5808293 0.0190643 0.04452157 -0.5941005 0.0190643 -0.04452157 -0.5941005 0.0190643 -0.1325705 -0.5808293 0.0190643 -0.2176579 -0.5545834 0.0190643 -0.2978832 -0.5159489 0.0190643 -0.3714543 -0.465789 0.0190643 -0.4367277 -0.4052241 0.0190643 -0.4922453 -0.3356072 0.0190643 -0.536767 -0.2584934 0.01906448 -0.5692982 -0.1756052 0.01906448 -0.5699432 -0.08803308 0 -0.5800098 -0.04346573 6.49617e-4 -0.5767019 0 0 -0.5800098 0.04346573 6.49631e-4 -0.5699432 0.08803308 0 -0.5670534 0.1294262 6.49645e-4 -0.5498255 0.1740028 0 -0.5414299 0.2124955 6.49658e-4 -0.5168204 0.2558941 0 -0.5037117 0.2908181 6.49671e-4 -0.4717014 0.3317874 0 -0.4547415 0.3626442 6.49683e-4 -0.4155262 0.3999038 0 -0.3956131 0.4263695 6.49693e-4 -0.3496114 0.458647 0 -0.3276473 0.4805704 6.49702e-4 -0.2755019 0.5066397 0 -0.2523624 0.5240361 6.49709e-4 -0.1949349 0.5427573 0 -0.1714403 0.5557957 6.49714e-4 -0.1097989 0.5661531 0 -0.08668833 0.5751398 6.49717e-4 -0.02208924 0.5762788 0 0 0.5816362 6.49718e-4 0.06613808 0.5728969 0 0.08668833 0.5751398 6.49717e-4 0.1528153 0.5560868 0 0.1714403 0.5557957 6.49714e-4 0.2359107 0.5262426 0 0.2523624 0.5240361 6.49709e-4 0.3134765 0.4840636 0 0.3276473 0.4805704 6.49702e-4 0.3836946 0.4305387 0 0.3956131 0.4263695 6.49693e-4 0.4449193 0.3669223 0 0.4547415 0.3626442 6.49683e-4 0.4957154 0.2947055 0 0.5037117 0.2908181 6.49671e-4 0.5348925 0.2155809 0 0.5414299 0.2124955 6.49658e-4 0.5615321 0.1314035 0 0.5670534 0.1294262 6.49645e-4 0.5750098 0.04414606 0 0.5800098 0.04346573 6.49631e-4 0.5800098 -0.04346573 6.49617e-4 0.584595 0.04380929 0.002554059 0.584595 -0.04380929 0.002554059 0.5885323 0.04410427 0.005583763 0.5885323 -0.04410427 0.005583763 0.5915535 0.04433065 0.009532213 0.5915535 -0.04433065 0.009532213 0.5934528 0.04447311 0.01413023 0.5934528 -0.04447311 0.01413023 -0.5670534 -0.1294262 6.49603e-4 -0.5498255 -0.1740028 0 -0.5414299 -0.2124955 6.49589e-4 -0.5168204 -0.2558941 0 -0.5037117 -0.2908181 6.49576e-4 -0.4717014 -0.3317874 0 -0.4547415 -0.3626442 6.49565e-4 -0.4155262 -0.3999038 0 -0.3956131 -0.4263695 6.49554e-4 -0.3496114 -0.458647 0 -0.3276473 -0.4805704 6.49545e-4 -0.2755019 -0.5066397 0 -0.2523624 -0.5240361 6.49538e-4 -0.1949349 -0.5427573 0 -0.1714403 -0.5557957 6.49533e-4 -0.1097989 -0.5661531 0 -0.08668833 -0.5751398 6.4953e-4 -0.02208924 -0.5762788 0 0 -0.5816362 6.49529e-4 0.06613808 -0.5728969 0 0.08668833 -0.5751398 6.4953e-4 0.1528153 -0.5560868 0 0.1714403 -0.5557957 6.49533e-4 0.2359107 -0.5262426 0 0.2523624 -0.5240361 6.49538e-4 0.3134765 -0.4840636 0 0.3276473 -0.4805704 6.49545e-4 0.3836946 -0.4305387 0 0.3956131 -0.4263695 6.49554e-4 0.4449193 -0.3669223 0 0.4547415 -0.3626442 6.49565e-4 0.4957154 -0.2947055 0 0.5037117 -0.2908181 6.49576e-4 0.5348925 -0.2155809 0 0.5414299 -0.2124955 6.49589e-4 0.5615321 -0.1314035 0 0.5670534 -0.1294262 6.49603e-4 0.5750098 -0.04414606 0 -0.5934528 0.04447311 0.01413023 -0.5934528 -0.04447311 0.01413023 -0.580196 -0.1324259 0.01413005 -0.5539786 -0.2174205 0.01413005 -0.5153863 -0.2975584 0.01413005 -0.465281 -0.3710493 0.01413005 -0.4047823 -0.4362515 0.01413005 -0.3352413 -0.4917086 0.01412999 -0.2582115 -0.5361818 0.01412999 -0.1754137 -0.5686775 0.01412999 -0.08869755 -0.5884699 0.01412999 0 -0.5951169 0.01412999 0.08869755 -0.5884699 0.01412999 0.1754137 -0.5686775 0.01412999 0.2582115 -0.5361818 0.01412999 0.3352413 -0.4917086 0.01412999 0.4047823 -0.4362515 0.01413005 0.465281 -0.3710493 0.01413005 0.5153863 -0.2975584 0.01413005 0.5539786 -0.2174205 0.01413005 0.580196 -0.1324259 0.01413005 -0.580196 0.1324259 0.01413023 -0.5539786 0.2174205 0.01413023 -0.5153863 0.2975584 0.01413029 -0.465281 0.3710493 0.01413029 -0.4047823 0.4362515 0.01413029 -0.3352413 0.4917086 0.01413029 -0.2582115 0.5361818 0.01413029 -0.1754137 0.5686775 0.01413029 -0.08869755 0.5884699 0.01413029 0 0.5951169 0.01413029 0.08869755 0.5884699 0.01413029 0.1754137 0.5686775 0.01413029 0.2582115 0.5361818 0.01413029 0.3352413 0.4917086 0.01413029 0.4047823 0.4362515 0.01413029 0.465281 0.3710493 0.01413029 0.5153863 0.2975584 0.01413029 0.5539786 0.2174205 0.01413023 0.580196 0.1324259 0.01413023 0 0.5862342 0.002554178 0.08737367 0.5796864 0.002554178 0.1727955 0.5601894 0.002554178 0.2543575 0.5281788 0.002554178 0.3302375 0.4843694 0.002554178 0.3987405 0.42974 0.002554178 0.4583363 0.3655111 0.002554178 0.5076937 0.2931171 0.002554178 0.54571 0.2141754 0.002554178 0.5715361 0.1304492 0.002554178 0 0.5901826 0.005583882 0.08796215 0.5835908 0.005583882 0.1739593 0.5639625 0.005583882 0.2560706 0.5317361 0.005583882 0.3324617 0.4876317 0.005583882 0.4014261 0.4326344 0.005583882 0.4614233 0.3679728 0.005583882 0.5111131 0.2950913 0.005583882 0.5493855 0.2156178 0.005583882 0.5753855 0.1313279 0.005583763 -0.08737367 0.5796864 0.002554178 -0.1727955 0.5601894 0.002554178 -0.2543575 0.5281788 0.002554178 -0.3302375 0.4843694 0.002554178 -0.3987405 0.42974 0.002554178 -0.4583363 0.3655111 0.002554178 -0.5076937 0.2931171 0.002554178 -0.54571 0.2141754 0.002554178 -0.5715361 0.1304492 0.002554178 -0.584595 0.04380929 0.002554059 -0.584595 -0.04380929 0.002554059 -0.5715361 -0.1304492 0.002554059 -0.54571 -0.2141754 0.002554059 -0.5076937 -0.2931171 0.002554059 -0.4583363 -0.3655111 0.002554059 -0.3987405 -0.42974 0.002554059 -0.3302375 -0.4843694 0.002554059 -0.2543575 -0.5281788 0.002554059 -0.1727955 -0.5601894 0.002554059 -0.08737367 -0.5796864 0.002554059 0 -0.5862342 0.002554059 0.08737367 -0.5796864 0.002554059 0.1727955 -0.5601894 0.002554059 0.2543575 -0.5281788 0.002554059 0.3302375 -0.4843694 0.002554059 0.3987405 -0.42974 0.002554059 0.4583363 -0.3655111 0.002554059 0.5076937 -0.2931171 0.002554059 0.54571 -0.2141754 0.002554059 0.5715361 -0.1304492 0.002554059 0 0.5932123 0.009532332 0.08841365 0.5865866 0.009532332 0.1748524 0.5668575 0.009532332 0.2573851 0.5344658 0.009532332 0.3341683 0.490135 0.009532332 0.4034868 0.4348554 0.009532332 0.463792 0.3698618 0.009532272 0.5137369 0.2966061 0.009532272 0.5522057 0.2167248 0.009532272 0.5783392 0.1320021 0.009532272 -0.08796215 0.5835908 0.005583882 -0.1739593 0.5639625 0.005583882 -0.2560706 0.5317361 0.005583882 -0.3324617 0.4876317 0.005583882 -0.4014261 0.4326344 0.005583882 -0.4614233 0.3679728 0.005583882 -0.5111131 0.2950913 0.005583882 -0.5493855 0.2156178 0.005583882 -0.5753855 0.1313279 0.005583763 -0.5885323 0.04410427 0.005583763 -0.5885323 -0.04410427 0.005583763 -0.5753855 -0.1313279 0.005583763 -0.5493855 -0.2156178 0.005583763 -0.5111131 -0.2950913 0.005583763 -0.4614233 -0.3679728 0.005583763 -0.4014261 -0.4326344 0.005583763 -0.3324617 -0.4876317 0.005583763 -0.2560706 -0.5317361 0.005583763 -0.1739593 -0.5639625 0.005583763 -0.08796215 -0.5835908 0.005583703 0 -0.5901826 0.005583703 0.08796215 -0.5835908 0.005583703 0.1739593 -0.5639625 0.005583763 0.2560706 -0.5317361 0.005583763 0.3324617 -0.4876317 0.005583763 0.4014261 -0.4326344 0.005583763 0.4614233 -0.3679728 0.005583763 0.5111131 -0.2950913 0.005583763 0.5493855 -0.2156178 0.005583763 0.5753855 -0.1313279 0.005583763 -0.08841365 0.5865866 0.009532332 -0.1748524 0.5668575 0.009532332 -0.2573851 0.5344658 0.009532332 -0.3341683 0.490135 0.009532332 -0.4034868 0.4348554 0.009532332 -0.463792 0.3698618 0.009532272 -0.5137369 0.2966061 0.009532272 -0.5522057 0.2167248 0.009532272 -0.5783392 0.1320021 0.009532272 -0.5915535 0.04433065 0.009532213 -0.5915535 -0.04433065 0.009532213 -0.5783392 -0.1320021 0.009532213 -0.5522057 -0.2167248 0.009532213 -0.5137369 -0.2966061 0.009532213 -0.463792 -0.3698618 0.009532153 -0.4034868 -0.4348554 0.009532153 -0.3341683 -0.490135 0.009532153 -0.2573851 -0.5344658 0.009532153 -0.1748524 -0.5668575 0.009532153 -0.08841365 -0.5865866 0.009532153 0 -0.5932123 0.009532153 0.08841365 -0.5865866 0.009532153 0.1748524 -0.5668575 0.009532153 0.2573851 -0.5344658 0.009532153 0.3341683 -0.490135 0.009532153 0.4034868 -0.4348554 0.009532153 0.463792 -0.3698618 0.009532153 0.5137369 -0.2966061 0.009532213 0.5522057 -0.2167248 0.009532213 0.5783392 -0.1320021 0.009532213 0.02383065 -0.3574599 0.3336291 0 -0.3574599 0.3336291 0.02383065 -0.5242745 0.1906452 -0.0244233 -0.5242745 0.1906452 -0.0244233 -0.3574599 0.3336291 0.007948756 -0.3573715 0.3336291 0.01589351 -0.3571064 0.3336291 0.02383065 -0.3566647 0.3336291 -0.008146703 -0.3573671 0.3336291 -0.01628923 -0.3570886 0.3336291 -0.0244233 -0.3566246 0.3336291 0.02383065 -0.3566647 0.1906452 -0.0244233 -0.3566246 0.1906452 0.007750809 -0.3573759 0.1906452 -0.00834465 -0.3573625 0.1906452 -0.2115154 -0.2891483 0.3336291 -0.2297707 -0.2738302 0.3336292 -0.3187418 -0.4169356 0.1906452 -0.3557065 -0.3859186 0.1906452 -0.2484801 -0.2581312 0.3336292 -0.2236248 -0.2788719 0.3336291 -0.2173683 -0.2837756 0.3336291 -0.2110041 -0.2885391 0.3336291 -0.2359519 -0.2685224 0.3336292 -0.2420104 -0.2630752 0.3336292 -0.2479432 -0.2574913 0.3336292 -0.2110041 -0.2885391 0.1906452 -0.2479432 -0.2574912 0.1906452 -0.2237793 -0.2787479 0.1906452 -0.2361006 -0.2683917 0.1906452 -0.3478911 -0.08554089 0.3336292 -0.3520292 -0.06207215 0.3336292 -0.5121715 -0.1145079 0.1906452 -0.5205507 -0.06698703 0.1906452 -0.3562703 -0.03802001 0.3336292 -0.3505619 -0.06988495 0.3336292 -0.3489212 -0.07766312 0.3336292 -0.3471079 -0.08540284 0.3336292 -0.3533525 -0.05403316 0.3336292 -0.3544921 -0.04596585 0.3336292 -0.3554477 -0.03787481 0.3336292 -0.3471079 -0.08540278 0.1906452 -0.3554477 -0.03787481 0.1906452 -0.3506006 -0.06969076 0.1906452 -0.3533824 -0.05383729 0.1906452 -0.3214847 0.1580919 0.3336293 -0.3095694 0.1787298 0.3336293 -0.4659504 0.2414992 0.1906453 -0.4418234 0.2832884 0.1906453 -0.2973577 0.1998811 0.3336293 -0.3134672 0.1718018 0.3336293 -0.31721 0.1647888 0.3336293 -0.320796 0.1576943 0.3336293 -0.3054155 0.1857388 0.3336293 -0.3011031 0.1926511 0.3336293 -0.2966343 0.1994634 0.3336293 -0.320796 0.1576943 0.1906453 -0.2966343 0.1994634 0.1906453 -0.313372 0.1719754 0.1906453 -0.3053126 0.1859079 0.1906453 -0.1446519 0.3277518 0.3336293 -0.1222584 0.3359023 0.3336293 -0.2017059 0.4845063 0.1906453 -0.1563619 0.5010101 0.1906453 -0.09930807 0.3442556 0.3336293 -0.1296976 0.3331006 0.3336293 -0.1370727 0.3301342 0.3336293 -0.14438 0.3270045 0.3336293 -0.1145712 0.3386014 0.3336293 -0.1068245 0.3411247 0.3336293 -0.09902232 0.3434706 0.3336293 -0.14438 0.3270045 0.1906453 -0.09902232 0.3434706 0.1906453 -0.1295131 0.3331725 0.1906453 -0.1143836 0.3386649 0.1906453 0.09986495 0.3440529 0.3336293 0.1222584 0.3359023 0.3336293 0.1569189 0.5008074 0.1906453 0.2022628 0.4843035 0.1906453 0.1452088 0.3275491 0.3336293 0.1147588 0.3385379 0.3336293 0.1072024 0.3410061 0.3336293 0.09959298 0.3433056 0.3336293 0.129882 0.3330287 0.3336293 0.1374382 0.3299822 0.3336293 0.1449232 0.3267641 0.3336293 0.09959298 0.3433057 0.1906453 0.1449232 0.3267641 0.1906453 0.1149463 0.3384743 0.1906453 0.1300666 0.3329567 0.1906453 0.297654 0.1993678 0.3336293 0.3095694 0.1787298 0.3336293 0.4421197 0.2827752 0.1906453 0.4662467 0.2409859 0.1906453 0.321781 0.1575786 0.3336293 0.3055183 0.1855695 0.3336293 0.3013163 0.1923174 0.3336293 0.2969653 0.1989701 0.3336293 0.3135623 0.1716281 0.3336293 0.3173924 0.1644372 0.3336293 0.3210576 0.1571609 0.3336293 0.2969653 0.1989701 0.1906453 0.3210576 0.1571609 0.1906453 0.3056212 0.1854003 0.1906453 0.3136573 0.1714544 0.1906453 0.3561674 -0.03860366 0.3336292 0.3520292 -0.06207215 0.3336292 0.5204477 -0.06757068 0.1906452 0.5120685 -0.1150916 0.1906452 0.3477882 -0.08612453 0.3336292 0.3533225 -0.0542289 0.3336292 0.354441 -0.0463587 0.3336292 0.3553842 -0.03846544 0.3336292 0.3505231 -0.07007914 0.3336292 0.3488349 -0.0780496 0.3336292 0.3469656 -0.08597952 0.3336292 0.3553842 -0.03846544 0.1906452 0.3469656 -0.08597952 0.1906452 0.3532924 -0.05442458 0.1906452 0.3504843 -0.07027328 0.1906452 0.2480261 -0.2585122 0.3336292 0.2297707 -0.2738302 0.3336292 0.3552525 -0.3862995 0.1906452 0.3182878 -0.4173166 0.1906452 0.2110614 -0.2895292 0.3336291 0.235803 -0.2686531 0.3336292 0.2417188 -0.2633432 0.3336292 0.2475149 -0.257903 0.3336292 0.2234703 -0.2789957 0.3336291 0.2170538 -0.2840163 0.3336291 0.2105244 -0.2888893 0.3336291 0.2475149 -0.2579029 0.1906452 0.2105244 -0.2888893 0.1906452 0.2356542 -0.2687836 0.1906452 0.2233157 -0.2791194 0.1906452 0.01458811 -0.3434514 0.3479275 0.01458811 -0.2621316 0.3479276 0.00982213 -0.3386853 0.3431614 0.00982213 -0.2668977 0.3431614 -0.01458811 -0.2621316 0.3479276 -0.00982213 -0.2668977 0.3431614 -0.01458811 -0.3434514 0.3479275 -0.00982213 -0.3386853 0.3431614 -0.00982213 -0.3386853 0.3336291 0.00982213 -0.3386853 0.3336291 0.00982213 -0.2668977 0.3336292 -0.02383065 -0.3526938 0.3479275 -0.02383065 -0.1858792 0.3479276 0.02383065 -0.1858792 0.3479276 0.02383065 -0.3526938 0.3479275 -0.00982213 -0.2668977 0.3336292 0.02383065 -0.1858792 0.3336292 -0.02383065 -0.1858792 0.3336292 0.02383065 -0.3526938 0.3336291 -0.02383065 -0.3526938 0.3336291 0.2319415 -0.2537218 0.3479276 0.17967 -0.1914273 0.3479276 0.2252268 -0.2531344 0.3431614 0.1790826 -0.1981419 0.3431614 0.1573196 -0.2101815 0.3479276 0.1640343 -0.2107691 0.3431614 0.209591 -0.2724762 0.3479276 0.2101784 -0.2657615 0.3431614 0.2101784 -0.2657615 0.3336292 0.2252268 -0.2531344 0.3336292 0.1790826 -0.1981419 0.3336292 0.2084518 -0.2854972 0.3479275 0.1012254 -0.1577098 0.3479276 0.1377362 -0.1270737 0.3479276 0.2449625 -0.2548611 0.3479276 0.1640343 -0.2107691 0.3336292 0.1377362 -0.1270737 0.3336292 0.1012254 -0.1577098 0.3336292 0.2449625 -0.2548611 0.3336292 0.2084518 -0.2854972 0.3336291 0.3407668 -0.04527294 0.3479276 0.2606824 -0.03115195 0.3479276 0.3352454 -0.0491392 0.3431615 0.2645485 -0.0366733 0.3431615 0.2556159 -0.05988532 0.3479276 0.2611373 -0.05601912 0.3431615 0.3357003 -0.07400637 0.3479276 0.3318342 -0.06848502 0.3431615 0.3318342 -0.06848502 0.3336292 0.3352454 -0.0491392 0.3336292 0.2645485 -0.0366733 0.3336292 0.3431974 -0.08471328 0.3479276 0.178917 -0.05574613 0.3479276 0.1871933 -0.00880897 0.3479276 0.3514736 -0.03777605 0.3479276 0.2611373 -0.05601912 0.3336292 0.1871933 -0.00880897 0.3336292 0.178917 -0.05574613 0.3336292 0.3514736 -0.03777605 0.3336292 0.3431974 -0.08471328 0.3336292 0.2901434 0.1843594 0.3479276 0.2197183 0.1436995 0.3479276 0.2883989 0.1778486 0.3431615 0.226229 0.141955 0.3431615 0.2343067 0.1184319 0.3479276 0.2360512 0.1249426 0.3431615 0.3047317 0.1590918 0.3479276 0.2982211 0.1608363 0.3431615 0.2982211 0.1608363 0.3336293 0.2883989 0.1778486 0.3336293 0.226229 0.141955 0.3336293 0.3173571 0.1557088 0.3479276 0.1728913 0.0723015 0.3479276 0.1490607 0.1135774 0.3479276 0.2935264 0.1969847 0.3479276 0.2360512 0.1249426 0.3336293 0.1490607 0.1135774 0.3336293 0.1728913 0.0723015 0.3336292 0.2935264 0.1969847 0.3336293 0.3173571 0.1557088 0.3336293 0.1037588 0.3277281 0.3479276 0.07594573 0.2513124 0.3479276 0.1066074 0.3216193 0.3431615 0.08205455 0.2541611 0.3431615 0.1033627 0.2413335 0.3479276 0.1005141 0.2474423 0.3431615 0.1311756 0.3177492 0.3479276 0.1250669 0.3149005 0.3431615 0.1250669 0.3149005 0.3336293 0.1066074 0.3216193 0.3336293 0.08205455 0.2541611 0.3336293 0.1430218 0.3232731 0.3479276 0.08596789 0.1665186 0.3479276 0.04118072 0.1828197 0.3479276 0.09823489 0.3395742 0.3479276 0.1005141 0.2474423 0.3336293 0.04118072 0.1828197 0.3336293 0.08596789 0.1665186 0.3336293 0.09823489 0.3395742 0.3336293 0.1430218 0.3232731 0.3336293 -0.1311756 0.3177492 0.3479276 -0.1033627 0.2413335 0.3479276 -0.1250669 0.3149005 0.3431615 -0.1005141 0.2474423 0.3431615 -0.07594573 0.2513124 0.3479276 -0.08205455 0.2541611 0.3431615 -0.1037588 0.3277281 0.3479276 -0.1066074 0.3216193 0.3431615 -0.1066074 0.3216193 0.3336293 -0.1250669 0.3149005 0.3336293 -0.1005141 0.2474423 0.3336293 -0.09823489 0.3395742 0.3479276 -0.04118072 0.1828197 0.3479276 -0.08596789 0.1665186 0.3479276 -0.1430218 0.3232731 0.3479276 -0.08205455 0.2541611 0.3336293 -0.08596789 0.1665186 0.3336293 -0.04118072 0.1828197 0.3336293 -0.1430218 0.3232731 0.3336293 -0.09823489 0.3395742 0.3336293 -0.3047317 0.1590918 0.3479276 -0.2343067 0.1184319 0.3479276 -0.2982211 0.1608363 0.3431615 -0.2360512 0.1249426 0.3431615 -0.2197183 0.1436995 0.3479276 -0.226229 0.141955 0.3431615 -0.2901434 0.1843594 0.3479276 -0.2883989 0.1778486 0.3431615 -0.2883989 0.1778486 0.3336293 -0.2982211 0.1608363 0.3336293 -0.2360512 0.1249426 0.3336293 -0.2935264 0.1969847 0.3479276 -0.1490607 0.1135774 0.3479276 -0.1728913 0.0723015 0.3479276 -0.3173571 0.1557088 0.3479276 -0.226229 0.141955 0.3336293 -0.1728913 0.0723015 0.3336292 -0.1490607 0.1135774 0.3336293 -0.3173571 0.1557088 0.3336293 -0.2935264 0.1969847 0.3336293 -0.3357003 -0.07400637 0.3479276 -0.2556159 -0.05988532 0.3479276 -0.3318342 -0.06848502 0.3431615 -0.2611373 -0.05601912 0.3431615 -0.2606824 -0.03115195 0.3479276 -0.2645485 -0.0366733 0.3431615 -0.3407668 -0.04527294 0.3479276 -0.3352454 -0.0491392 0.3431615 -0.3352454 -0.0491392 0.3336292 -0.3318342 -0.06848502 0.3336292 -0.2611373 -0.05601912 0.3336292 -0.3514736 -0.03777605 0.3479276 -0.1871933 -0.00880897 0.3479276 -0.178917 -0.05574613 0.3479276 -0.3431974 -0.08471328 0.3479276 -0.2645485 -0.0366733 0.3336292 -0.178917 -0.05574613 0.3336292 -0.1871933 -0.00880897 0.3336292 -0.3431974 -0.08471328 0.3336292 -0.3514736 -0.03777605 0.3336292 -0.209591 -0.2724762 0.3479276 -0.1573196 -0.2101815 0.3479276 -0.2101784 -0.2657615 0.3431614 -0.1640343 -0.2107691 0.3431614 -0.17967 -0.1914273 0.3479276 -0.1790826 -0.1981419 0.3431614 -0.2319415 -0.2537218 0.3479276 -0.2252268 -0.2531344 0.3431614 -0.2252268 -0.2531344 0.3336292 -0.2101784 -0.2657615 0.3336292 -0.1640343 -0.2107691 0.3336292 -0.2449625 -0.2548611 0.3479276 -0.1377362 -0.1270737 0.3479276 -0.1012254 -0.1577098 0.3479276 -0.2084518 -0.2854972 0.3479275 -0.1790826 -0.1981419 0.3336292 -0.1012254 -0.1577098 0.3336292 -0.1377362 -0.1270737 0.3336292 -0.2084518 -0.2854972 0.3336291 -0.2449625 -0.2548611 0.3336292</float_array>
          <technique_common>
            <accessor source="#Cylinder-mesh-positions-array" count="1343" stride="3">
              <param name="X" type="float"/>
              <param name="Y" type="float"/>
              <param name="Z" type="float"/>
            </accessor>
          </technique_common>
        </source>
        <source id="Cylinder-mesh-normals">
          <float_array id="Cylinder-mesh-normals-array" count="4749">-0.4925851 0 0.8702643 -0.939081 -0.2516017 0.2341446 -0.9722101 0 0.2341104 -0.939081 0.2516017 0.2341446 -0.4758239 0.1274784 0.8702534 -0.8419517 -0.4861029 0.2341399 -0.4758239 -0.1274784 0.8702534 -0.4266 -0.2462914 0.8702603 0.3483172 0.3483172 0.8702588 0.8419517 0.4861029 0.2341399 0.4266 0.2462914 0.8702603 -0.4861029 -0.8419517 0.2341399 -0.3483172 -0.3483172 0.8702588 -0.2462914 -0.4266 0.8702603 0.2462914 -0.4266 0.8702603 0.2516017 -0.939081 0.2341446 0.1274803 -0.4758003 0.870266 -0.4919629 0.1122786 -0.8633459 -0.6611025 0.259442 -0.7040123 -0.4697536 0.1843673 -0.863331 -0.8419517 0.4861029 0.2341399 -0.3483172 0.3483172 0.8702588 -0.4266 0.2462914 0.8702603 0.4758239 0.1274784 0.8702534 0.939081 0.2516017 0.2341446 0 -0.4925851 0.8702643 0 -0.9722031 0.2341393 -0.2516017 -0.939081 0.2341446 0.4758239 -0.1274784 0.8702534 0.8419517 -0.4861029 0.2341399 0.4266 -0.2462914 0.8702603 0 0.4926082 0.8702512 0.2516035 0.9390877 0.2341157 0.1274784 0.4758239 0.8702534 0.4925851 0 0.8702643 0.9390877 -0.2516035 0.2341157 0.3483172 -0.3483172 0.8702588 0.4861029 -0.8419517 0.2341399 0.4861063 0.8419577 0.2341111 0.2462914 0.4266 0.8702603 0.9722101 0 0.2341104 -0.2516035 0.9390877 0.2341157 0 0.9722031 0.2341393 0.4919629 0.1122786 -0.8633459 0.6611025 0.259442 -0.7040123 0.6923838 0.1580272 -0.7040115 -0.1274803 -0.4758003 0.870266 0.6874553 0.6874553 0.2341163 -0.3420206 0.9396925 0 0 -1 0 0.4218702 -0.5924433 0.6863211 0.7267911 -0.6801878 -0.09549546 0.5263697 -0.5018931 0.6863224 -0.1900435 -0.7092375 0.6788708 0.7301309 -0.6774554 0.08923685 0.8104777 -0.5525568 -0.1944401 0.8229485 -0.5610638 0.08923792 0 -0.7342603 0.6788681 0.1900435 -0.7092375 0.6788708 0.6874553 -0.6874553 0.2341163 0.367122 -0.6358789 0.6788812 -0.9396926 -0.3420202 0 0.6427875 -0.7660446 0 0.7092375 -0.1900435 0.6788708 0.7342603 0 0.6788681 0.7092375 0.1900435 0.6788708 0.5191965 0.5191965 0.6788741 0.6427929 -0.76604 0 -0.6874553 0.6874553 0.2341163 -0.367122 0.6358789 0.6788812 -0.4861063 0.8419577 0.2341111 -0.1900141 0.7092416 0.6788748 -0.342023 0.9396917 0 0.367122 0.6358789 0.6788812 0.321308 -0.5565209 0.7661891 0.1822 -0.6799997 0.7102138 0.1662991 -0.6207301 0.7661846 0.342024 -0.9396913 0 -0.1223511 0.991291 -0.04870843 -0.2378689 0.6872991 0.6863224 -0.1034918 0.7198953 0.6863237 0.8837789 -0.4255921 -0.1944386 0.897377 -0.4321473 0.08923715 5.93597e-7 0 1 0 0 1 -1.29891e-6 0 1 -0.0569477 -0.01867735 0.9982025 -0.07077419 -0.01104795 0.9974313 -0.06781369 -0.02179068 0.99746 -5.93596e-7 0 1 3.24729e-7 0 1 3.24729e-7 0 1 -3.24729e-7 0 1 -1.18719e-6 0 1 0.06839346 0.005859673 -0.9976412 0.2637456 -0.01916593 -0.9644019 0.06839346 -0.005859673 -0.9976412 0.6207301 -0.1662991 0.7661846 0.703987 0 0.710213 0.6799997 -0.1822 0.7102138 0.6207301 0.1662991 0.7661846 0.6426157 0 0.7661886 -0.5565209 0.321308 0.7661891 -0.6799997 0.1822 0.7102138 -0.6096622 0.3519841 0.7102248 0.4544008 -0.4544008 0.7661852 0.3519841 -0.6096622 0.7102248 0.4544008 0.4544008 0.7661852 0.3519841 0.6096622 0.7102248 0.4977965 0.4977965 0.7102093 -0.321308 -0.5565209 0.7661891 -0.1822 -0.6799997 0.7102138 -0.3519841 -0.6096622 0.7102248 0 -0.703987 0.710213 0 -0.6426157 0.7661886 0.1662991 0.6207301 0.7661846 0 0.703987 0.710213 0.1822 0.6799997 0.7102138 -0.1662991 0.6207301 0.7661846 0 0.6426157 0.7661886 -0.4977965 0.4977965 0.7102093 -0.4544008 0.4544008 0.7661852 0.5565209 -0.321308 0.7661891 0.6096622 -0.3519841 0.7102248 -0.6782924 -0.5409249 -0.4973127 -0.6755629 -0.7280856 -0.1162154 -0.7765297 -0.6192644 -0.1162475 -0.6207301 0.1662991 0.7661846 -0.703987 0 0.710213 -0.6207301 -0.1662991 0.7661846 -0.6426157 0 0.7661886 -0.5565209 -0.321308 0.7661891 -0.6799997 -0.1822 0.7102138 0.4977965 -0.4977965 0.7102093 0.5565209 0.321308 0.7661891 0.6799997 0.1822 0.7102138 -0.3519841 0.6096622 0.7102248 -0.321308 0.5565209 0.7661891 -0.1662991 -0.6207301 0.7661846 -0.1292818 0.8578807 -0.4973199 -0.2927449 0.9491015 -0.116219 -0.1480172 0.9821327 -0.1162164 -0.4544008 -0.4544008 0.7661852 -0.6096622 -0.3519841 0.7102248 0.321308 0.5565209 0.7661891 -0.2641729 -0.05960369 0.962632 -0.3085174 0 0.9512187 -0.270583 0 0.9626967 3.84551e-7 0 1 -0.1789343 -0.1942244 0.9644996 -0.03915631 -0.05627763 0.9976471 -0.04843419 -0.04913616 0.9976171 0.3055898 0.03552442 0.9515004 7.3102e-7 0 1 -7.29741e-7 0 1 7.25935e-7 0 1 -0.2641729 0.05960369 0.962632 -0.2999099 0.07120072 0.9513068 8.09644e-7 0 1 0.01947128 -0.3066574 0.9516208 0.05920642 -0.2655134 0.9622875 0.08960258 -0.2939857 0.9516007 0.01947128 0.3066574 0.9516208 0.05920642 0.2655134 0.9622875 -0.001434385 0.2720151 0.962292 -0.03915631 0.05627763 0.9976471 -0.1789343 0.1942244 0.9644996 -0.04843419 0.04913616 0.9976171 -1.69251e-7 -9.64997e-7 1 -7.11114e-7 0 1 -7.62781e-7 0 1 0.3055898 -0.03552442 0.9515004 0.2892634 -0.1047123 0.9515052 7.69099e-7 0 1 0.394528 0.3146274 -0.8633409 0.1777158 0.1883672 -0.9658856 0.343223 0.3699277 -0.8633375 -0.1487182 0.4821976 -0.8633473 -0.03647011 0.2514762 -0.9671761 -0.07352131 0.2426906 -0.9673138 -0.2447945 0.116797 0.9625146 -1.17033e-6 0 -1 1.40594e-7 0 1 0 -9.13859e-7 1 -0.1202773 0.2827325 0.951628 -0.06195431 0.2648167 0.9623066 -0.1192686 0.2443358 0.962328 -0.9927607 -0.1012324 0.06463974 -0.9293802 -0.246384 0.2748587 -0.9533272 -0.2973787 0.05227929 0.1548829 0.2655441 0.9515764 0.168772 0.2132692 0.9623057 0.1169186 0.2455872 0.9622977 0.06677633 0.01736551 0.9976169 0.2456465 0.09521889 0.9646716 0.06375336 0.0283823 0.9975621 0.2718943 0 0.9623272 0.2121113 0.1701774 0.9623141 0.257429 0.168313 0.9515257 0.2447606 0.1184739 0.9623181 0.2892634 0.1047123 0.9515052 0.2650268 0.06076329 0.9623246 0.2650268 -0.06076329 0.9623246 0.2447606 -0.1184739 0.9623181 0.257429 -0.168313 0.9515257 0.2121113 -0.1701774 0.9623141 0.1548829 -0.2655441 0.9515764 0.168772 -0.2132692 0.9623057 0.2118324 -0.2228803 0.9515522 -1.86598e-7 0 1 0.05600196 -0.05014234 -0.9971709 -0.09204542 -0.02844375 -0.9953485 0.06140351 -0.03979629 -0.9973194 -7.59659e-7 0 1 0.2573953 0.05728369 -0.9646068 0.06738585 0.01751786 -0.9975733 -5.06841e-7 0 1 1.65789e-7 0 1 0 0 -1 0.04306286 -0.01678568 0.9989314 0.06677633 -0.01736551 0.9976169 0.04528969 -0.008514702 0.9989377 -0.1274784 0.4758239 0.8702534 -0.2462914 0.4266 0.8702603 0.04525923 0.008514702 0.9989391 0.06833273 0.00576812 0.997646 -0.1824405 0.2473232 0.9516023 -0.1704813 0.2116215 0.9623682 -0.9613814 0.08154696 0.2628608 -0.9613814 -0.08154696 0.2628608 -1.71746e-7 0 1 1.25584e-6 0 1 1.54048e-7 0 1 -3.81391e-7 0 1 -0.2349025 -0.1984631 0.9515426 -0.1704813 -0.2116215 0.9623682 -0.1824405 -0.2473232 0.9516023 -0.3329366 0.3652262 0.8693464 -0.1451786 0.2257792 0.9633001 -0.1815281 0.1924235 0.9643759 -0.7081977 -0.05307286 -0.7040166 -0.8651427 0.06482386 -0.4973189 -0.7081977 0.05307286 -0.7040166 3.07648e-7 -1.8829e-6 1 6.16364e-7 0 1 1.5392e-7 0 1 -0.2747972 0.1387109 0.9514442 -0.2130253 0.1683755 0.9624292 1.22728e-6 -9.96669e-7 1 -7.25937e-7 0 1 -1.54048e-7 -9.76666e-7 1 -0.2349025 0.1984631 0.9515426 -5.10962e-7 -9.71096e-7 1 0.6150473 -0.3550873 -0.7040098 0.8076047 -0.3169441 -0.4973139 0.7513375 -0.4337785 -0.4973208 -1.1872e-6 0 1 -0.1192686 -0.2443358 0.962328 -0.1202773 -0.2827325 0.951628 -0.01486265 0.04940998 0.998668 -0.02914595 0.06204587 0.9976477 -0.02444535 0.04693758 0.9985988 -0.1822 0.6799997 0.7102138 6.75909e-7 0 1 3.73196e-7 0 1 0.06515836 -0.02887105 -0.9974573 -0.006042778 0.08679658 -0.9962078 0.00689733 0.08490478 -0.9963652 0.9768329 -0.1858934 -0.1060242 0.9058614 -0.08496457 0.4149652 0.9942918 0 -0.1066958 0.9058614 0.08496457 0.4149652 0.9768361 0.185894 -0.1059941 0.8747187 0.2520909 0.4139052 0.9250658 0.3653141 -0.1039177 0.8134126 0.4107959 0.4118336 0.8407437 0.5320417 -0.1004083 0.7239524 0.5557596 0.4086862 0.7267911 0.6801878 -0.09549546 0.6092342 0.6821152 0.4044165 0.5871065 0.8045895 -0.08911734 0.4729952 0.7855176 0.3990459 0.426539 0.9008103 -0.08127313 0.3196898 0.8624148 0.3924784 0.2505932 0.9654141 -0.07196426 0.1543967 0.9100522 0.3846641 0.06546288 0.9959827 -0.06109869 -0.01739603 0.92663 0.3755717 -0.1899821 0.9113647 0.3651319 -0.3063152 0.9512953 -0.03476065 -0.3574448 0.8645575 0.3532332 -0.479823 0.8771527 -0.01931864 -0.5140373 0.7875517 0.3398939 -0.6366666 0.7711354 -0.002441525 -0.6542085 0.6828965 0.3250595 -0.7710907 0.6365329 0.01565617 -0.7729312 0.5542606 0.3088245 -0.8781032 0.4772313 0.03442579 -0.8658208 0.4065726 0.2916385 -0.9533272 0.2973787 0.05227929 -0.9293802 0.246384 0.2748587 0.1169186 -0.2455872 0.9622977 -0.8603962 -0.07971602 0.5033525 -0.8603962 0.07971602 0.5033525 -0.7002251 0.06488311 0.7109678 -0.7002251 -0.06488311 0.7109678 0.3943757 0.2978113 0.869354 0.4737513 0.5196828 0.7109779 0.561183 0.4237866 0.7109702 0.2343277 -0.179515 0.9554397 0.3329315 -0.36519 0.8693636 0.1954157 -0.2181832 0.9561427 0.2573953 -0.05728369 -0.9646068 0.06738585 -0.01751786 -0.9975733 -0.2510198 -0.02203476 0.9677311 -0.06097656 -0.006561517 0.9981178 -0.2451608 -0.06671494 0.9671842 -0.2319437 -0.1112109 0.966351 -0.05047875 -0.02865749 0.9983139 -0.2106771 -0.153697 0.9653976 -0.04257369 -0.03662252 0.998422 -0.1815576 -0.1924224 0.9643705 -0.03378438 -0.04269587 0.9985167 -0.1451786 -0.2257792 0.9633001 -0.02444535 -0.04693758 0.9985988 -0.1025745 -0.2522705 0.9622048 -0.01486265 -0.04940998 0.998668 -0.05502581 -0.2706429 0.961106 -0.005279719 -0.0501728 0.9987267 -0.004120051 -0.2799507 0.9600056 0.004028499 -0.04928874 0.9987764 0.04831129 -0.2794914 0.9589321 0.01287889 -0.04687678 0.9988178 0.1004366 -0.2688993 0.9579173 0.0210275 -0.04303157 0.9988524 0.1501222 -0.2483013 0.9569795 0.02829092 -0.03790432 0.9988809 0.03445541 -0.03170877 0.9989031 0.03943061 -0.02459836 0.9989196 0.265181 -0.1337044 0.9548834 0.2865709 -0.08246159 0.9545038 0.2975318 -0.02786403 0.9543052 0.04602229 0 0.9989405 0.2975318 0.02786403 0.9543052 0.2865791 0.08246397 0.954501 0.04306286 0.01678568 0.9989314 0.2651526 0.1337055 0.9548912 0.03943061 0.02459836 0.9989196 0.2343277 0.179515 0.9554397 0.03445541 0.03170877 0.9989031 0.1954157 0.2181832 0.9561427 0.02829092 0.03790432 0.9988809 0.150152 0.2483002 0.9569752 0.0210275 0.04303157 0.9988524 0.1004366 0.2688993 0.9579173 0.01287889 0.04687678 0.9988178 0.04831171 0.2794633 0.9589403 0.004028499 0.04928874 0.9987764 -0.004120051 0.2799507 0.9600056 -0.005279719 0.0501728 0.9987267 -0.05502581 0.2706429 0.961106 -0.1025745 0.2522705 0.9622048 -0.03378438 0.04269587 0.9985167 -0.04257369 0.03662252 0.998422 -0.2106771 0.153697 0.9653976 -0.05044829 0.02865755 0.9983155 -0.2319437 0.1112109 0.966351 -0.0569477 0.01867735 0.9982025 -0.245189 0.06674486 0.9671751 -0.06097656 0.006561517 0.9981178 -0.2510198 0.02203476 0.9677311 0.8747077 -0.2520877 0.4139304 0.9250658 -0.3653141 -0.1039177 0.8134126 -0.4107959 0.4118336 0.8407437 -0.5320417 -0.1004083 0.7239524 -0.5557596 0.4086862 0.6092266 -0.6821067 0.404442 0.5871065 -0.8045895 -0.08911734 0.4729952 -0.7855176 0.3990459 0.426539 -0.9008103 -0.08127313 0.3196898 -0.8624148 0.3924784 0.2505932 -0.9654141 -0.07196426 0.1543948 -0.9100416 0.3846901 0.06546288 -0.9959827 -0.06109869 -0.01739585 -0.9266194 0.375598 -0.1223511 -0.991291 -0.04870843 -0.1899799 -0.9113545 0.3651583 -0.3063152 -0.9512953 -0.03476065 -0.357441 -0.8645482 0.3532598 -0.479823 -0.8771527 -0.01931864 -0.5140373 -0.7875517 0.3398939 -0.6366666 -0.7711354 -0.002441525 -0.6542085 -0.6828965 0.3250595 -0.7710907 -0.6365329 0.01565617 -0.7729312 -0.5542606 0.3088245 -0.8781032 -0.4772313 0.03442579 -0.8658286 -0.4065762 0.2916106 0.08960258 0.2939857 0.9516007 -0.7734879 0.3851569 0.5033593 -0.831097 0.2364622 0.5033521 0 -0.8640964 0.5033264 0.158762 -0.8493863 0.5033265 -0.3121204 0.805739 0.5033541 0.4548863 0.7346543 0.5033505 0.5821285 0.6385589 0.5033577 0.7735002 -0.3851478 0.5033474 0.831097 -0.2364622 0.5033521 0.8603962 -0.07971602 0.5033525 0.831097 0.2364622 0.5033521 0.8603962 0.07971602 0.5033525 -0.831097 -0.2364622 0.5033521 0.7734879 0.3851569 0.5033593 -0.7735002 -0.3851478 0.5033474 0.6895534 0.5207206 0.503355 0.5821285 -0.6385589 0.5033577 0.6895534 -0.5207206 0.503355 0.3121204 0.805739 0.5033541 0 0.8640831 0.5033491 -0.1587596 0.8493733 0.5033493 0.4548863 -0.7346543 0.5033505 -0.3121529 -0.8057438 0.5033267 -0.6895534 -0.5207206 0.503355 -0.6895534 0.5207206 0.503355 -0.158762 -0.8493863 0.5033265 -0.2540403 -0.6557316 0.710971 -0.1292167 -0.6912518 0.710967 -0.6294887 -0.3134625 0.7109749 0.2540117 0.6557367 0.7109765 0.1587596 0.8493733 0.5033493 0.3701944 -0.5978961 0.7109687 0.3121529 -0.8057438 0.5033267 0.2540403 -0.6557316 0.710971 -0.6763718 0.192425 0.7109809 -0.6294947 0.313435 0.7109817 0.7002251 -0.06488311 0.7109678 0.7002251 0.06488311 0.7109678 0.1292167 -0.6912518 0.710967 -0.561183 0.4237866 0.7109702 0.1292167 0.6912518 0.710967 -0.3701944 0.5978961 0.7109687 -0.5821285 0.6385589 0.5033577 -0.4548863 0.7346543 0.5033505 -0.2540117 0.6557367 0.7109765 -0.1292167 0.6912518 0.710967 0.6294947 0.313435 0.7109817 0.6763718 0.192425 0.7109809 0 -0.7032203 0.7109721 0.3701944 0.5978961 0.7109687 -0.5821285 -0.6385589 0.5033577 -0.3701944 -0.5978961 0.7109687 -0.4548863 -0.7346543 0.5033505 0.6294887 -0.3134625 0.7109749 0.561183 -0.4237866 0.7109702 0.6763884 -0.1924211 0.7109662 -0.4737513 0.5196828 0.7109779 6.05616e-7 -9.33422e-7 1 0 0.4942018 0.8693472 0.09079593 0.4857811 0.869352 0.09079349 -0.4857683 0.8693595 0.4424061 0.2202875 0.869339 0.2601441 -0.4201552 0.8693646 -0.4424061 0.2202875 0.869339 -0.3943757 0.2978113 0.869354 0.3329366 0.3652262 0.8693464 -0.1785055 -0.4608061 0.8693639 -0.2601441 0.4201552 0.8693646 0.4920955 -0.045596 0.8693464 0.4920955 0.045596 0.8693464 0.1785078 0.4608424 0.8693442 0.4753406 0.1352317 0.8693468 -0.4920955 0.045596 0.8693464 -0.4920955 -0.045596 0.8693464 0.3943653 -0.2978035 0.8693615 0.4737513 -0.5196828 0.7109779 -0.4753406 0.1352317 0.8693468 0.1785055 -0.4608061 0.8693639 0 -0.4941887 0.8693547 0 0.7032203 0.7109721 -0.09079593 0.4857811 0.869352 -0.1785078 0.4608424 0.8693442 0.260151 0.4201664 0.8693572 -0.3943653 -0.2978035 0.8693615 -0.561183 -0.4237866 0.7109702 0.4753043 -0.1352301 0.8693668 -0.4737513 -0.5196828 0.7109779 -0.6763884 -0.1924211 0.7109662 -0.3329315 -0.36519 0.8693636 0.4423728 -0.2202556 0.869364 -0.09079349 -0.4857683 0.8693595 -0.4423728 -0.2202556 0.869364 -0.4753043 -0.1352301 0.8693668 -0.2601441 -0.4201552 0.8693646 -4.62565e-7 0 -1 2.31283e-7 0 -1 0.3420208 0.9396924 0 -0.1736475 -0.9848079 0 0.4999991 0.8660261 0 0.7141551 -0.1376427 0.6863213 0.6752067 -0.2703085 0.6863157 0.3583593 -0.9131111 -0.1944393 0.4980131 -0.8625656 0.08923828 0.3638763 -0.9271628 0.08923709 0.1736508 -0.9848074 0 -0.1736508 -0.9848074 0 -0.07327681 -0.978174 -0.1944384 0.07440656 -0.9932271 0.08923906 -0.07440656 -0.9932271 0.08923906 0.9960105 0 0.08923685 0.9699606 0.1461868 -0.1944376 0.9848861 0.1484455 0.08923822 0.03457826 0.7264803 0.6863169 0.1714581 0.7067996 0.686321 -0.7660446 -0.6427875 0 0.7660421 -0.6427905 0 0.7273034 0 0.6863161 0.4999997 0.8660256 0 -0.1736477 0.9848079 0 0.4218702 0.5924433 0.6863211 0.5263697 0.5018931 0.6863224 0.8229485 0.5610638 0.08923792 0.8837789 0.4255921 -0.1944386 0.8104777 0.5525568 -0.1944401 1 0 0 -0.6115771 -0.7669206 -0.1944387 -0.4980131 -0.8625656 0.08923828 -0.6209962 -0.7787173 0.08923691 -0.7240093 0.06912618 0.6863179 -0.6978318 0.2049089 0.6863259 -0.9699606 0.1461868 -0.1944376 -0.9960105 0 0.08923685 -0.9848861 0.1484455 0.08923822 -0.8104777 -0.5525568 -0.1944401 -0.7301309 -0.6774554 0.08923685 -0.8229485 -0.5610638 0.08923792 -0.8660244 0.5000016 0 -0.3636402 0.6298621 0.6863232 -0.642787 0.7660451 0 0.3583593 0.9131111 -0.1944393 0.2216325 0.9710384 0.08923894 0.3638763 0.9271628 0.08923709 0.9373415 -0.28911 -0.1944389 0.9848861 -0.1484455 0.08923822 0.9517657 -0.2935623 0.08923757 -0.1736508 0.9848074 0 0.9373415 0.28911 -0.1944389 0.9517657 0.2935623 0.08923757 -1 0 0 0.1900141 0.7092416 0.6788748 -0.2747972 -0.1387109 0.9514442 -0.2130253 -0.1683755 0.9624292 0.01501542 -0.06961441 0.997461 -0.6409043 -0.1130084 0.7592567 1.7507e-7 0 1 -0.02914595 -0.06204587 0.9976477 -0.01831156 -0.06653213 0.9976163 -0.05645948 0.04098653 0.9975633 -0.05645948 -0.04098653 0.9975633 0.05276775 0.04782366 0.9974611 0.04495489 0.05575871 0.9974318 -0.07178056 0 0.9974204 -6.14826e-7 -1.36188e-6 1 0.02578872 0.06683719 0.9974306 0.01501542 0.06961441 0.997461 -0.06299072 -0.03183108 0.9975064 -0.4183196 -0.4985356 0.7592568 0.06833273 -0.00576812 0.997646 0.06375336 -0.0283823 0.9975621 -0.07077419 0.01104795 0.9974313 0.03589028 -0.06216704 0.9974203 0.02578872 -0.06683719 0.9974306 0.05276775 -0.04782366 0.9974611 0.05908429 -0.03860622 0.9975062 7.19683e-7 0 1 -0.007263422 -0.06939935 0.9975626 0.003906369 -0.07046782 0.9975064 -6.79196e-7 0 1 -0.9848861 -0.1484455 0.08923822 -0.9698492 -0.07266694 0.2326197 -0.9698492 0.07266694 0.2326197 -0.9481868 0.2164084 0.2326138 -0.9517657 0.2935623 0.08923757 -0.9053456 0.3553019 0.2326156 -0.897377 0.4321473 0.08923715 -0.8422654 0.4862909 0.2326163 -0.8229485 0.5610638 0.08923792 -0.7603853 0.6063855 0.2326171 -0.7301309 0.6774554 0.08923685 -0.6615153 0.7129411 0.2326214 -0.6209962 0.7787173 0.08923691 -0.5478567 0.8035801 0.2326201 -0.4980131 0.8625656 0.08923828 -0.4219827 0.8762543 0.2326139 -0.3638763 0.9271628 0.08923709 -0.2866642 0.9293621 0.2326151 -0.2216325 0.9710384 0.08923894 -0.1449339 0.9617093 0.2326145 -0.07440656 0.9932271 0.08923906 0 0.9725693 0.2326133 0.07440656 0.9932271 0.08923906 0.1449339 0.9617093 0.2326145 0.2866642 0.9293621 0.2326151 0.4219827 0.8762543 0.2326139 0.4980131 0.8625656 0.08923828 0.5478567 0.8035801 0.2326201 0.6209962 0.7787173 0.08923691 0.6615153 0.7129411 0.2326214 0.7301309 0.6774554 0.08923685 0.7603853 0.6063855 0.2326171 0.8422654 0.4862909 0.2326163 0.897377 0.4321473 0.08923715 0.9053456 0.3553019 0.2326156 0.9481868 0.2164084 0.2326138 0.9698492 0.07266694 0.2326197 0.9698492 -0.07266694 0.2326197 0.9481868 -0.2164084 0.2326138 0.9053456 -0.3553019 0.2326156 0.8422654 -0.4862909 0.2326163 0.7603853 -0.6063855 0.2326171 0.6615153 -0.7129411 0.2326214 0.6209962 -0.7787173 0.08923691 0.5478567 -0.8035801 0.2326201 0.4219827 -0.8762543 0.2326139 0.2866642 -0.9293621 0.2326151 0.2216325 -0.9710384 0.08923894 0.1449339 -0.9617093 0.2326145 0 -0.9725693 0.2326133 -0.1449339 -0.9617093 0.2326145 -0.2216325 -0.9710384 0.08923894 -0.2866642 -0.9293621 0.2326151 -0.3638763 -0.9271628 0.08923709 -0.4219827 -0.8762543 0.2326139 -0.5478567 -0.8035801 0.2326201 -0.6615153 -0.7129411 0.2326214 -0.7603853 -0.6063855 0.2326171 -0.8422654 -0.4862909 0.2326163 -0.897377 -0.4321473 0.08923715 -0.9053456 -0.3553019 0.2326156 -0.9517657 -0.2935623 0.08923757 -0.9481868 -0.2164084 0.2326138 -0.2610282 0.01971518 0.9651299 -0.2610282 -0.01971518 0.9651299 -0.2552639 -0.05878025 0.9650831 -0.2438781 -0.09659296 0.9649837 -0.2270957 -0.1323021 0.9648439 -0.2052995 -0.1651369 0.9646669 0.5416739 -0.4545235 0.7071053 0.2576739 0.0578339 0.9644996 0.2637735 0.0192573 0.9643924 0.2637735 -0.0192573 0.9643924 0.2842615 0.4169312 -0.8633446 0.1470084 0.2119521 -0.9661598 0.4000453 -0.5867921 0.7040162 0.2189478 -0.4546509 0.8633392 0.3081209 -0.6398634 0.7040145 -0.1292818 0.8578807 0.4973199 0 0.7101826 0.7040176 0 0.8675588 0.4973348 0.8458206 -0.1930365 0.4973171 0.8651427 -0.06482386 0.4973189 -0.2552639 0.05878025 0.9650831 -0.06781369 0.02179068 0.99746 -0.2438781 0.09659296 0.9649837 -0.06299072 0.03183108 0.9975064 -0.2270957 0.1323021 0.9648439 -0.2052995 0.1651369 0.9646669 -0.07873928 -0.2520879 0.9644957 -0.01831161 0.06650173 0.9976183 -0.2189478 0.4546509 0.8633392 -0.07873928 0.2520879 0.9644957 -0.1487222 0.4822103 0.8633395 0.1777106 -0.1883617 -0.9658876 0.2842615 -0.4169312 -0.8633446 0.1470084 -0.2119521 -0.9661598 0.2093321 -0.678628 0.7040201 0.07520008 -0.4989943 0.8633364 0.1058409 -0.7022494 0.7040195 -0.07519811 -0.4989811 -0.8633442 -0.2093321 -0.678628 -0.7040201 -0.1487222 -0.4822103 -0.8633395 0.6782924 -0.5409249 -0.4973127 0.5552356 -0.4428029 -0.7040166 0.1292818 0.8578807 0.4973199 0.1058409 0.7022494 0.7040195 0.6782924 0.5409249 0.4973127 0.5900987 0.6359699 0.4973188 0.2557177 0.829015 0.4973357 -0.04034584 0.2603561 0.9646694 0 -0.5046374 0.8633314 -0.04034584 -0.2603561 0.9646694 -0.07520008 -0.4989943 0.8633364 0.07520008 0.4989943 0.8633364 0 0.5046374 0.8633314 -0.555243 0.4427783 0.7040261 -0.7513262 0.433772 0.4973438 -0.6150284 0.355094 0.7040231 -0.1292818 -0.8578807 0.4973199 -0.007263422 0.06939935 0.9975626 -0.001007139 0.2628332 0.9648408 0.4697536 0.1843673 0.863331 -0.2842615 -0.4169312 -0.8633446 -0.4830566 -0.5205951 -0.704015 -0.343223 -0.3699277 -0.8633375 -0.3081209 0.6398634 0.7040145 -0.2557216 0.8290275 0.4973127 -0.3764178 0.7816454 0.497333 0.3764178 0.7816454 0.497333 0.003906369 0.07046782 0.9975064 0.03827095 0.2595039 0.9649835 0.4697536 -0.1843673 0.863331 0.6923838 -0.1580272 0.7040115 0.4919758 -0.1122816 0.8633382 -0.3764178 -0.7816454 0.497333 -0.4000453 -0.5867921 0.7040162 -0.4887142 -0.7168196 0.4973208 -0.5900897 -0.6359602 -0.4973417 -0.559509 -0.8206316 -0.1162477 0.07669496 0.2504718 0.9650813 -0.4697536 -0.1843673 0.863331 -0.2093321 0.678628 0.7040201 -0.4830566 -0.5205951 0.704015 -0.5900987 -0.6359699 0.4973188 0.7513262 -0.433772 0.4973438 0.6782924 -0.5409249 0.4973127 0.1134088 0.2359122 0.9651342 0.2189478 0.4546509 0.8633392 0.1487222 0.4822103 0.8633395 0.4697439 -0.1843329 -0.8633436 0.437001 -0.2523002 -0.8633509 -0.8075925 -0.3169394 0.4973369 -0.6150473 -0.3550873 0.7040098 -0.6611025 -0.259442 0.7040123 -0.2557177 0.829015 -0.4973357 -0.4309359 0.8948634 -0.1162489 0.03589028 0.06216704 0.9974203 0.1475905 0.2161669 0.9651368 -0.07520008 0.4989943 0.8633364 0.5032321 -0.03769129 0.8633289 0.555243 0.4427783 0.7040261 0.7513262 0.433772 0.4973438 0.1785386 0.191662 0.9650853 0.394528 -0.3146274 0.8633409 0.1785386 -0.191662 0.9650853 0.343223 -0.3699277 0.8633375 0.5552356 -0.4428029 0.7040166 0.4370125 -0.2523069 0.8633431 0.6150473 -0.3550873 0.7040098 -0.8651427 -0.06482386 0.4973189 -0.8651427 0.06482386 0.4973189 0.2055772 0.1629114 0.964986 -0.4370125 -0.2523069 0.8633431 -0.5552356 -0.4428029 0.7040166 0.6923838 0.1580272 0.7040115 0.8075925 0.3169394 0.4973369 0.6611025 0.259442 0.7040123 0.8075925 -0.3169394 0.4973369 0.05905389 0.03860628 0.9975081 0.2281334 0.1305015 0.9648444 0.2281334 -0.1305015 0.9648444 -0.2093321 -0.678628 0.7040201 -0.1487222 -0.4822103 0.8633395 -0.8458206 -0.1930365 0.4973171 -0.7081977 -0.05307286 0.7040166 -0.6782924 0.5409249 -0.4973127 -0.8601576 0.4966109 -0.1162177 -0.7765297 0.6192644 -0.1162475 -0.6923838 -0.1580272 0.7040115 -0.5032094 -0.03769183 0.8633422 0.7081977 0.05307286 0.7040166 0.8458206 0.1930365 0.4973171 -0.8458206 0.1930365 0.4973171 0.03827095 -0.2595039 0.9649835 -0.001007139 -0.2628332 0.9648408 0.2093321 0.678628 0.7040201 0.6150284 0.355094 0.7040231 0.8651427 0.06482386 0.4973189 -0.1151778 0.2380768 0.9643929 0.284258 0.4169564 0.8633335 0.1487222 -0.4822103 -0.8633395 0.3081209 -0.6398634 -0.7040145 0.2093321 -0.678628 -0.7040201 0.7081977 -0.05307286 0.7040166 -0.6782924 -0.5409249 0.4973127 -0.394528 -0.3146274 0.8633409 0.6611025 -0.259442 0.7040123 0.2576739 -0.0578339 0.9644996 -0.5416906 -0.4545263 0.7070907 0.2456465 -0.09521889 0.9646716 0.2055772 -0.1629114 0.964986 0.04495489 -0.05575871 0.9974318 0.1475905 -0.2161669 0.9651368 0.1134088 -0.2359122 0.9651342 0.07669496 -0.2504718 0.9650813 -0.06195384 -0.264845 0.9622988 -0.05172932 -0.302838 0.9516371 -0.1058409 0.7022494 0.7040195 -0.2842541 0.4169202 -0.8633523 -0.4830566 0.5205951 -0.704015 -0.4000453 0.5867921 -0.7040162 -0.2189478 -0.4546509 0.8633392 -0.1485658 -0.2187896 0.9643958 -0.284258 -0.4169564 0.8633335 -0.4887142 0.7168196 0.4973208 -0.2557177 -0.829015 0.4973357 -0.7513375 -0.4337785 0.4973208 -0.6782924 0.5409249 0.4973127 -0.5900987 0.6359699 0.4973188 0.2557177 -0.829015 -0.4973357 0.4309359 -0.8948634 -0.1162489 0.2927439 -0.9490981 -0.1162491 0 0.9932203 -0.116248 0 0.8675588 -0.4973348 -0.5552356 -0.4428029 -0.7040166 -0.6611025 -0.259442 -0.7040123 -0.8458206 -0.1930365 -0.4973171 -0.6923838 -0.1580272 -0.7040115 0.2557177 -0.829015 0.4973357 -0.4830566 0.5205951 0.704015 -0.3081209 0.6398634 -0.7040145 -0.2093321 0.678628 -0.7040201 -0.4000453 0.5867921 0.7040162 -0.3081209 -0.6398634 0.7040145 0.5900897 -0.6359602 -0.4973417 0.559509 -0.8206316 -0.1162477 0.4887068 -0.7168087 -0.4973438 -0.8075925 0.3169394 0.4973369 0.6782924 0.5409249 -0.4973127 0.6755605 0.7280831 -0.1162455 0.7765297 0.6192644 -0.1162475 0.4370372 0.2523035 0.8633316 -0.343223 -0.3699277 0.8633375 -0.6150473 0.3550873 -0.7040098 -0.4370125 0.2523069 -0.8633431 -0.7081977 0.05307286 0.7040166 -0.5032321 0.03769129 0.8633289 -0.284258 0.4169564 0.8633335 -0.343223 0.3699277 0.8633375 0.5032094 0.03769183 0.8633422 -0.6150473 -0.3550873 -0.7040098 -0.8076047 -0.3169441 -0.4973139 0.8651427 0.06482386 -0.4973189 0.8458206 0.1930365 -0.4973171 0 0.7101977 -0.7040024 0.4830566 0.5205951 0.704015 0.4887142 0.7168196 0.4973208 0.4000453 0.5867921 0.7040162 0.4919758 0.1122816 0.8633382 -0.1415474 0.2093303 -0.9675461 -0.218942 0.4546389 -0.8633469 -0.108802 0.2285301 -0.9674379 -0.4370372 0.2523035 0.8633316 -0.2508063 -0.01886081 -0.9678536 -0.4919629 -0.1122786 -0.8633459 -0.5031961 -0.03769087 -0.86335 -0.1710581 -0.1855546 -0.9676305 0 -0.7101826 0.7040176 -0.1058409 -0.7022494 0.7040195 -0.437001 -0.2523002 -0.8633509 -0.2189478 -0.4546509 -0.8633392 -0.4000453 -0.5867921 -0.7040162 0.4830566 -0.5205951 0.704015 0.1487222 -0.4822103 0.8633395 -0.4697536 0.1843673 0.863331 0.284258 -0.4169564 0.8633335 0.1132558 -0.2306927 -0.966413 0.07724446 -0.2442159 -0.9666395 -0.1415474 -0.2093303 -0.9675461 0.9904466 0.07422322 -0.1162179 0.9683262 0.2209925 -0.1162186 -0.9683228 -0.2209917 -0.1162487 -0.8651427 -0.06482386 -0.4973189 0.1292818 -0.8578807 0.4973199 0 -0.8675588 0.4973348 0.3764178 -0.7816454 0.497333 0.5900987 -0.6359699 0.4973188 0.4830566 -0.5205951 -0.704015 0.3081209 0.6398634 0.7040145 0 -0.7101826 -0.7040176 0.1292818 -0.8578807 -0.4973199 0 -0.8675588 -0.4973348 -0.6923838 0.1580272 0.7040115 -0.4919758 0.1122816 0.8633382 0.4830566 0.5205951 -0.704015 0.4000453 0.5867921 -0.7040162 0.4000453 -0.5867921 -0.7040162 0.7081977 0.05307286 -0.7040166 -0.394528 0.3146274 0.8633409 0.394528 0.3146274 0.8633409 -0.1485658 0.2187896 0.9643958 0.2189478 -0.4546509 -0.8633392 -0.3636402 -0.6298621 0.6863232 -0.3583593 -0.9131111 -0.1944393 -0.6427929 -0.76604 0 -0.2182738 -0.9563212 -0.1944382 0.4999994 -0.8660258 0 -0.646456 -0.3332688 0.6863139 -0.6978318 -0.2049089 0.6863259 0 1 0 -0.646456 0.3332688 0.6863139 -0.4999991 0.8660261 0 -0.3583593 0.9131111 -0.1944393 -0.3420182 -0.9396933 0 -0.8837789 -0.4255921 -0.1944386 0.642787 0.7660451 0 -0.5191965 0.5191965 0.6788741 0.1736508 0.9848074 0 1 0 0 -0.8104777 0.5525568 -0.1944401 -0.9848072 0.1736514 0 0.6358789 -0.367122 0.6788812 0.984808 -0.1736466 0 -0.7092375 -0.1900435 0.6788708 0.6427851 0.7660467 0 0.8660234 -0.5000036 0 -0.571693 -0.4495841 0.6863245 -0.4762849 -0.5496534 0.6863191 -0.4904449 0.8495043 -0.1944383 -0.9809151 0 -0.1944373 0.984808 0.1736466 0 0.7190676 -0.6671847 -0.1944391 -0.7240093 -0.06912618 0.6863179 0.5191965 -0.5191965 0.6788741 -0.9699606 -0.1461868 -0.1944376 0.6118484 -0.393209 0.6863151 0.7141551 0.1376427 0.6863213 -0.4999999 -0.8660256 0 0.9809151 0 -0.1944373 -0.8660234 0.5000036 0 -0.9373415 -0.28911 -0.1944389 0.9396927 0.34202 0 -0.9848082 -0.1736458 0 0.3021145 0.6615756 0.686327 -0.09558552 -0.01443547 -0.9953166 -0.09680497 0 -0.9953034 -0.2508063 0.01886081 -0.9678536 -0.09558552 0.01443547 -0.9953166 -0.2452535 0.05618607 -0.9678295 -0.09204536 0.02847421 -0.9953477 -0.234176 0.09229093 -0.9678037 -0.08627653 0.0416581 -0.9953999 -0.2178756 0.1263794 -0.9677596 -0.07846444 0.05368298 -0.9954706 -0.1966664 0.1576932 -0.9677062 -0.06888121 0.06418132 -0.9955582 -0.1710581 0.1855546 -0.9676305 -0.05780369 0.07288026 -0.9956642 -0.04562628 0.07959425 -0.9957826 -0.03265494 0.08417052 -0.9959163 -0.01934921 0.08655279 -0.9960594 0.001525878 0.2547093 -0.9670165 0.03973567 0.2522698 -0.9668408 0.01913517 0.08105754 -0.9965258 0.07724446 0.2442159 -0.9666395 0.03039687 0.07541239 -0.996689 0.1132558 0.2306927 -0.966413 0.04040753 0.06821066 -0.9968523 0.04901289 0.0596944 -0.9970127 0.05603235 0.05014222 -0.9971691 0.2046895 0.1604678 -0.965584 0.06140351 0.03979629 -0.9973194 0.2273368 0.1288211 -0.9652581 0.06515836 0.02887105 -0.9974573 0.2450973 0.09415078 -0.9649161 -0.001434385 -0.2720151 0.962292 -0.394528 0.3146274 -0.8633409 -0.343223 0.3699277 -0.8633375 0.5031961 -0.03769087 -0.86335 0.7081977 -0.05307286 -0.7040166 -0.3081209 -0.6398634 -0.7040145 -0.4887068 -0.7168087 -0.4973438 -0.8601546 -0.4966092 -0.1162478 -0.7513375 -0.4337785 -0.4973208 0.9904466 -0.07422322 -0.1162179 0.9699606 -0.1461868 -0.1944376 -0.2452248 -0.05618649 -0.9678368 -0.2341691 -0.09228819 -0.9678057 -0.08627653 -0.0416581 -0.9953999 -0.2178465 -0.1263803 -0.9677661 -0.07846444 -0.05368298 -0.9954706 -0.1966664 -0.1576932 -0.9677062 -0.06888133 -0.06415092 -0.9955602 -0.0578038 -0.07284992 -0.9956665 -0.04559594 -0.07956403 -0.9957864 -0.1087996 -0.2284944 -0.9674466 -0.03265506 -0.08414018 -0.9959187 -0.0735197 -0.2426547 -0.9673228 -0.01934921 -0.08655279 -0.9960594 -0.03647011 -0.2514762 -0.9671761 -0.006042778 -0.0867663 -0.9962103 0.001525938 -0.2546808 -0.967024 0.006897389 -0.08487451 -0.9963678 0.03973567 -0.2522698 -0.9668408 0.01913523 -0.0810272 -0.9965283 0.03039693 -0.07538205 -0.9966913 0.04040753 -0.06821066 -0.9968523 0.04898244 -0.05969446 -0.9970143 0.2046895 -0.1604678 -0.965584 0.2273368 -0.1288211 -0.9652581 0.2450973 -0.09415078 -0.9649161 -0.05172932 0.302838 0.9516371 -0.9904466 0.07422322 -0.1162179 -0.9904466 -0.07422322 -0.1162179 -0.9245722 -0.3628401 -0.1162467 -0.7190676 -0.6671847 -0.1944391 -0.4904449 -0.8495043 -0.1944383 -0.4309359 -0.8948634 -0.1162489 -0.2927439 -0.9490981 -0.1162491 -0.1480172 -0.9821327 -0.1162164 0 -0.9932203 -0.116248 0.07327681 -0.978174 -0.1944384 0.1480172 -0.9821327 -0.1162164 0.2182738 -0.9563212 -0.1944382 0.4904449 -0.8495043 -0.1944383 0.6115771 -0.7669206 -0.1944387 0.6755629 -0.7280856 -0.1162154 0.7765297 -0.6192644 -0.1162475 0.8601546 -0.4966092 -0.1162478 0.9245722 -0.3628401 -0.1162467 0.9683228 -0.2209917 -0.1162487 -0.9683262 0.2209925 -0.1162186 -0.9373415 0.28911 -0.1944389 -0.9245722 0.3628401 -0.1162467 -0.8837789 0.4255921 -0.1944386 -0.7190676 0.6671847 -0.1944391 -0.6755605 0.7280831 -0.1162455 -0.6115771 0.7669206 -0.1944387 -0.559509 0.8206316 -0.1162477 -0.2182738 0.9563212 -0.1944382 -0.07327681 0.978174 -0.1944384 0.07327681 0.978174 -0.1944384 0.1480172 0.9821327 -0.1162164 0.2182738 0.9563212 -0.1944382 0.2927364 0.9491046 -0.1162156 0.4309359 0.8948634 -0.1162489 0.4904449 0.8495043 -0.1944383 0.559509 0.8206316 -0.1162477 0.6115771 0.7669206 -0.1944387 0.7190676 0.6671847 -0.1944391 0.8601576 0.4966109 -0.1162177 0.9245722 0.3628401 -0.1162467 0 0.5046014 -0.8633525 0.394528 -0.3146274 -0.8633409 0.343223 -0.3699277 -0.8633375 0.4919629 -0.1122786 -0.8633459 0.4697536 0.1843673 -0.863331 0.07519811 -0.4989811 -0.8633442 0.1058409 -0.7022494 -0.7040195 0.6150473 0.3550873 -0.7040098 0.4370125 0.2523069 -0.8633431 -0.1058409 0.7022494 -0.7040195 0.6611025 -0.259442 -0.7040123 -0.394528 -0.3146274 -0.8633409 0.343223 0.3699277 0.8633375 0.5031961 0.03769087 -0.86335 -0.4697439 -0.1843329 -0.8633436 0.1487222 0.4822103 -0.8633395 -0.4919758 -0.1122816 0.8633382 -0.5031961 0.03769087 -0.86335 0.2637456 0.01916593 -0.9644019 0.07519811 0.4989811 -0.8633442 0 -0.5046241 -0.8633391 0.218942 0.4546389 -0.8633469 0.1292818 0.8578807 -0.4973199 -0.1292818 -0.8578807 -0.4973199 -0.2557177 -0.829015 -0.4973357 -0.5900897 0.6359602 -0.4973417 -0.8076047 0.3169441 -0.4973139 -0.7513375 0.4337785 -0.4973208 0.6923838 -0.1580272 -0.7040115 0.1058409 0.7022494 -0.7040195 -0.6923838 0.1580272 -0.7040115 0.5552356 0.4428029 -0.7040166 -0.5552356 0.4428029 -0.7040166 0.3081209 0.6398634 -0.7040145 0.2093278 0.6786444 -0.7040055 -0.1058409 -0.7022494 -0.7040195 -0.6611025 0.259442 0.7040123 -1.39735e-7 0 1 -0.07519811 0.4989811 -0.8633442 0.2557216 0.8290275 -0.4973127 -0.4887068 0.7168087 -0.4973438 -0.3764236 0.7816573 -0.4973101 0.8458206 -0.1930365 -0.4973171 0.8651427 -0.06482386 -0.4973189 -0.3764178 -0.7816454 -0.497333 0.4887142 -0.7168196 0.4973208 0.4887068 0.7168087 -0.4973438 0.3764236 0.7816573 -0.4973101 -0.8458206 0.1930365 -0.4973171 0.5900897 0.6359602 -0.4973417 0.7513375 0.4337785 -0.4973208 0.8076047 0.3169441 -0.4973139 0.6941893 0.105749 -0.711982 0.4082872 0.07181191 0.9100246 0.688711 0.1368815 -0.7119976 0.4637787 0.5272294 -0.7119962 0.2665868 0.3174626 0.910027 0.4395729 0.5475816 -0.7119904 0.3764178 -0.7816454 -0.497333 -0.9927607 0.1012324 0.06463974 0 -0.6507913 0.7592567 0.5636022 0.3253946 0.7592567 2.75112e-6 0 1 -4.28376e-6 0 1 -1 0 0 0.5624672 0.5946343 0.5744917 0.5655221 0.5913414 -0.5748915 -0.03131228 0.7038855 0.709623 -0.4629211 0.5279889 -0.7119914 -0.476411 0.5190774 0.7096418 0.05310314 0.8165073 -0.5748878 -0.01565617 0.704406 0.7096247 -0.01519852 0.702033 -0.7119823 1.52597e-4 0.4145455 0.9100286 -0.6161574 -0.3367823 -0.7119886 -0.3590933 -0.2071058 0.9100326 -0.6003416 -0.3641846 -0.712011 0.01602226 0.7043406 0.7096814 0.01638883 0.7020043 -0.7119842 0.03210628 0.7037757 0.7096964 0.6155819 -0.3378223 -0.7119937 0.6252799 -0.3247866 0.7096047 0.2293205 -0.7854397 -0.5748884 -4.62566e-7 0 -1 -0.4183192 -0.4985359 0.759257 0 -0.6507912 0.7592568 0 5.14154e-4 0.9999999 4.73821e-5 0 1 2.30534e-5 0 1 2.05423e-4 0 1 -4.40218e-5 0 1 0.7660437 -0.6427887 8.64656e-7 0.7659593 -0.6428891 0 -0.7660451 0.642787 5.43923e-7 -0.7660647 0.6427637 4.87344e-7 0.813125 0.09390777 0.5744643 0.8133299 0.08945101 -0.5748854 0.4284591 0.5593254 0.7096325 -0.5938709 -0.3790776 0.7096602 -0.7948787 0.194073 -0.5748946 0.4406986 0.5499272 0.709482 -0.2554791 -0.6540643 -0.7119904 -0.1419457 -0.3894886 0.9100275 -0.2257837 -0.6648991 -0.7119909 0.465145 0.5292051 0.7096353 0.4769582 0.5184952 0.7096996 -0.2112832 -0.672151 0.7096284 -0.7336818 -0.3622325 -0.5748903 -0.2999099 -0.07120072 0.9513068 -0.2447945 -0.116797 0.9625146 -0.6409044 -0.1130082 0.7592567 -0.2225824 0.6115438 0.7592571 -4.42368e-4 0 1 -6.91641e-6 0 1 -4.1102e-4 0 1 8.8021e-5 0 1 0.1736479 -0.9848079 -1.29334e-7 0.1735945 -0.9848172 -3.83926e-7 -0.1736485 0.9848077 5.9097e-7 -0.1737526 0.9847894 0 0.6832633 -0.4506766 0.5744929 0.6805528 -0.4542512 -0.5748946 0.6877489 0.1530535 0.7096311 0.6908246 0.137762 0.7097768 -0.6884889 0.1380396 -0.7119889 -0.4082265 0.07214766 0.9100252 -0.6940088 0.1069091 -0.7119848 0.6962763 0.1065137 0.709827 0.6987006 0.09058016 0.7096568 0.7950838 0.1934301 -0.5748274 0.5934439 -0.3796881 0.7096911 0.5997436 -0.3651993 -0.7119952 3.455e-7 0 -1 -0.5636016 0.325395 0.7592572 0.418321 -0.4985349 0.7592565 9.47688e-5 0 1 -1.8444e-5 0 1 -4.10509e-4 0 1 -0.4999997 -0.8660256 -1.518e-7 -0.500011 -0.8660191 0 0.4999999 0.8660255 -3.59378e-7 0.5000693 0.8659855 0 0.2337155 -0.7844334 0.5744923 -0.6985877 0.09137487 0.7096662 -0.4841348 0.6596234 -0.5749005 0.617865 -0.3386126 0.7096368 0.358911 -0.2074115 0.9100349 0.601768 -0.366133 0.7098042 -0.8133133 0.09012395 -0.5748037 -0.4278147 0.5597482 0.7096877 -0.4386895 0.5482857 -0.7119932 -0.222582 0.6115456 0.7592557 -2.36944e-5 0 1 9.22224e-6 0 1 1.02669e-4 0 1 -1.71315e-5 0 1 -0.9396928 -0.3420199 6.76423e-7 -0.9397351 -0.3419036 0 0.9396928 0.3420197 0 0.9396805 0.3420539 0 -0.3252158 -0.7511461 0.5744687 -0.3291801 -0.7490939 -0.5748903 0.2701543 -0.6507264 0.7096281 0.2556295 -0.6565613 0.7096343 0.254409 -0.6544868 -0.7119853 0.14161 -0.3896107 0.9100276 -0.2663419 0.3176753 0.9100244 0.2258756 -0.6673418 0.7096725 0.2246859 -0.665268 -0.7119936 0.2105234 -0.6723137 0.7097001 0.733423 -0.3628813 -0.5748112 0.2225862 0.6115438 0.7592561 0.2225845 0.6115434 0.7592568 1.10571e-4 0 1 9.22214e-6 0 1 -1.02585e-4 0 1 -0.9396927 0.34202 0 -0.9396992 0.3420025 3.8393e-7 0.9396927 -0.34202 7.59429e-7 0.9397355 -0.3419024 0 -0.731913 -0.3664143 0.5744946 -0.2261168 -0.6673026 0.7096327 0.4847113 0.6592831 -0.574805 -0.2560255 -0.6563763 0.7096628 -0.2708576 -0.6503634 0.7096926 -0.6809783 -0.4537312 -0.5748015 -0.6875099 0.1538176 0.7096974 1.38223e-6 0 -1 4.62565e-7 0 -1 0.5636017 0.3253961 0.7592567 9.47777e-5 0 1 -9.22173e-6 0 1 -0.5000005 0.8660252 -2.36809e-7 -0.5000954 0.8659704 0 0.5000001 -0.8660254 3.69698e-7 0.5000558 -0.8659932 0 -0.7962285 0.189741 0.5744724 -0.6022123 -0.3657771 0.7096107 -0.05243241 0.8166097 -0.5748039 -0.6180028 -0.3382688 0.7096809 -0.6255488 -0.3240817 0.7096899 -0.5650771 0.5918431 -0.574813 1.38223e-6 0 -1 0 0 -1 0.6409043 -0.1130116 0.7592563 -0.5636021 0.3253958 0.7592565 -4.4238e-4 0 1 9.47735e-5 0 1 6.91595e-6 0 1 6.85372e-5 0 1 0.1736483 0.9848077 4.69063e-7 0.1737287 0.9847936 0 -0.1736481 -0.9848079 2.59213e-7 -0.1736011 -0.9848161 0 -0.4879162 0.6572082 0.5744696 -0.6965901 0.106846 0.709469 -0.6908534 0.1380974 0.7096835 -0.2299921 -0.7852877 -0.5748277 0.4183192 -0.4985365 0.7592565 0.6409044 -0.113009 0.7592567 4.74023e-5 0 1 -3.22747e-5 0 1 -4.10931e-4 4.89523e-4 0.9999998 -4.40296e-5 0 1 0.7660444 0.6427878 3.95896e-7 0.7660079 0.6428312 5.11887e-7 -0.7660441 -0.6427881 2.82889e-7 -0.7660183 -0.6428188 0 0.04858642 0.8170884 0.5744614 -0.4647854 0.5295483 0.7096149 -0.4406048 0.5500465 0.7094479 0.3285646 -0.7494178 -0.5748202 -1.38223e-6 0 -1 -0.1151778 -0.2380768 0.9643929 0.1227853 -0.6963536 0.7071178 -0.6644689 0.2418472 0.7071005 0.4545238 -0.5416669 0.7071105 -0.7071189 -7.76801e-7 0.7070947 -0.8660262 -0.4999988 0 0 -5.35966e-7 1 -1.67445e-6 0 1 0 -1.09945e-6 1 0.7660445 -0.6427876 0 -0.6427847 0.766047 0 -1.29311e-7 0 1 9.26101e-7 1.24544e-6 -1 0 1.24544e-6 -1 3.18834e-6 5.35966e-7 -1 -3.18834e-6 5.35966e-7 -1 -0.2418424 0.6644635 0.7071071 -0.2418475 -0.6644502 0.7071179 -0.696362 -0.1227871 0.7071092 0.7660436 0.6427888 0 0 -3.25287e-6 1 2.41622e-6 0 1 0 -2.64279e-6 1 3.45368e-6 -7.41039e-6 1 -4.95653e-6 -6.21804e-6 1 0.7660431 0.6427893 0 -0.6427875 -0.7660446 0 0.3021145 -0.6615756 0.686327 -1.04187e-6 0 -1 2.78977e-6 2.64279e-6 -1 -6.76861e-6 4.88913e-6 -1 7.40882e-6 4.10248e-6 -1 0 2.40307e-6 -1 6.78342e-7 0 1 -0.1227853 -0.6963537 0.7071177 0.3535509 0.6123679 0.707112 0.1227878 0.696359 0.707112 -0.6963589 0.1227893 0.7071118 -1.51016e-7 0 1 9.061e-7 0 1 -1.23915e-6 0 1 4.22847e-6 0 1 -6.90729e-6 0 1 0.03457826 -0.7264803 0.6863169 0.3420182 -0.9396933 0 0.9396916 0.342023 0 0.1736477 0.9848079 0 -0.939692 0.3420219 0 0.8660261 -0.4999989 0 4.6305e-7 0 -1 -0.6644608 -0.2418448 0.7071088 0.6123658 0.3535543 0.7071121 0 0.7071066 0.7071071 -0.6123713 -0.3535637 0.7071027 -0.9848077 0.1736488 0 0 -8.63348e-7 1 -2.47828e-6 0 1 -0.8660244 -0.5000017 0 0.8660244 0.5000017 0 -0.7660437 0.6427885 0 0.984808 -0.1736468 0 -0.5000009 0.866025 0 -1.85219e-6 0 -1 8.46091e-7 0 -1 0 4.14766e-6 -1 4.82369e-7 0 -1 7.9709e-7 0 -1 0.664459 -0.2418451 0.7071104 0.2418423 0.6644633 0.7071074 -0.5416806 0.4545281 0.7070971 -0.353551 0.6123755 0.7071053 0.8660244 0.5000016 0 -4.18616e-7 0 1 -2.41624e-6 0 1 -1.58566e-6 0 1 4.95648e-6 0 1 -0.3420236 -0.9396914 0 0.3420228 0.9396917 0 -0.9396929 0.3420194 0 0.9396914 -0.3420236 0 1.8522e-6 0 -1 -1.3949e-6 0 -1 0 2.68554e-6 -1 1.59416e-6 0 -1 -0.1227878 0.6963593 0.7071117 0.2418455 -0.6644497 0.7071191 -0.4545179 0.5416747 0.7071083 -0.4545211 -0.5416811 0.7071013 -0.7092375 0.1900435 0.6788708 2.41623e-6 0 1 0 0 1 -4.95648e-6 0 1 2.11423e-6 0 1 0.4999991 -0.8660261 0 -0.7660424 -0.6427901 0 -0.5191965 -0.5191965 0.6788741 -0.6358789 -0.367122 0.6788812 -0.367122 -0.6358789 0.6788812 -0.6874553 -0.6874553 0.2341163 4.63053e-7 0 -1 1.39489e-6 0 -1 -3.7044e-6 0 -1 4.82368e-7 0 -1 0.6963596 0.1227881 0.7071114 0.5416808 0.4545274 0.7070974 0.6963571 -0.1227885 0.7071138 0.6123675 -0.3535501 0.7071127 -1.20814e-6 0 1 1.20812e-6 0 1 2.47828e-6 0 1 -0.7660431 0.6427893 0 -0.9848072 -0.1736514 0 -0.1034918 -0.7198953 0.6863237 2.31525e-7 0 -1 3.83074e-7 -1.78067e-6 1 1.59416e-6 4.14765e-6 -1 0.4545213 0.5416746 0.7071062 0.7071195 -7.83187e-7 0.7070941 0.3535491 -0.6123624 0.7071176 -0.3535504 -0.6123616 0.7071178 -0.571693 0.4495841 0.6863245 -0.4762849 0.5496534 0.6863191 -6.04067e-7 0 1 1.23915e-6 0 1 0.6118484 0.393209 0.6863151 0.6752067 0.2703085 0.6863157 -0.7342603 0 0.6788681 -5.20932e-7 0 -1 -3.11359e-7 0 -1 0.2118324 0.2228803 0.9515522 0.66447 0.2418465 0.7070997 0 -0.7071146 0.707099 -0.6123659 0.3535543 0.707112 0.1736475 -0.9848079 0 -0.9396924 -0.3420208 0 -2.41622e-6 0 1 4.95653e-6 -6.21804e-6 1 -4.22845e-6 -7.17921e-6 1 0.1714581 -0.7067996 0.686321 0.9848078 0.1736481 0 -0.4999991 -0.8660261 0 -8.33493e-6 4.10248e-6 -1 0 4.65792e-6 -1 -4.23038e-7 0 -1 -1.59417e-6 2.40307e-6 -1 0.939693 -0.342019 0 -0.2378689 -0.6872991 0.6863224 -0.3420208 0.9396924 0 -0.9396914 -0.3420236 0 0.6427878 -0.7660443 0 0.6358789 0.367122 0.6788812 0 0.7342603 0.6788681 -0.3420206 0.9396926 0 0.3420214 -0.9396922 0 1.18719e-6 0 1 1.29891e-6 0 1 -5.93597e-7 0 1 -3.24729e-7 0 1 3.24729e-7 0 1 5.93596e-7 0 1 -3.24729e-7 0 1 0.6096622 0.3519841 0.7102248 -0.4977965 -0.4977965 0.7102093 -7.19682e-7 0 1 -7.62781e-7 0 1 7.19683e-7 0 1 1.81484e-7 0 1 0 -1.00073e-6 1 7.78768e-7 0 1 -7.25934e-7 0 1 -4.49802e-7 0 1 -6.75789e-7 -9.14967e-7 1 1.60235e-7 0 1 6.11234e-7 0 1 6.79195e-7 -2.22795e-6 1 0 -8.22995e-7 1 3.81392e-7 0 1 6.10269e-7 -9.85205e-7 1 -3.07839e-7 0 1 -3.20471e-7 0 1 -3.07648e-7 0 1 0 -9.30124e-7 1 1.73317e-7 0 -1 -3.46634e-7 0 -1 0.3420206 0.9396925 0 -0.1736491 -0.9848076 0 0.1736481 -0.9848079 0 -0.1736481 -0.9848079 0 -0.7660459 -0.6427859 0 0.7660446 -0.6427874 0 0.5000009 0.866025 0 -0.1736492 0.9848076 0 1 0 0 -0.8660252 0.5000005 0 -0.1736481 0.9848079 0 -1 0 0 -0.640904 -0.1130101 0.7592567 -3.32647e-7 0 1 -0.4183199 -0.4985352 0.759257 3.8455e-7 0 1 -7.69098e-7 0 1 0.5416906 -0.4545263 0.7070907 -0.5416739 -0.4545235 0.7071053 0.4999999 -0.8660256 0 -0.3420206 -0.9396924 0 -0.6358789 0.367122 0.6788812 0.1736481 0.9848079 0 1 0 0 -0.984808 0.1736466 0 0.9848072 -0.1736514 0 0.6427879 0.7660443 0 0.866022 -0.5000061 0 0.9848072 0.1736514 0 -0.4999994 -0.8660258 0 -0.8660244 0.5000017 0 0.939692 0.3420219 0 -0.984808 -0.1736468 0 0.5636028 0.3253953 0.7592562 7.79926e-7 0 -1 0 -0.6507912 0.7592568 -0.2225863 0.6115429 0.7592567 0.7964018 0.1892198 0.5744042 1.73318e-7 0 -1 0.4183173 -0.4985371 0.7592571 -0.8130964 0.09451842 0.5744046 -1.73317e-7 0 -1 0.7317273 -0.3669318 0.574401 0.2225835 0.6115441 0.7592566 0.4883701 0.6569283 0.5744041 -0.6835976 -0.4502485 0.5744308 3.46634e-7 0 -1 -0.0480681 0.8171579 0.5744063 -0.5621034 0.5950642 0.5744026 -0.5636019 0.3253959 0.7592567 -0.2342695 -0.7843269 0.5744121 -5.61423e-7 0 -1 0.6409048 -0.1130069 0.7592566 0.3246961 -0.7514188 0.5744061 0.1227881 -0.6963629 0.7071081 -0.664463 0.2418431 0.7071074 0.4545211 -0.5416811 0.7071013 -0.7071114 0 0.7071022 -0.8660258 -0.4999997 0 5.12519e-7 0 1 0.7660458 -0.642786 0 -0.6427882 0.766044 0 1.29311e-7 0 1 -4.82368e-7 0 -1 -0.2418484 0.6644545 0.7071136 -0.2418441 -0.664464 0.7071061 -0.6963571 -0.1227885 0.7071138 0.766045 0.642787 0 1.1872e-6 0 1 0.7660453 0.6427866 0 -0.6427878 -0.7660443 0 -0.1227886 -0.696363 0.7071079 0.353551 0.6123755 0.7071053 0.1227887 0.6963623 0.7071086 -0.6963596 0.1227881 0.7071114 0 0 1 0.3420206 -0.9396924 0 0.9396929 0.3420194 0 0.1736491 0.9848077 0 -0.9396927 0.34202 0 0.8660258 -0.4999997 0 -0.6644638 -0.2418444 0.7071062 0.6123679 0.3535554 0.7071099 0 0.7071098 0.7071039 -0.6123675 -0.3535501 0.7071127 -0.9848079 0.1736472 0 6.80176e-7 -8.26111e-7 1 -0.8660209 -0.5000079 0 0.8660234 0.5000036 0 -0.7660449 0.6427873 0 0.9848082 -0.1736458 0 -0.4999997 0.8660256 0 0.6644635 -0.2418442 0.7071066 0.2418465 0.664454 0.7071148 -0.5416843 0.4545224 0.707098 -0.3535509 0.6123679 0.707112 0.8660252 0.5000005 0 -0.3420218 -0.9396921 0 0.3420208 0.9396924 0 -0.9396916 0.342023 0 0.9396926 -0.3420202 0 -0.1227878 0.6963627 0.7071084 0.2418438 -0.6644632 0.707107 -0.4545224 0.5416767 0.7071039 -0.4545238 -0.5416669 0.7071105 0.499997 -0.8660272 0 -0.7660443 -0.6427878 0 0.6963589 0.1227893 0.7071118 0.5416844 0.4545217 0.7070984 0.696362 -0.1227871 0.7071092 0.6123713 -0.3535637 0.7071027 -0.7660453 0.6427866 0 -0.984808 -0.1736466 0 0 -1.98363e-6 1 0.4545233 0.5416758 0.707104 0.7071099 0 0.7071037 0.3535517 -0.6123729 0.7071072 -0.3535512 -0.6123725 0.7071079 1.17033e-6 0 -1 0.664462 0.2418434 0.7071082 0 -0.7071132 0.7071004 -0.6123669 0.3535553 0.7071107 0.1736491 -0.9848076 0 -0.939693 -0.342019 0 0.9848079 0.1736478 0 -0.499997 -0.8660272 0 0.9396924 -0.3420208 0</float_array>
          <technique_common>
            <accessor source="#Cylinder-mesh-normals-array" count="1583" stride="3">
              <param name="X" type="float"/>
              <param name="Y" type="float"/>
              <param name="Z" type="float"/>
            </accessor>
          </technique_common>
        </source>
        <source id="Cylinder-mesh-map-0">
          <float_array id="Cylinder-mesh-map-0-array" count="15876">0.9311073 0.8584925 0.9343658 0.8445166 0.9342641 0.8584729 0.9311073 0.8584925 0.9343658 0.8723766 0.9312119 0.8727934 0.9346639 0.8314587 0.9312119 0.8441374 0.9315186 0.8307065 0.9318084 0.7060173 0.9345696 0.7181023 0.9314404 0.7173101 0.9345629 0.6630166 0.9318302 0.6752469 0.9314293 0.6637863 0.9314293 0.6084215 0.9343179 0.6221752 0.9311772 0.6217781 0.9320065 0.8191149 0.9346639 0.8314587 0.9315186 0.8307065 0.09899675 0.1296287 0.1173599 0.1079683 0.1182292 0.1089035 0.9346639 0.88528 0.9320064 0.8974045 0.9315186 0.8860656 0.9312091 0.7305527 0.9345696 0.7181023 0.9343447 0.7309771 0.9310913 0.6361088 0.9343179 0.6221752 0.9342343 0.6361079 0.9314293 0.6637863 0.9343179 0.6500381 0.9345629 0.6630166 0.9312091 0.7592062 0.9345696 0.771919 0.9314404 0.7726644 0.9310973 0.5343087 0.9343318 0.5482406 0.9311879 0.5486385 0.9311302 0.7448428 0.9343448 0.7588347 0.9312091 0.7592062 0.9345696 0.771919 0.9318084 0.7843 0.9314404 0.7726644 0.9318302 0.5969492 0.9345629 0.6091896 0.9314293 0.6084215 0.9311879 0.5486385 0.9345899 0.5612234 0.9314533 0.5619922 0.9311302 0.7448428 0.9343447 0.7309771 0.9342681 0.7448703 0.9310973 0.5343087 0.9343318 0.5203778 0.9342438 0.5343089 0.4313504 0.2896618 0.4368327 0.2617992 0.43259 0.289944 0.9310913 0.6361088 0.9343179 0.6500381 0.9311772 0.650437 0.9314533 0.5619922 0.9350004 0.5723726 0.9318756 0.5734599 0.9312119 0.8727934 0.9346639 0.88528 0.9315186 0.8860656 0.9967584 0.09576171 0.9921501 0.08138912 0.9967584 0.0813086 0.3261525 0.9885108 0.3292255 0.9948496 0.3261525 0.9948495 0.9067052 0.7351872 0.8658382 0.7186928 0.9073237 0.7186041 0.9420005 0.6500383 0.9345629 0.6630166 0.9343179 0.6500381 0.2673989 0.8087088 0.2329126 0.78582 0.2667211 0.7858982 0.9343179 0.6221752 0.9419168 0.6361081 0.9342343 0.6361079 0.9345629 0.6091896 0.9420005 0.6221755 0.9343179 0.6221752 0.9349528 0.598036 0.9422455 0.6091899 0.9345629 0.6091896 0.9827235 0.4532312 0.9857944 0.475055 0.9827235 0.4751142 0.5573058 0.9966773 0.5526997 0.9850569 0.5573059 0.9848811 0.9342681 0.7448703 0.9420285 0.7588285 0.9343448 0.7588347 0.9343447 0.7309771 0.9419518 0.7448639 0.9342681 0.7448703 0.9345696 0.7181023 0.9420285 0.7309709 0.9343447 0.7309771 0.9426111 0.7071169 0.9345696 0.7181023 0.9349274 0.7071232 0.04259383 0.9986268 0.03952318 0.9938821 0.04259383 0.9937649 0.9350004 0.4962497 0.9422715 0.5073964 0.9345899 0.5073965 0.9345899 0.5073965 0.9420135 0.5203777 0.9343318 0.5203778 0.9420135 0.5203777 0.9342438 0.5343089 0.9343318 0.5203778 0.02536833 0.9983223 0.02229619 0.9924189 0.02536833 0.9923653 0.9350004 0.5723726 0.9422715 0.5612233 0.942682 0.5723725 0.9163784 0.833168 0.9268953 0.8482522 0.9160984 0.8480087 0.331995 0.9931399 0.3350675 0.9990477 0.331995 0.9990985 0.8644984 0.5699492 0.9062759 0.548735 0.9059792 0.5700437 0.2667211 0.7858982 0.2323905 0.7606604 0.2661991 0.7607386 0.4245243 0.5804352 0.4296901 0.5653024 0.4296901 0.5811153 0.4135556 0.5395054 0.4065064 0.5251525 0.4176893 0.5363339 0.3136559 0.5963887 0.3147285 0.5804347 0.3184697 0.5943951 0.4033344 0.6171317 0.3928101 0.6291713 0.3908162 0.6243581 0.4255969 0.5500283 0.4245243 0.5659824 0.4207831 0.5520219 0.6613439 0.3365372 0.6478023 0.3885871 0.6253712 0.3727217 0.3147286 0.5659818 0.3095627 0.5811146 0.3095627 0.5653018 0.3775339 0.6332638 0.3623989 0.6280986 0.3768538 0.6280987 0.3484366 0.5220589 0.3617188 0.5131531 0.3623989 0.5183183 0.4176893 0.5363339 0.4207831 0.5520219 0.4135556 0.5395054 0.3256972 0.6069117 0.3327464 0.6212645 0.3215635 0.6100831 0.4176893 0.6100836 0.4207831 0.5943956 0.4255968 0.5963892 0.4245243 0.5804352 0.4255968 0.5963892 0.4207831 0.5943956 0.3768538 0.5183184 0.3617188 0.5131531 0.3775339 0.5131533 0.4033344 0.5292856 0.3928101 0.517246 0.4065064 0.5251525 0.3623989 0.6280986 0.3464426 0.629171 0.3484366 0.6243579 0.3359183 0.5292853 0.3464426 0.5172457 0.3484366 0.5220589 0.3908162 0.6243581 0.3775339 0.6332638 0.3768538 0.6280987 0.4065064 0.6212649 0.4135556 0.6069121 0.4176893 0.6100836 0.3928101 0.517246 0.3768538 0.5183184 0.3775339 0.5131533 0.4202784 0.3152393 0.4094642 0.3414096 0.4079157 0.3409076 0.3215635 0.5363335 0.3184697 0.5520215 0.3136559 0.5500277 0.3147286 0.5659818 0.3136559 0.5500277 0.3184697 0.5520215 0.3359183 0.6171314 0.3464426 0.629171 0.3327464 0.6212645 0.9161778 0.5555635 0.9268868 0.5396137 0.9269731 0.5553288 0.9161778 0.5237264 0.9268868 0.5396137 0.9160901 0.5396041 0.4135745 0.8774686 0.4240343 0.8624736 0.4243698 0.8769946 0.9168239 0.820421 0.9271711 0.8336387 0.9163784 0.833168 0.9168741 0.7943219 0.9271984 0.7811092 0.9276604 0.7936559 0.9163784 0.8946845 0.9268953 0.8796079 0.9271711 0.8942134 0.9160984 0.8480087 0.9268013 0.8639314 0.9160028 0.8639317 0.91611 0.7667425 0.9268089 0.7508207 0.926908 0.7664989 0.91611 0.7348993 0.9268089 0.7508207 0.9160094 0.7508206 0.4135745 0.8774686 0.4249036 0.8894005 0.4141166 0.8900674 0.9164348 0.5705171 0.9269731 0.5553288 0.9272262 0.5700533 0.01203161 0.5590548 0.01456898 0.5373625 0.01348656 0.5586797 0.4132337 0.8627218 0.4239199 0.8468269 0.4240343 0.8624736 0.4132337 0.8308818 0.4239199 0.8468269 0.4131175 0.8468319 0.4135745 0.8159584 0.4240343 0.831121 0.4132337 0.8308818 0.9168437 0.5834456 0.9272262 0.5700533 0.9276288 0.5827839 0.9164348 0.5090122 0.9269732 0.523979 0.9161778 0.5237264 0.9168741 0.7073245 0.9271984 0.7205345 0.916405 0.7200636 0.9160984 0.8798519 0.9268013 0.8639314 0.9268953 0.8796079 0.9276288 0.4971347 0.9164348 0.5090122 0.9168437 0.4964646 0.08362674 0.6497974 0.08538615 0.6217254 0.08507966 0.6497057 0.9271711 0.8942134 0.9168239 0.9074185 0.9163784 0.8946845 0.4141166 0.8030789 0.4243699 0.8164262 0.4135745 0.8159584 0.916405 0.78158 0.926908 0.7664989 0.9271984 0.7811092 0.6530498 0.7188038 0.6688625 0.7058922 0.6718685 0.7145763 0.6793103 0.5650678 0.683999 0.5867365 0.670592 0.5778945 0.5696948 0.6541102 0.5823423 0.6376165 0.5855693 0.6533477 0.5707492 0.3061403 0.5686356 0.2806854 0.5770359 0.3068422 0.6271635 0.5581339 0.6393204 0.5718686 0.623587 0.5750954 0.6034198 0.679718 0.6004354 0.6967936 0.5869406 0.685102 0.6004354 0.6967936 0.6168269 0.68856 0.6162632 0.7050583 0.5952169 0.5735466 0.5972128 0.5929438 0.5827587 0.5863371 0.66263 0.5586962 0.670592 0.5778945 0.6553529 0.5728234 0.6892745 0.7062676 0.6688625 0.7058922 0.6849446 0.6981334 0.6514245 0.7097336 0.6638319 0.6913592 0.6688625 0.7058922 0.6335706 0.7094506 0.6480985 0.694586 0.6514245 0.7097336 0.7096925 0.6727254 0.6902061 0.6735108 0.6990494 0.6601055 0.5696948 0.6541102 0.5580729 0.6425441 0.5668734 0.6364807 0.7147991 0.6038942 0.7167837 0.5876194 0.7250931 0.6050229 0.8302241 0.3833405 0.8113586 0.4005626 0.8062728 0.3968017 0.7462306 0.5803378 0.7250931 0.6050229 0.7167837 0.5876194 0.5735864 0.6016554 0.5832974 0.6215862 0.5681943 0.6186758 0.7061175 0.5882928 0.683999 0.5867365 0.6940714 0.5751138 0.5304244 0.6113643 0.5624943 0.6044721 0.5581384 0.6232591 0.6449296 0.5563426 0.6553529 0.5728234 0.6393204 0.5718686 0.6102893 0.5639735 0.6092249 0.5822837 0.5952169 0.5735466 0.7041215 0.6448684 0.7204036 0.6389148 0.7170243 0.6564459 0.7170243 0.6564459 0.6990494 0.6601055 0.7041215 0.6448684 0.6162632 0.7050583 0.632066 0.6936312 0.6335706 0.7094506 0.6988036 0.6868755 0.6781941 0.6841709 0.6902061 0.6735108 0.4313504 0.2054762 0.4216364 0.1790028 0.423016 0.17846 0.2751048 0.06051909 0.3022359 0.06822884 0.2748852 0.06198704 0.6849446 0.6981334 0.7043951 0.6942947 0.6892745 0.7062676 0.9777446 0.730033 0.9668844 0.7561756 0.9714052 0.730033 0.669316 0.1412746 0.6284146 0.1082807 0.651205 0.09293615 0.7343739 0.561891 0.7048093 0.572501 0.71924 0.5460214 0.7204036 0.6389148 0.7293211 0.623839 0.7292556 0.643124 0.7204036 0.6389148 0.7050765 0.6288381 0.7196483 0.621077 0.8034414 0.5863339 0.8024557 0.5656374 0.8036715 0.5647446 0.6940714 0.5751138 0.6897705 0.5604259 0.7048093 0.572501 0.8334577 0.1023834 0.8547796 0.1125212 0.8545392 0.120002 0.6271635 0.5581339 0.6102893 0.5639735 0.6155255 0.5518068 0.6724213 0.5519996 0.66263 0.5586962 0.6536318 0.5476446 0.6536318 0.5476446 0.66263 0.5586962 0.6449296 0.5563426 0.6536318 0.5476446 0.6449296 0.5563426 0.6343442 0.5475792 0.6343442 0.5475792 0.6449296 0.5563426 0.6271635 0.5581339 0.6343442 0.5475792 0.6271635 0.5581339 0.6155255 0.5518068 0.6155255 0.5518068 0.6102893 0.5639735 0.5981195 0.5601154 0.5981195 0.5601154 0.6102893 0.5639735 0.5952169 0.5735466 0.5981195 0.5601154 0.5952169 0.5735466 0.5829989 0.5720883 0.5829989 0.5720883 0.5952169 0.5735466 0.5827587 0.5863371 0.5829989 0.5720883 0.5827587 0.5863371 0.570922 0.5871253 0.5681943 0.6186758 0.5624943 0.6044721 0.5735864 0.6016554 0.3281565 0.6779524 0.3403273 0.7703841 0.3281567 0.7633584 0.324896 0.4165323 0.06268197 0.2211798 0.3497771 0.402649 0.5869406 0.685102 0.5927585 0.6677078 0.6034198 0.679718 0.4299054 0.2893325 0.4202784 0.3152393 0.4285774 0.2879849 0.5283398 0.6331928 0.5581384 0.6232591 0.5580729 0.6425441 0.9036841 0.2163046 0.8546563 0.235224 0.851257 0.2126737 0.9716451 0.8415882 0.9825053 0.8154455 0.9779846 0.8415882 0.7340465 0.1217924 0.7573903 0.07253229 0.7567654 0.1238059 0.7013756 0.7330795 0.6718685 0.7145763 0.6892745 0.7062676 0.9345899 0.5073965 0.9311879 0.5199795 0.9314534 0.5066273 0.7990359 0.1403942 0.8098224 0.08837413 0.8334577 0.1023834 0.7170243 0.6564459 0.7292556 0.643124 0.7248997 0.661911 0.6149727 0.7143834 0.6165005 0.745282 0.5957759 0.7381104 0.8034414 0.5863339 0.8022386 0.6079545 0.8022386 0.5866426 0.5767832 0.7271467 0.5825847 0.693882 0.5976235 0.7059571 0.560209 0.7127873 0.5706104 0.6787636 0.5825847 0.693882 0.09620779 0.923507 0.1086059 0.9481118 0.09919041 0.9481117 0.5304244 0.6550214 0.5623009 0.6613601 0.536603 0.6760609 0.5580729 0.6425441 0.5304244 0.6550214 0.5283398 0.6331928 0.5765062 0.6706138 0.5855693 0.6533477 0.5927585 0.6677078 0.6162632 0.7050583 0.5976235 0.7059571 0.6004354 0.6967936 0.7868446 0.3472933 0.8060235 0.3368341 0.7873373 0.3482888 0.008527517 0.6647347 0.009745717 0.6932826 0.008527517 0.6931945 0.5767832 0.5392379 0.5829989 0.5720883 0.560209 0.5535978 0.5957759 0.5282738 0.5981195 0.5601154 0.5767832 0.5392379 0.6155255 0.5518068 0.5957759 0.5282738 0.6165005 0.5211017 0.6165005 0.745282 0.6337622 0.7187385 0.6382081 0.7484024 0.6988036 0.6868755 0.716472 0.6792578 0.7043951 0.6942947 0.6601141 0.5190238 0.6724213 0.5519996 0.6536318 0.5476446 0.7013756 0.5333021 0.6724213 0.5519996 0.6814267 0.5241933 0.71924 0.5460214 0.6897705 0.5604259 0.7013756 0.5333021 0.7196483 0.621077 0.7018495 0.6131069 0.7147991 0.6038942 0.7167837 0.5876194 0.7343739 0.561891 0.7462306 0.5803378 0.7096925 0.6727254 0.7248997 0.661911 0.716472 0.6792578 0.7543815 0.6006947 0.7293211 0.623839 0.7250931 0.6050229 0.2283526 0.7726196 0.2291511 0.7470805 0.2295889 0.7730946 0.3327464 0.5251522 0.3256972 0.539505 0.3215635 0.5363335 0.3815295 0.6709269 0.3679552 0.774021 0.3679549 0.6672901 0.716472 0.6792578 0.7462306 0.6860429 0.7343739 0.7044898 0.6004354 0.6967936 0.5825847 0.693882 0.5869406 0.685102 0.8260629 0.3196817 0.8517056 0.3662121 0.8096634 0.3355305 0.3403273 0.7703841 0.3539016 0.66729 0.3539018 0.774021 0.916405 0.7200636 0.926908 0.7351431 0.91611 0.7348993 0.7343739 0.7044898 0.7043951 0.6942947 0.716472 0.6792578 0.3937002 0.7633587 0.3815295 0.6709269 0.3937 0.6779527 0.3937002 0.7633587 0.3937 0.6779527 0.4036373 0.6878885 0.3937002 0.7633587 0.4036373 0.6878885 0.4036374 0.7534228 0.4036374 0.7534228 0.4036373 0.6878885 0.410664 0.7000574 0.4036374 0.7534228 0.410664 0.7000574 0.410664 0.741254 0.410664 0.741254 0.410664 0.7000574 0.4143013 0.71363 0.410664 0.741254 0.4143013 0.71363 0.4143013 0.7276814 0.372247 0.3851308 0.3211784 0.07694202 0.3463574 0.09027719 0.3281565 0.6779524 0.3281567 0.7633584 0.3182194 0.7534226 0.3281565 0.6779524 0.3182194 0.7534226 0.3182193 0.6878883 0.3182193 0.6878883 0.3182194 0.7534226 0.3111928 0.7412537 0.3182193 0.6878883 0.3111928 0.7412537 0.3111927 0.7000571 0.3111927 0.7000571 0.3111928 0.7412537 0.3075554 0.7276811 0.3111927 0.7000571 0.3075554 0.7276811 0.3075554 0.7136297 0.4406141 0.7838832 0.4393477 0.7726804 0.4405269 0.7620179 0.4405269 0.7620179 0.4393477 0.7726804 0.4393477 0.7513703 0.4405269 0.7620179 0.4393477 0.7513703 0.4406141 0.7402337 0.4406141 0.7402337 0.4393477 0.7513703 0.4395115 0.7304994 0.4406141 0.7402337 0.4395115 0.7304994 0.4408724 0.7193181 0.4408724 0.7193181 0.4395115 0.7304994 0.4398335 0.7107784 0.4408724 0.7193181 0.4398335 0.7107784 0.4412927 0.700027 0.4412927 0.700027 0.4398335 0.7107784 0.4403027 0.6928788 0.4412927 0.700027 0.4403027 0.6928788 0.4418596 0.6830576 0.4418596 0.6830576 0.4403027 0.6928788 0.4409033 0.6774101 0.8659292 0.6698506 0.8644728 0.6641808 0.865278 0.6532748 0.865278 0.6532748 0.8644728 0.6641808 0.8638953 0.6471686 0.865278 0.6532748 0.8638953 0.6471686 0.8647952 0.6342818 0.8647952 0.6342818 0.8638953 0.6471686 0.863483 0.6280866 0.8647952 0.6342818 0.863483 0.6280866 0.8644984 0.6135579 0.8644984 0.6135579 0.863483 0.6280866 0.8632499 0.6075848 0.8644984 0.6135579 0.8632499 0.6075848 0.8643983 0.5918522 0.8643983 0.5918522 0.8632499 0.6075848 0.8632041 0.5863612 0.8643983 0.5918522 0.8632041 0.5863612 0.8644984 0.5699492 0.8644984 0.5699492 0.8632041 0.5863612 0.8633469 0.5651385 0.8644984 0.5699492 0.8633469 0.5651385 0.8647952 0.5486404 0.8647952 0.5486404 0.8633469 0.5651385 0.8636738 0.5446396 0.8647952 0.5486404 0.8636738 0.5446396 0.865278 0.5286962 0.865278 0.5286962 0.8636738 0.5446396 0.8641732 0.5255624 0.865278 0.5286962 0.8641732 0.5255624 0.8659292 0.5108373 0.8659292 0.5108373 0.8641732 0.5255624 0.8648286 0.5085566 0.8056198 0.6838945 0.804301 0.6821116 0.8047807 0.6682432 0.8047807 0.6682432 0.804301 0.6821116 0.8035048 0.6665682 0.8047807 0.6682432 0.8035048 0.6665682 0.8041234 0.6499682 0.8041234 0.6499682 0.8035048 0.6665682 0.8028826 0.6486095 0.8041234 0.6499682 0.8028826 0.6486095 0.8036715 0.6297299 0.8036715 0.6297299 0.8028826 0.6486095 0.8024557 0.6288473 0.5668734 0.6364807 0.5581384 0.6232591 0.5681943 0.6186758 0.6165005 0.5211017 0.6343442 0.5475792 0.6155255 0.5518068 0.8011019 0.5866058 0.8022386 0.6079545 0.8011019 0.6080027 0.8011019 0.5866058 0.8001073 0.6080801 0.8001073 0.5865479 0.8351727 0.1802564 0.8438714 0.2000788 0.8343563 0.1807601 0.7028599 0.127376 0.6828773 0.1362035 0.6823866 0.1352027 0.4079157 0.3409076 0.3936608 0.3645862 0.3917792 0.3643883 0.6814512 0.3478218 0.6806147 0.3487359 0.6628664 0.3362025 0.6628664 0.3362025 0.6806147 0.3487359 0.6613439 0.3365372 0.6628664 0.3362025 0.6613439 0.3365372 0.6467334 0.3213666 0.6467334 0.3213666 0.6613439 0.3365372 0.6447303 0.3209124 0.6467334 0.3213666 0.6447303 0.3209124 0.6336014 0.3038194 0.6336014 0.3038194 0.6447303 0.3209124 0.6313743 0.3024262 0.6336014 0.3038194 0.6313743 0.3024262 0.6239178 0.2841582 0.6239178 0.2841582 0.6313743 0.3024262 0.6217586 0.2817469 0.6239178 0.2841582 0.6217586 0.2817469 0.6180123 0.2630528 0.6180123 0.2630528 0.6217586 0.2817469 0.6162309 0.2596218 0.6180123 0.2630528 0.6162309 0.2596218 0.6160859 0.2412217 0.6160859 0.2412217 0.6162309 0.2596218 0.6149907 0.2368506 0.6160859 0.2412217 0.6149907 0.2368506 0.6182043 0.2194086 0.6182043 0.2194086 0.6149907 0.2368506 0.618083 0.2142562 0.6182043 0.2194086 0.618083 0.2142562 0.6242953 0.1983561 0.6242953 0.1983561 0.618083 0.2142562 0.625396 0.1926555 0.6242953 0.1983561 0.625396 0.1926555 0.6341516 0.1787812 0.6341516 0.1787812 0.625396 0.1926555 0.6366654 0.1728289 0.6341516 0.1787812 0.6366654 0.1728289 0.6474374 0.1613505 0.6474374 0.1613505 0.6366654 0.1728289 0.651484 0.1554931 0.6474374 0.1613505 0.651484 0.1554931 0.6637004 0.1466575 0.6637004 0.1466575 0.651484 0.1554931 0.669316 0.1412746 0.6637004 0.1466575 0.669316 0.1412746 0.6823866 0.1352027 0.6823866 0.1352027 0.669316 0.1412746 0.689517 0.1306875 0.6823866 0.1352027 0.689517 0.1306875 0.7028599 0.127376 0.7028599 0.127376 0.689517 0.1306875 0.711357 0.1241142 0.7028599 0.127376 0.711357 0.1241142 0.724423 0.1234441 0.724423 0.1234441 0.711357 0.1241142 0.7340465 0.1217924 0.724423 0.1234441 0.7340465 0.1217924 0.7463415 0.1235408 0.7463415 0.1235408 0.7340465 0.1217924 0.7567654 0.1238059 0.7463415 0.1235408 0.7567654 0.1238059 0.7678692 0.1276628 0.7678692 0.1276628 0.7567654 0.1238059 0.7786928 0.1300822 0.7678692 0.1276628 0.7786928 0.1300822 0.7882728 0.1356698 0.7882728 0.1356698 0.7786928 0.1300822 0.7990359 0.1403942 0.7882728 0.1356698 0.7990359 0.1403942 0.8068575 0.147289 0.8068575 0.147289 0.7990359 0.1403942 0.8170597 0.1543692 0.8068575 0.147289 0.8170597 0.1543692 0.8229905 0.1621249 0.8229905 0.1621249 0.8170597 0.1543692 0.8321127 0.1715024 0.8229905 0.1621249 0.8321127 0.1715024 0.8361225 0.1796722 0.8361225 0.1796722 0.8321127 0.1715024 0.8436508 0.1911742 0.8361225 0.1796722 0.8436508 0.1911742 0.8458061 0.1993333 0.8458061 0.1993333 0.8436508 0.1911742 0.851257 0.2126737 0.8458061 0.1993333 0.851257 0.2126737 0.8517116 0.2204387 0.8517116 0.2204387 0.851257 0.2126737 0.8546563 0.235224 0.8517116 0.2204387 0.8546563 0.235224 0.8536381 0.2422698 0.8536381 0.2422698 0.8546563 0.235224 0.8537261 0.25801 0.8536381 0.2422698 0.8537261 0.25801 0.8515197 0.2640829 0.8515197 0.2640829 0.8537261 0.25801 0.8484997 0.2802081 0.8515197 0.2640829 0.8484997 0.2802081 0.8454286 0.2851355 0.8454286 0.2851355 0.8484997 0.2802081 0.8391662 0.3010159 0.8454286 0.2851355 0.8391662 0.3010159 0.8355724 0.3047103 0.8355724 0.3047103 0.8391662 0.3010159 0.8260629 0.3196817 0.8355724 0.3047103 0.8260629 0.3196817 0.8222865 0.3221411 0.8222865 0.3221411 0.8260629 0.3196817 0.8096634 0.3355305 0.8222865 0.3221411 0.8096634 0.3355305 0.8060235 0.3368341 0.8060235 0.3368341 0.8096634 0.3355305 0.7905603 0.3479897 0.8060235 0.3368341 0.7905603 0.3479897 0.7873373 0.3482888 0.7873373 0.3482888 0.7905603 0.3479897 0.7694443 0.356609 0.7873373 0.3482888 0.7694443 0.356609 0.766864 0.3561156 0.766864 0.3561156 0.7694443 0.356609 0.7470782 0.3610768 0.766864 0.3561156 0.7470782 0.3610768 0.745301 0.3600475 0.745301 0.3600475 0.7470782 0.3610768 0.7242708 0.3612316 0.745301 0.3600475 0.7242708 0.3612316 0.7233824 0.3599508 0.7233824 0.3599508 0.7242708 0.3612316 0.7018461 0.3570678 0.7233824 0.3599508 0.7018461 0.3570678 0.7018548 0.3558288 0.4393477 0.7726804 0.4406141 0.7838832 0.4395115 0.7937039 0.4395115 0.7937039 0.4406141 0.7838832 0.4408724 0.8050395 0.4395115 0.7937039 0.4408724 0.8050395 0.4398335 0.8137249 0.4398335 0.8137249 0.4408724 0.8050395 0.4412927 0.8247221 0.4398335 0.8137249 0.4412927 0.8247221 0.4403027 0.8320617 0.4403027 0.8320617 0.4412927 0.8247221 0.4418596 0.8422196 0.4403027 0.8320617 0.4418596 0.8422196 0.4409033 0.8480898 0.864395 0.7243655 0.8658382 0.7186928 0.8652198 0.735276 0.864395 0.7243655 0.8652198 0.735276 0.8638466 0.7413843 0.8638466 0.7413843 0.8652198 0.735276 0.8647614 0.7542747 0.8638466 0.7413843 0.8647614 0.7542747 0.863455 0.7604711 0.863455 0.7604711 0.8647614 0.7542747 0.8644795 0.7750023 0.863455 0.7604711 0.8644795 0.7750023 0.8632337 0.7809759 0.8632337 0.7809759 0.8644795 0.7750023 0.8643844 0.7967095 0.8632337 0.7809759 0.8643844 0.7967095 0.8631902 0.8022006 0.8631902 0.8022006 0.8643844 0.7967095 0.8644795 0.818612 0.8631902 0.8022006 0.8644795 0.818612 0.8633258 0.8234222 0.8633258 0.8234222 0.8644795 0.818612 0.8647614 0.8399181 0.8633258 0.8234222 0.8647614 0.8399181 0.8636361 0.8439182 0.8636361 0.8439182 0.8647614 0.8399181 0.8652198 0.8598577 0.8636361 0.8439182 0.8652198 0.8598577 0.8641105 0.8629904 0.8641105 0.8629904 0.8652198 0.8598577 0.8658382 0.8777101 0.8641105 0.8629904 0.8658382 0.8777101 0.8647328 0.8799897 0.804301 0.5114173 0.8056198 0.509571 0.8047807 0.5256568 0.804301 0.5114173 0.8047807 0.5256568 0.8035048 0.5273732 0.8035048 0.5273732 0.8047807 0.5256568 0.8041234 0.5442723 0.8035048 0.5273732 0.8041234 0.5442723 0.8028827 0.5456541 0.8028827 0.5456541 0.8041234 0.5442723 0.8036715 0.5647446 0.8028827 0.5456541 0.8036715 0.5647446 0.8024557 0.5656374 0.7061175 0.5882928 0.7048093 0.572501 0.7167837 0.5876194 0.8024557 0.6288473 0.8017486 0.64882 0.80132 0.6289789 0.8632337 0.7809759 0.8620575 0.8022033 0.8621011 0.7808939 0.8625419 0.5444704 0.8641732 0.5255624 0.8636738 0.5446396 0.8627644 0.6474086 0.8644728 0.6641808 0.8633442 0.6644887 0.4395115 0.7937039 0.4387043 0.8139232 0.438381 0.7938223 0.4393477 0.7726804 0.438381 0.7938223 0.4382166 0.7727149 0.8633258 0.8234222 0.8620575 0.8022033 0.8631902 0.8022006 0.438381 0.7303656 0.4393477 0.7513703 0.4382166 0.7513198 0.80132 0.6289789 0.8022386 0.6079545 0.8024557 0.6288473 0.8022386 0.5866426 0.80132 0.5655167 0.8024557 0.5656374 0.4387043 0.7105658 0.4395115 0.7304994 0.438381 0.7303656 0.8024557 0.5656374 0.8017486 0.5454537 0.8028827 0.5456541 0.4397784 0.6770645 0.4403027 0.6928788 0.4391754 0.6925948 0.8621011 0.7808939 0.863455 0.7604711 0.8632337 0.7809759 0.4403027 0.8320617 0.4397784 0.8484252 0.4391754 0.8323332 0.8623504 0.6282505 0.8638953 0.6471686 0.8627644 0.6474086 0.8633469 0.5651385 0.8620703 0.5863585 0.8622138 0.5650512 0.8627164 0.7411443 0.864395 0.7243655 0.8638466 0.7413843 0.8622138 0.5650512 0.8636738 0.5446396 0.8633469 0.5651385 0.8641105 0.8629904 0.8625052 0.8440874 0.8636361 0.8439182 0.4387043 0.7105658 0.4403027 0.6928788 0.4398335 0.7107784 0.8028827 0.5456541 0.8023733 0.5270999 0.8035048 0.5273732 0.8017486 0.64882 0.8035048 0.6665682 0.8023732 0.6668503 0.4398335 0.8137249 0.4391754 0.8323332 0.4387043 0.8139232 0.560209 0.5535978 0.570922 0.5871253 0.5466523 0.5708343 0.8621937 0.8235096 0.86152 0.8443548 0.8612065 0.8236469 0.8007581 0.5451355 0.8023733 0.5270999 0.8017486 0.5454537 0.6601141 0.7473588 0.6718685 0.7145763 0.6814267 0.7421889 0.8613624 0.628513 0.8621164 0.6076669 0.8623504 0.6282505 0.8438714 0.2000788 0.8337291 0.1811488 0.8343563 0.1807601 0.8617326 0.7407609 0.8623234 0.7603073 0.861337 0.760045 0.8001073 0.5865479 0.80132 0.5655167 0.8011019 0.5866058 0.8001073 0.6080801 0.80132 0.6289789 0.8003267 0.6291889 0.8007581 0.6491554 0.80132 0.6289789 0.8017486 0.64882 0.4382166 0.7513198 0.4372313 0.772769 0.4372313 0.7512387 0.861337 0.760045 0.8621011 0.7808939 0.8611134 0.7807618 0.8013867 0.6672998 0.8017486 0.64882 0.8023732 0.6668503 0.861127 0.6077992 0.8620703 0.5863585 0.8621164 0.6076669 0.8617326 0.7407609 0.8632671 0.7240576 0.8627164 0.7411443 0.8620599 0.5249288 0.8637014 0.5082435 0.8630434 0.5253171 0.8615552 0.5442032 0.8622138 0.5650512 0.861225 0.5649141 0.4377221 0.7102271 0.438381 0.7303656 0.4373968 0.730152 0.8620575 0.8022033 0.8612065 0.8236469 0.8610693 0.8022059 0.8611134 0.7807618 0.8620575 0.8022033 0.8610693 0.8022059 0.9350004 0.4962497 0.9314534 0.5066273 0.9318756 0.4951621 0.8623504 0.6282505 0.861779 0.6477922 0.8613624 0.628513 0.8636062 0.8803029 0.8619992 0.8636243 0.8629815 0.8632358 0.437722 0.814238 0.4391754 0.8323332 0.4381962 0.8327643 0.4372313 0.772769 0.438381 0.7938223 0.4373967 0.7940099 0.8021911 0.683004 0.8023732 0.6668503 0.8031727 0.6824558 0.8620703 0.5863585 0.8632499 0.6075848 0.8621164 0.6076669 0.8647328 0.8799897 0.8629815 0.8632358 0.8641105 0.8629904 0.7585319 0.6441541 0.7293211 0.623839 0.7585319 0.6222262 0.8630434 0.5253171 0.8648286 0.5085566 0.8641732 0.5255624 0.4393477 0.7513703 0.4382166 0.7727149 0.4382166 0.7513198 0.8636361 0.8439182 0.8621937 0.8235096 0.8633258 0.8234222 0.8623234 0.7603073 0.8638466 0.7413843 0.863455 0.7604711 0.8621164 0.6076669 0.863483 0.6280866 0.8623504 0.6282505 0.8443916 0.2847315 0.8494853 0.2637008 0.8504256 0.2638763 0.6350942 0.1793738 0.6489573 0.1627575 0.6359028 0.1798846 0.8343563 0.1807601 0.8221638 0.1628736 0.8351727 0.1802564 0.6828773 0.1362035 0.664937 0.1483203 0.6643661 0.1475511 0.7452021 0.3589417 0.766304 0.3541306 0.7665631 0.3550466 0.8517116 0.2204387 0.8447656 0.1997334 0.8458061 0.1993333 0.6200445 0.2626886 0.6171977 0.2412292 0.6181517 0.2412376 0.7868446 0.3472933 0.8047816 0.3351849 0.8053558 0.3359457 0.7873399 0.137524 0.7675589 0.1287344 0.7877713 0.1366662 0.8504256 0.2638763 0.8515669 0.2422675 0.8525242 0.2422675 0.8214531 0.1635184 0.806182 0.1481767 0.8221638 0.1628736 0.6823787 0.3459812 0.702163 0.3547625 0.6819506 0.3468306 0.7031587 0.1284502 0.6832979 0.1370649 0.6828773 0.1362035 0.8447656 0.1997334 0.8496741 0.2208167 0.8438714 0.2000788 0.7234889 0.3588459 0.7451165 0.3579941 0.7452021 0.3589417 0.664937 0.1483203 0.6482555 0.1621063 0.6643661 0.1475511 0.6202332 0.2198045 0.6253303 0.1987653 0.6262182 0.1991186 0.8443916 0.2847315 0.8338158 0.3036206 0.8435004 0.2843866 0.8346277 0.3041231 0.8207613 0.3207478 0.8338158 0.3036206 0.8047816 0.3351849 0.8214664 0.3213905 0.8053558 0.3359457 0.8525242 0.2422675 0.8496741 0.2208167 0.8506158 0.220641 0.536603 0.5903247 0.570922 0.5871253 0.5624943 0.6044721 0.6482655 0.3199868 0.6345492 0.3032404 0.6353622 0.3027452 0.7031587 0.1284502 0.7246021 0.1255112 0.7034146 0.1293746 0.7672917 0.1296564 0.7462329 0.124651 0.7675589 0.1287344 0.4372313 0.7512387 0.438381 0.7303656 0.4382166 0.7513198 0.8023733 0.5270999 0.8021911 0.5105448 0.8031727 0.5110803 0.4381962 0.6921424 0.4387043 0.7105658 0.4377221 0.7102271 0.861779 0.6477922 0.8633442 0.6644887 0.8623625 0.6649804 0.8620599 0.5249288 0.8625419 0.5444704 0.8615552 0.5442032 0.8619992 0.8636243 0.8625052 0.8440874 0.8629815 0.8632358 0.8003267 0.5653254 0.8017486 0.5454537 0.80132 0.5655167 0.4373967 0.7940099 0.4387043 0.8139232 0.437722 0.814238 0.8361225 0.1796722 0.8221638 0.1628736 0.8229905 0.1621249 0.6249563 0.2837635 0.6336014 0.3038194 0.6239178 0.2841582 0.8536381 0.2422698 0.8506158 0.220641 0.8517116 0.2204387 0.7452021 0.3589417 0.766864 0.3561156 0.745301 0.3600475 0.766864 0.3561156 0.7868446 0.3472933 0.7873373 0.3482888 0.6819506 0.3468306 0.7018548 0.3558288 0.6814512 0.3478218 0.7018548 0.3558288 0.7234889 0.3588459 0.7233824 0.3599508 0.806182 0.1481767 0.7882728 0.1356698 0.8068575 0.147289 0.8536381 0.2422698 0.8504256 0.2638763 0.8525242 0.2422675 0.7463415 0.1235408 0.7245198 0.1245552 0.724423 0.1234441 0.8222865 0.3221411 0.8053558 0.3359457 0.8214664 0.3213905 0.7877713 0.1366662 0.7678692 0.1276628 0.7882728 0.1356698 0.8222865 0.3221411 0.8346277 0.3041231 0.8355724 0.3047103 0.6828773 0.1362035 0.6637004 0.1466575 0.6823866 0.1352027 0.8361225 0.1796722 0.8447656 0.1997334 0.8351727 0.1802564 0.6182043 0.2194086 0.6253303 0.1987653 0.6192963 0.2196205 0.6475581 0.3206232 0.6628664 0.3362025 0.6467334 0.3213666 0.6341516 0.1787812 0.6253303 0.1987653 0.6242953 0.1983561 0.6192963 0.2196205 0.6160859 0.2412217 0.6182043 0.2194086 0.6474374 0.1613505 0.6643661 0.1475511 0.6482555 0.1621063 0.724423 0.1234441 0.7031587 0.1284502 0.7028599 0.127376 0.6814512 0.3478218 0.66354 0.3353201 0.6819506 0.3468306 0.7234889 0.3588459 0.745301 0.3600475 0.7233824 0.3599508 0.8443916 0.2847315 0.8515197 0.2640829 0.8454286 0.2851355 0.7678692 0.1276628 0.7462329 0.124651 0.7463415 0.1235408 0.7665631 0.3550466 0.7864207 0.3464403 0.7868446 0.3472933 0.6823787 0.3459812 0.66354 0.3353201 0.6641175 0.3345643 0.806182 0.1481767 0.7873399 0.137524 0.7877713 0.1366662 0.6181517 0.2412376 0.6192963 0.2196205 0.6202332 0.2198045 0.6258473 0.2834265 0.6345492 0.3032404 0.6249563 0.2837635 0.6641175 0.3345643 0.6475581 0.3206232 0.6482655 0.3199868 0.6253303 0.1987653 0.6359028 0.1798846 0.6262182 0.1991186 0.7024269 0.3538488 0.7234889 0.3588459 0.702163 0.3547625 0.6191061 0.2628558 0.6160859 0.2412217 0.6171977 0.2412292 0.8355724 0.3047103 0.8443916 0.2847315 0.8454286 0.2851355 0.9622751 0.5933191 0.951892 0.6471729 0.9467028 0.593319 0.6249563 0.2837635 0.6180123 0.2630528 0.6191061 0.2628558 0.4087634 0.9653264 0.4191465 0.9114724 0.4243357 0.9653264 0.6345492 0.3032404 0.6467334 0.3213666 0.6336014 0.3038194 0.8229905 0.1621249 0.806182 0.1481767 0.8068575 0.147289 0.6474374 0.1613505 0.6350942 0.1793738 0.6341516 0.1787812 0.9921501 0.06241333 0.9967584 0.07694834 0.9921501 0.07686787 0.9766334 0.189257 0.9812428 0.2422989 0.9766334 0.2422617 0.3509609 0.9074917 0.3478895 0.8873366 0.3509609 0.8874217 0.4408724 0.8050395 0.4821065 0.7838493 0.4823648 0.8050056 0.1598861 0.6081334 0.1942573 0.5822395 0.1936892 0.6081345 0.9873169 0.2097364 0.9842439 0.1869454 0.9873169 0.1869209 0.9873169 0.2428696 0.9842439 0.2200345 0.9873169 0.2200593 0.159305 0.6927407 0.1931081 0.6640097 0.1931081 0.6927418 0.2656651 0.676972 0.2320359 0.6482898 0.2658444 0.648368 0.8644984 0.6135579 0.905879 0.5919467 0.9059791 0.6136524 0.9812349 0.2565519 0.9766324 0.2985302 0.9766324 0.2567598 0.290654 0.9101648 0.2875822 0.8920191 0.290654 0.8921226 0.4406141 0.7402337 0.4820193 0.7619839 0.4405269 0.7620179 0.4920116 0.6408538 0.4874044 0.5940891 0.4920116 0.5942167 0.1694889 0.9204978 0.1740977 0.9734686 0.1694889 0.9735076 0.8659292 0.6698506 0.9067587 0.6533694 0.90741 0.6699451 0.2673989 0.5693562 0.2329126 0.593874 0.2335904 0.5692779 0.9797168 0.4770785 0.9766432 0.4539213 0.9797167 0.4539188 0.1611919 0.7982063 0.1942573 0.7744786 0.1949949 0.7982074 0.8036715 0.6297299 0.8449062 0.6082929 0.8451364 0.629763 0.01286089 0.7076196 0.04652798 0.6790286 0.04664707 0.7076465 0.01459395 0.570241 0.04937344 0.5475495 0.04838013 0.570268 0.119191 0.9961847 0.1145864 0.9828186 0.119191 0.9829708 0.8659292 0.5108373 0.9067587 0.5287907 0.865278 0.5286962 0.04794436 0.9986245 0.04487425 0.993889 0.04794436 0.9937654 0.9419168 0.6361081 0.9343179 0.6500381 0.9342343 0.6361079 0.08719497 0.7485605 0.1205878 0.7211035 0.1209942 0.7485603 0.2320359 0.7337138 0.2656651 0.7056604 0.2658444 0.733792 0.9873178 0.3332578 0.9842453 0.3104714 0.9873178 0.3104454 0.2658444 0.648368 0.2323905 0.620409 0.2661991 0.6204872 0.9210438 0.6583878 0.9256511 0.6045702 0.9256511 0.6583915 0.9345899 0.5612234 0.9420135 0.5482406 0.9422715 0.5612233 0.865278 0.5286962 0.9062759 0.548735 0.8647952 0.5486404 0.5957759 0.7381104 0.5976235 0.7059571 0.6149727 0.7143834 0.6335706 0.7094506 0.6149727 0.7143834 0.6162632 0.7050583 0.625396 0.1926555 0.5916237 0.1488527 0.6366654 0.1728289 0.7337028 0.9743346 0.7258213 0.9207956 0.7413935 0.9207811 0.618083 0.2142562 0.5648566 0.2260496 0.5695759 0.1989856 0.6149907 0.2368506 0.5645405 0.25352 0.5648566 0.2260496 0.8302241 0.3833405 0.8096634 0.3355305 0.8517056 0.3662121 0.6217586 0.2817469 0.5686356 0.2806854 0.6162309 0.2596218 0.7694443 0.356609 0.8062728 0.3968017 0.7804719 0.4062469 0.6447303 0.3209124 0.5895237 0.331313 0.6313743 0.3024262 0.8321127 0.1715024 0.886938 0.1641606 0.8436508 0.1911742 0.8436508 0.1911742 0.8974161 0.1895567 0.851257 0.2126737 0.6806147 0.3487359 0.6724883 0.4006494 0.6478023 0.3885871 0.7462306 0.6860429 0.7248997 0.661911 0.7543815 0.6656857 0.8537261 0.25801 0.9055796 0.2437114 0.9030538 0.2710672 0.6447303 0.3209124 0.6253712 0.3727217 0.6057758 0.3534641 0.1587702 0.974274 0.1508896 0.9206613 0.1664616 0.9205981 0.6313743 0.3024262 0.5770359 0.3068422 0.6217586 0.2817469 0.7147991 0.6038942 0.6946604 0.5987468 0.7061175 0.5882928 0.8098224 0.08837413 0.7786928 0.1300822 0.7842459 0.07833713 0.7567654 0.1238059 0.7842459 0.07833713 0.7786928 0.1300822 0.8170597 0.1543692 0.8334577 0.1023834 0.8545392 0.120002 0.711357 0.1241142 0.7299512 0.07110995 0.7340465 0.1217924 0.5668734 0.6364807 0.5832974 0.6215862 0.5823423 0.6376165 0.7242708 0.3612316 0.6987897 0.4085961 0.7018461 0.3570678 0.6284146 0.1082807 0.651484 0.1554931 0.6083813 0.1270818 0.6366654 0.1728289 0.6083813 0.1270818 0.651484 0.1554931 0.711357 0.1241142 0.676162 0.08144575 0.7026393 0.07410699 0.8321127 0.1715024 0.8545392 0.120002 0.8725212 0.1407737 0.353731 0.9236079 0.3661293 0.9482122 0.3567137 0.9482123 0.7905603 0.3479897 0.8302241 0.3833405 0.8062728 0.3968017 0.5645405 0.25352 0.6162309 0.2596218 0.5686356 0.2806854 0.5827587 0.5863371 0.5883694 0.6063491 0.5735864 0.6016554 0.536603 0.6760609 0.5706104 0.6787636 0.5466523 0.695551 0.625396 0.1926555 0.5695759 0.1989856 0.5785759 0.1730294 0.6849446 0.6981334 0.6638319 0.6913592 0.6781941 0.6841709 0.6382081 0.5179807 0.6536318 0.5476446 0.6343442 0.5475792 0.04664707 0.650349 0.05216306 0.664705 0.04652798 0.6790286 0.04652798 0.6790286 0.05216306 0.664705 0.05216306 0.6933245 0.04652798 0.6790286 0.05216306 0.6933245 0.04664707 0.7076465 0.04664707 0.7076465 0.05216306 0.6933245 0.05239951 0.7215631 0.04664707 0.7076465 0.05239951 0.7215631 0.04700154 0.7355635 0.04700154 0.7355635 0.05239951 0.7215631 0.05286735 0.7487899 0.04700154 0.7355635 0.05286735 0.7487899 0.04758358 0.762156 0.04758358 0.762156 0.05286735 0.7487899 0.0535559 0.7743969 0.04758358 0.762156 0.0535559 0.7743969 0.04838007 0.7868299 0.04838007 0.7868299 0.0535559 0.7743969 0.05445003 0.7978119 0.04838007 0.7868299 0.05445003 0.7978119 0.04937338 0.8090339 0.04937338 0.8090339 0.05445003 0.7978119 0.05552947 0.818512 0.1233071 0.537413 0.1284119 0.548076 0.1223692 0.5584723 0.1223692 0.5584723 0.1284119 0.548076 0.1275554 0.5704514 0.1223692 0.5584723 0.1275554 0.5704514 0.1215925 0.5822097 0.1215925 0.5822097 0.1275554 0.5704514 0.1268686 0.5952372 0.1215925 0.5822097 0.1268686 0.5952372 0.1209942 0.6080946 0.1209942 0.6080946 0.1268686 0.5952372 0.1263667 0.6218796 0.1209942 0.6080946 0.1263667 0.6218796 0.1205878 0.6355491 0.1205878 0.6355491 0.1263667 0.6218796 0.1260612 0.6497836 0.1205878 0.6355491 0.1260612 0.6497836 0.1203823 0.6639596 0.1203823 0.6639596 0.1260612 0.6497836 0.1259585 0.6783257 0.1203823 0.6639596 0.1259585 0.6783257 0.1203823 0.6926917 0.1203823 0.6926917 0.1259585 0.6783257 0.1260612 0.7068684 0.1203823 0.6926917 0.1260612 0.7068684 0.1205878 0.7211035 0.1205878 0.7211035 0.1260612 0.7068684 0.1263667 0.7347741 0.1205878 0.7211035 0.1263667 0.7347741 0.1209942 0.7485603 0.1209942 0.7485603 0.1263667 0.7347741 0.1268686 0.7614194 0.1209942 0.7485603 0.1268686 0.7614194 0.1215925 0.7744488 0.1215925 0.7744488 0.1268686 0.7614194 0.1275554 0.7862092 0.1215925 0.7744488 0.1275554 0.7862092 0.1223692 0.7981905 0.1223692 0.7981905 0.1275554 0.7862092 0.1284119 0.8085896 0.1223692 0.7981905 0.1284119 0.8085896 0.1233071 0.8192554 0.2682173 0.5472482 0.2742611 0.5378444 0.2733825 0.5584403 0.2682173 0.5472482 0.2733825 0.5584403 0.2673989 0.5693562 0.2673989 0.5693562 0.2733825 0.5584403 0.2726352 0.5817685 0.2673989 0.5693562 0.2726352 0.5817685 0.2667211 0.5939523 0.2667211 0.5939523 0.2726352 0.5817685 0.2720358 0.6073078 0.2667211 0.5939523 0.2720358 0.6073078 0.2661991 0.6204872 0.2661991 0.6204872 0.2720358 0.6073078 0.2715979 0.6344879 0.2661991 0.6204872 0.2715979 0.6344879 0.2658444 0.648368 0.2658444 0.648368 0.2715979 0.6344879 0.2713312 0.6627014 0.2658444 0.648368 0.2713312 0.6627014 0.2656651 0.676972 0.2656651 0.676972 0.2713312 0.6627014 0.2712416 0.6913183 0.2656651 0.676972 0.2712416 0.6913183 0.2656651 0.7056604 0.2656651 0.7056604 0.2712416 0.6913183 0.2713313 0.7196992 0.2656651 0.7056604 0.2713313 0.7196992 0.2658444 0.733792 0.2658444 0.733792 0.2713313 0.7196992 0.2715979 0.7472101 0.2658444 0.733792 0.2715979 0.7472101 0.2661991 0.7607386 0.2661991 0.7607386 0.2715979 0.7472101 0.2720358 0.7732366 0.2661991 0.7607386 0.2720358 0.7732366 0.2667211 0.7858982 0.2667211 0.7858982 0.2720358 0.7732366 0.2726352 0.7971971 0.2667211 0.7858982 0.2726352 0.7971971 0.2673989 0.8087088 0.2673989 0.8087088 0.2726352 0.7971971 0.2733825 0.8185566 0.1958855 0.5374141 0.2010142 0.5480851 0.1949949 0.5584892 0.1949949 0.5584892 0.2010142 0.5480851 0.200201 0.5704749 0.1949949 0.5584892 0.200201 0.5704749 0.1942573 0.5822395 0.1942573 0.5822395 0.200201 0.5704749 0.1995488 0.5952721 0.1942573 0.5822395 0.1995488 0.5952721 0.1936892 0.6081345 0.1936892 0.6081345 0.1995488 0.5952721 0.1990723 0.6219229 0.1936892 0.6081345 0.1990723 0.6219229 0.1933033 0.6355956 0.1933033 0.6355956 0.1990723 0.6219229 0.198782 0.649832 0.1933033 0.6355956 0.198782 0.649832 0.1931081 0.6640097 0.1931081 0.6640097 0.198782 0.649832 0.1986845 0.6783757 0.1931081 0.6640097 0.1986845 0.6783757 0.1931081 0.6927418 0.1931081 0.6927418 0.1986845 0.6783757 0.198782 0.7069168 0.1931081 0.6927418 0.198782 0.7069168 0.1933032 0.7211501 0.1933032 0.7211501 0.198782 0.7069168 0.1990723 0.7348173 0.1933032 0.7211501 0.1990723 0.7348173 0.1936892 0.7486001 0.1936892 0.7486001 0.1990723 0.7348173 0.1995488 0.7614543 0.1936892 0.7486001 0.1995488 0.7614543 0.1942573 0.7744786 0.1942573 0.7744786 0.1995488 0.7614543 0.200201 0.7862325 0.1942573 0.7744786 0.200201 0.7862325 0.1949949 0.7982074 0.1949949 0.7982074 0.200201 0.7862325 0.2010142 0.8085987 0.1949949 0.7982074 0.2010142 0.8085987 0.1958855 0.8192566 0.04937344 0.5475495 0.05552947 0.5377742 0.05445003 0.5590332 0.04937344 0.5475495 0.05445003 0.5590332 0.04838013 0.570268 0.04838013 0.570268 0.05445003 0.5590332 0.05355602 0.5829113 0.04838013 0.570268 0.05355602 0.5829113 0.04758358 0.5953544 0.04758358 0.5953544 0.05355602 0.5829113 0.05286741 0.6088748 0.04758358 0.5953544 0.05286741 0.6088748 0.0470016 0.6222484 0.0470016 0.6222484 0.05286741 0.6088748 0.05239951 0.636344 0.0470016 0.6222484 0.05239951 0.636344 0.04664707 0.650349 0.04664707 0.650349 0.05239951 0.636344 0.05216306 0.664705 0.6987897 0.4085961 0.6828982 0.4101865 0.6724883 0.4006494 0.6724883 0.4006494 0.6828982 0.4101865 0.6583696 0.4005607 0.6724883 0.4006494 0.6583696 0.4005607 0.6478023 0.3885871 0.6478023 0.3885871 0.6583696 0.4005607 0.6355497 0.3873872 0.6478023 0.3885871 0.6355497 0.3873872 0.6253712 0.3727217 0.6253712 0.3727217 0.6355497 0.3873872 0.6149483 0.3709602 0.6253712 0.3727217 0.6149483 0.3709602 0.6057758 0.3534641 0.6057758 0.3534641 0.6149483 0.3709602 0.5970257 0.3516465 0.6057758 0.3534641 0.5970257 0.3516465 0.5895237 0.331313 0.5895237 0.331313 0.5970257 0.3516465 0.5821822 0.3298778 0.08074069 0.9280334 0.07919532 0.9527291 0.07919532 0.9264895 0.8098224 0.08837413 0.8341783 0.09609419 0.8334577 0.1023834 0.8113584 0.08292067 0.7842459 0.07833713 0.7868298 0.07329487 0.4107477 0.1529875 0.4216364 0.1790028 0.4094642 0.15373 0.6301242 0.08808505 0.6114205 0.1086994 0.6083948 0.105411 0.1313506 0.6501044 0.135868 0.6783264 0.1312492 0.6783259 0.2766092 0.7192738 0.2712416 0.6913183 0.2765206 0.6912116 0.6828982 0.4101865 0.6987897 0.4085961 0.7085877 0.4160495 0.7085877 0.4160495 0.6987897 0.4085961 0.7260253 0.4122214 0.7085877 0.4160495 0.7260253 0.4122214 0.7348641 0.4180186 0.7348641 0.4180186 0.7260253 0.4122214 0.7534899 0.4114316 0.7348641 0.4180186 0.7534899 0.4114316 0.7611405 0.4160501 0.7611405 0.4160501 0.7534899 0.4114316 0.7804719 0.4062469 0.7611405 0.4160501 0.7804719 0.4062469 0.78683 0.4101877 0.8062728 0.3968017 0.78683 0.4101877 0.7804719 0.4062469 0.5645405 0.25352 0.559055 0.2285653 0.5648566 0.2260496 0.8391662 0.3010159 0.8701609 0.3458601 0.8260629 0.3196817 0.6806147 0.3487359 0.7018548 0.3558288 0.7018461 0.3570678 0.8583171 0.3747573 0.8727024 0.3516499 0.8767676 0.3548752 0.3022357 0.4269116 0.2751046 0.4346198 0.2748851 0.4331535 0.5894909 0.1257815 0.5776892 0.150991 0.5738346 0.1487419 0.1403359 0.4038638 0.1173598 0.387169 0.1182291 0.3862363 0.2283526 0.7726196 0.2301879 0.7970439 0.2289486 0.7964465 0.1313506 0.706548 0.135868 0.6783264 0.1359676 0.7060385 0.2786374 0.5598261 0.2742611 0.5378444 0.2795062 0.5394616 0.1316529 0.7341403 0.1260612 0.7068684 0.1313506 0.706548 0.8701609 0.3458601 0.887546 0.3298815 0.8727024 0.3516499 0.5659195 0.1754276 0.5629823 0.202513 0.5579239 0.2013452 0.9118137 0.2821115 0.9079771 0.3096386 0.9038181 0.3080291 0.06432986 0.7942829 0.05884474 0.7732989 0.06346189 0.7715493 0.1986845 0.6783757 0.2040669 0.7065949 0.198782 0.7069168 0.887546 0.3298815 0.8851121 0.3228116 0.8989788 0.3061442 0.8341783 0.09609419 0.8583168 0.1087024 0.8547796 0.1125212 0.08306843 0.3421516 0.06961131 0.3171433 0.07080006 0.3166791 0.1367517 0.5976557 0.1316529 0.6225139 0.1321491 0.5961707 0.1321491 0.7604864 0.1275554 0.7862092 0.1268686 0.7614194 0.8851121 0.3228116 0.8961719 0.2976635 0.8989788 0.3061442 0.8989788 0.3061442 0.8961719 0.2976635 0.9067456 0.2809683 0.887546 0.3298815 0.8767676 0.3548752 0.8727024 0.3516499 0.7348687 0.06025761 0.7625915 0.0578559 0.7619192 0.06228476 0.2048251 0.7605199 0.2100539 0.7830907 0.20547 0.7850199 0.1585738 0.8085358 0.15922 0.7865268 0.1600356 0.8089541 0.8961719 0.2976635 0.9030538 0.2710672 0.9067456 0.2809683 0.9067456 0.2809683 0.9030538 0.2710672 0.9106729 0.2549161 0.6114207 0.3747543 0.5970257 0.3516465 0.6149483 0.3709602 0.8583171 0.3747573 0.880262 0.3576358 0.8613581 0.3780064 0.20547 0.7850199 0.2108436 0.8048059 0.2062742 0.8071348 0.2726352 0.7971971 0.2773059 0.7722098 0.2778984 0.7959013 0.9030538 0.2710672 0.9055796 0.2437114 0.9106729 0.2549161 0.9106729 0.2549161 0.9055796 0.2437114 0.9106729 0.2285695 0.9106729 0.2549161 0.9158566 0.2281692 0.9158567 0.2552919 0.3755869 0.3862355 0.3541952 0.4049145 0.3534801 0.4038631 0.05816388 0.609636 0.06346189 0.5856357 0.06279331 0.6108437 0.08393222 0.6219066 0.08588939 0.5950101 0.08538615 0.6217254 0.9055796 0.2437114 0.9036841 0.2163046 0.9106729 0.2285695 0.9106729 0.2285695 0.9036841 0.2163046 0.9067456 0.2025172 0.8989788 0.3061442 0.8920485 0.3324656 0.887546 0.3298815 0.7625915 0.0578559 0.7883654 0.06832045 0.7619192 0.06228476 0.2831982 0.5620219 0.2778985 0.5828922 0.2786374 0.5598261 0.05355602 0.5829113 0.05816388 0.609636 0.05286741 0.6088748 0.9036841 0.2163046 0.8974161 0.1895567 0.9067456 0.2025172 0.9067456 0.2025172 0.8974161 0.1895567 0.8989788 0.1773411 0.681372 0.0683192 0.6583693 0.0829187 0.6561208 0.07822793 0.6800651 0.06403857 0.7078182 0.06228417 0.681372 0.0683192 0.2818908 0.7705678 0.2778984 0.7959013 0.2773059 0.7722098 0.05216306 0.6933245 0.05746746 0.6648392 0.0574674 0.6931371 0.8974161 0.1895567 0.886938 0.1641606 0.8989788 0.1773411 0.8989788 0.1773411 0.886938 0.1641606 0.8875458 0.1536036 0.5929701 0.3548718 0.5821822 0.3298778 0.5970257 0.3516465 0.5738347 0.3346717 0.5929701 0.3548718 0.589491 0.3576323 0.2814657 0.6358565 0.2773059 0.6081448 0.2818908 0.6094673 0.2768729 0.7464757 0.2720358 0.7732366 0.2715979 0.7472101 0.886938 0.1641606 0.8725212 0.1407737 0.8875458 0.1536036 0.8875458 0.1536036 0.8725212 0.1407737 0.8727023 0.1318348 0.7348687 0.06025761 0.7085874 0.06743121 0.7078182 0.06228417 0.5494414 0.2278119 0.5579239 0.2013452 0.5538809 0.2281648 0.05770128 0.6367966 0.06210947 0.6650494 0.05746746 0.6648392 0.01203161 0.7977206 0.01259011 0.7746327 0.01348656 0.7981118 0.8725212 0.1407737 0.8545392 0.120002 0.8727023 0.1318348 0.8727023 0.1318348 0.8545392 0.120002 0.8547796 0.1125212 0.8989788 0.3061442 0.9118137 0.2821115 0.9038181 0.3080291 0.6301244 0.3953298 0.656121 0.4052269 0.6541937 0.4092248 0.2812066 0.6632491 0.2768729 0.6350196 0.2814657 0.6358565 0.05239951 0.7215631 0.0574674 0.6931371 0.05770123 0.7210586 0.5821822 0.3298778 0.5770359 0.3068422 0.5895237 0.331313 0.5659195 0.1754276 0.5821819 0.1535997 0.5707491 0.1773371 0.9158566 0.2281692 0.9203115 0.2556056 0.9158567 0.2552919 0.2824727 0.5846711 0.2773059 0.6081448 0.2778985 0.5828922 0.2765206 0.6912116 0.2713312 0.6627014 0.2766092 0.6629162 0.8517056 0.3662121 0.8727024 0.3516499 0.8547798 0.370963 0.8989788 0.1773411 0.9118136 0.2013494 0.9067456 0.2025172 0.2187113 0.4346199 0.2469053 0.4380054 0.2185187 0.4358785 0.2811197 0.6910332 0.2766092 0.7192738 0.2765206 0.6912116 0.05552947 0.5377742 0.05972874 0.5603542 0.05445003 0.5590332 0.8547798 0.370963 0.8302241 0.3833405 0.8517056 0.3662121 0.5776893 0.3324618 0.5707492 0.3061403 0.5821822 0.3298778 0.8583168 0.1087024 0.8396285 0.08808755 0.8613579 0.105414 0.2818908 0.7705678 0.2768729 0.7464757 0.2814656 0.7452987 0.2715979 0.7472101 0.2766092 0.7192738 0.2768729 0.7464757 0.7842459 0.07833713 0.7611403 0.06743186 0.7868298 0.07329487 0.9716379 0.9350834 0.970107 0.9103755 0.9716379 0.9119195 0.7348639 0.06546264 0.7299512 0.07110995 0.7085874 0.06743121 0.7085874 0.06743121 0.7299512 0.07110995 0.7026393 0.07410699 0.7085874 0.06743121 0.7026393 0.07410699 0.6828979 0.07329362 0.6828979 0.07329362 0.7026393 0.07410699 0.676162 0.08144575 0.6828979 0.07329362 0.676162 0.08144575 0.6583693 0.0829187 0.6583693 0.0829187 0.676162 0.08144575 0.651205 0.09293615 0.6583693 0.0829187 0.651205 0.09293615 0.6355495 0.09609174 0.6355495 0.09609174 0.651205 0.09293615 0.6284146 0.1082807 0.6355495 0.09609174 0.6284146 0.1082807 0.6149481 0.1125183 0.6149481 0.1125183 0.6284146 0.1082807 0.6083813 0.1270818 0.6149481 0.1125183 0.6083813 0.1270818 0.5970255 0.1318315 0.5970255 0.1318315 0.6083813 0.1270818 0.5916237 0.1488527 0.5970255 0.1318315 0.5916237 0.1488527 0.5821819 0.1535997 0.5821819 0.1535997 0.5916237 0.1488527 0.5785759 0.1730294 0.5821819 0.1535997 0.5785759 0.1730294 0.5707491 0.1773371 0.5707491 0.1773371 0.5785759 0.1730294 0.5695759 0.1989856 0.5707491 0.1773371 0.5695759 0.1989856 0.5629823 0.202513 0.7573903 0.07253229 0.7348639 0.06546264 0.7611403 0.06743186 0.5869406 0.685102 0.5706104 0.6787636 0.5765062 0.6706138 0.1259585 0.6783257 0.1313506 0.706548 0.1260612 0.7068684 0.1316529 0.6225139 0.1359676 0.6506148 0.1313506 0.6501044 0.2187114 0.06051927 0.1907665 0.06559187 0.2185189 0.05925822 0.5538809 0.2552875 0.5629824 0.2809641 0.557924 0.2821072 0.1321491 0.5961707 0.1275554 0.5704514 0.1328282 0.5716633 0.05216306 0.664705 0.05770128 0.6367966 0.05746746 0.6648392 0.05286741 0.6088748 0.05770128 0.6367966 0.05239951 0.636344 0.198782 0.7069168 0.2043539 0.7341821 0.1990723 0.7348173 0.05445003 0.5590332 0.05884462 0.583964 0.05355602 0.5829113 0.05552947 0.818512 0.05972874 0.796451 0.06079608 0.8169185 0.1566327 0.6219483 0.1585659 0.5950438 0.1580882 0.6217676 0.08362674 0.6497974 0.08497673 0.6783258 0.0835241 0.678326 0.2768729 0.6350196 0.2720358 0.6073078 0.2773059 0.6081448 0.1316529 0.6225139 0.1260612 0.6497836 0.1263667 0.6218796 0.06961131 0.3171433 0.06026417 0.290161 0.06122082 0.2899451 0.009227931 0.6092159 0.009982168 0.636329 0.008762776 0.6365318 0.06279331 0.6108437 0.05770128 0.6367966 0.05816388 0.609636 0.2043539 0.6225557 0.2094208 0.5976869 0.208958 0.6235622 0.05972874 0.5603542 0.06346189 0.5856357 0.05884462 0.583964 0.1382499 0.5518668 0.1328282 0.5716633 0.133675 0.5495392 0.08320337 0.5957011 0.08393222 0.6219066 0.08270436 0.622195 0.1374185 0.5735912 0.1321491 0.5961707 0.1328282 0.5716633 0.2043539 0.7341821 0.2094208 0.7590334 0.2048251 0.7605199 0.1585738 0.5481454 0.15922 0.5701787 0.1577609 0.5705245 0.2766092 0.6629162 0.2715979 0.6344879 0.2768729 0.6350196 0.05816388 0.7479796 0.0535559 0.7743969 0.05286735 0.7487899 0.2778985 0.5828922 0.2733825 0.5584403 0.2786374 0.5598261 0.1321491 0.5961707 0.1263667 0.6218796 0.1268686 0.5952372 0.2309349 0.5583999 0.2332796 0.5373586 0.2323985 0.5580108 0.8613579 0.105414 0.8767675 0.1285849 0.8583168 0.1087024 0.5535838 0.2830798 0.5659196 0.308025 0.5617759 0.3096344 0.880262 0.3576358 0.8920485 0.3324656 0.8959183 0.3346756 0.1182292 0.1089035 0.1396157 0.090222 0.140336 0.09127599 0.6800653 0.4193776 0.656121 0.4052269 0.6813722 0.4151362 0.9118137 0.2821115 0.9203115 0.2556056 0.9161693 0.2830842 0.8371089 0.3916677 0.8155595 0.4092267 0.8136168 0.4052287 0.7883654 0.06832045 0.8155592 0.0741927 0.8136166 0.07822978 0.06210947 0.692836 0.05770123 0.7210586 0.0574674 0.6931371 0.009912729 0.5833971 0.0104497 0.6088728 0.009227931 0.6092159 0.01203161 0.5590548 0.009912729 0.5833971 0.01080179 0.5596523 0.2288845 0.6626117 0.2279171 0.6346448 0.2291511 0.6344115 0.08229827 0.6783261 0.08362674 0.6497974 0.0835241 0.678326 0.1382499 0.8047998 0.1328282 0.7849978 0.1374185 0.7830706 0.8113584 0.08292067 0.8371087 0.09179145 0.8341783 0.09609419 0.2189342 0.06198722 0.2469081 0.05840641 0.2469097 0.05989086 0.7619194 0.4211725 0.7348641 0.4180186 0.7611405 0.4160501 0.7619192 0.06228476 0.7348639 0.06546264 0.7348687 0.06025761 0.7078182 0.06228417 0.6828979 0.07329362 0.681372 0.0683192 0.07218301 0.1790038 0.0624656 0.2054772 0.07080012 0.178461 0.07218295 0.3161379 0.08306843 0.3421516 0.07080006 0.3166791 0.8136166 0.07822978 0.8396285 0.08808755 0.8371087 0.09179145 0.5617758 0.1737788 0.5579239 0.2013452 0.5535837 0.2003332 0.7348763 0.05577892 0.7078182 0.06228417 0.7071612 0.05785518 0.05825138 0.2617063 0.06122082 0.2899451 0.0569781 0.2618002 0.09899669 0.3655113 0.08196234 0.3427873 0.08306843 0.3421516 0.6561208 0.07822793 0.6301242 0.08808505 0.6541935 0.07419073 0.59297 0.1285815 0.5821819 0.1535997 0.5776892 0.150991 0.7348689 0.4231991 0.7085877 0.4160495 0.7348641 0.4180186 0.6355495 0.09609174 0.6114205 0.1086994 0.6326287 0.09178894 0.2469096 0.4352498 0.2187113 0.4346199 0.2189341 0.4331537 0.08435511 0.3414106 0.09899669 0.3655113 0.08306843 0.3421516 0.8113586 0.4005626 0.8371089 0.3916677 0.8136168 0.4052287 0.2303416 0.6625573 0.2291511 0.6344115 0.2306091 0.6342665 0.0114305 0.636202 0.009745776 0.6646767 0.009982168 0.636329 0.1986845 0.6783757 0.2040669 0.6501513 0.2039706 0.6783745 0.1990723 0.7348173 0.2048251 0.7605199 0.1995488 0.7614543 0.1313506 0.6501044 0.1259585 0.6783257 0.1260612 0.6497836 0.1990723 0.6219229 0.2048251 0.5962042 0.2043539 0.6225557 0.200201 0.5704749 0.2048251 0.5962042 0.1995488 0.5952721 0.2062742 0.5495473 0.200201 0.5704749 0.2010142 0.5480851 0.2778984 0.7959013 0.2733825 0.8185566 0.2726352 0.7971971 0.3030444 0.4295447 0.3299636 0.4200251 0.3033292 0.4304772 0.1359676 0.7060385 0.1316529 0.7341403 0.1313506 0.706548 0.2040669 0.6501513 0.2085816 0.6783723 0.2039706 0.6783745 0.2814656 0.7452987 0.2766092 0.7192738 0.2812066 0.7185882 0.1374185 0.7830706 0.1321491 0.7604864 0.1367516 0.7590022 0.1367516 0.7590022 0.1316529 0.7341403 0.1362644 0.7331322 0.2043539 0.6225557 0.2086762 0.6506592 0.2040669 0.6501513 0.1550168 0.6783737 0.1563425 0.6498441 0.1562451 0.6783744 0.06537801 0.8143807 0.05972874 0.796451 0.06432986 0.7942829 0.2043539 0.7341821 0.2086762 0.7060828 0.208958 0.7331715 0.559055 0.2285653 0.5538809 0.2552875 0.5538809 0.2281648 0.7348689 0.4231991 0.7071614 0.4255615 0.7078185 0.4211718 0.2469081 0.05840641 0.2185189 0.05925822 0.2469055 0.05713111 0.9079771 0.3096386 0.8920485 0.3324656 0.9038181 0.3080291 0.9118136 0.2013494 0.9079771 0.173783 0.9161692 0.2003377 0.4241995 0.1779932 0.4107477 0.1529875 0.4118486 0.1523492 0.6114205 0.1086994 0.5894909 0.1257815 0.6083948 0.105411 0.2751046 0.4346198 0.3030444 0.4295447 0.2752919 0.4358783 0.4241995 0.3171423 0.4313504 0.2896618 0.43259 0.289944 0.7883656 0.4151374 0.8155595 0.4092267 0.7896878 0.4193788 0.8767675 0.1285849 0.8959182 0.1487457 0.8920483 0.1509948 0.7071614 0.4255615 0.6813722 0.4151362 0.7078185 0.4211718 0.9067456 0.2809683 0.9158567 0.2552919 0.9118137 0.2821115 0.6561208 0.07822793 0.6355495 0.09609174 0.6326287 0.09178894 0.7883656 0.4151374 0.7611405 0.4160501 0.78683 0.4101877 0.656121 0.4052269 0.6355497 0.3873872 0.6583696 0.4005607 0.6114205 0.1086994 0.5970255 0.1318315 0.59297 0.1285815 0.8341785 0.3873896 0.8583171 0.3747573 0.8371089 0.3916677 0.6813722 0.4151362 0.6583696 0.4005607 0.6828982 0.4101865 0.7078185 0.4211718 0.6828982 0.4101865 0.7085877 0.4160495 0.8727023 0.1318348 0.8920483 0.1509948 0.8875458 0.1536036 0.2748851 0.4331535 0.246908 0.4367327 0.2469096 0.4352498 0.8547796 0.1125212 0.8767675 0.1285849 0.8727023 0.1318348 0.8647614 0.8399181 0.9067052 0.8597689 0.8652198 0.8598577 0.1942573 0.7744786 0.1598861 0.7485991 0.1936892 0.7486001 0.8048323 0.9937666 0.8079031 0.9987407 0.8048323 0.9986231 0.1595002 0.7211491 0.1931081 0.6927418 0.1933032 0.7211501 0.4860221 0.6407395 0.4814142 0.594211 0.4860221 0.59409 0.8036715 0.5647446 0.8455882 0.5443054 0.8451363 0.5647777 0.3749601 0.9947978 0.3718874 0.9884591 0.3749601 0.9884591 0.8041234 0.6499682 0.8451364 0.629763 0.8455882 0.6500013 0.5378332 0.904126 0.5347617 0.9242779 0.5347617 0.9042111 0.1205878 0.6355491 0.08719497 0.6080949 0.1209942 0.6080946 0.996759 0.114728 0.9921502 0.1002013 0.996759 0.1002779 0.01379746 0.5953274 0.04838013 0.570268 0.04758358 0.5953544 0.4695794 0.9986919 0.4665093 0.9937081 0.4695795 0.9938316 0.9346639 0.88528 0.9428169 0.8963101 0.9351382 0.896304 0.9826279 0.2558736 0.9857004 0.2787131 0.9826279 0.2786871 0.9342438 0.5343089 0.9420135 0.5482406 0.9343318 0.5482406 0.9196612 0.6583825 0.9150509 0.6045695 0.9196612 0.6045657 0.04937338 0.8090339 0.01459395 0.7868029 0.04838007 0.7868299 0.2922476 0.9949234 0.2953189 0.9887297 0.2953189 0.994956 0.9343448 0.7588347 0.9422534 0.7719128 0.9345696 0.771919 0.3108375 0.994531 0.307764 0.9882481 0.3108375 0.9882681 0.9420444 0.8445227 0.9342641 0.8584729 0.9343658 0.8445166 0.9932702 0.7195978 0.9978754 0.7315752 0.9932701 0.7313898 0.7806832 0.9987429 0.7776105 0.9931203 0.7806832 0.9931911 0.8462456 0.5256899 0.8056198 0.509571 0.8470847 0.5096041 0.08779323 0.5822099 0.1223692 0.5584723 0.1215925 0.5822097 0.01274186 0.6790016 0.04664707 0.650349 0.04652798 0.6790286 0.3000839 0.988197 0.3031573 0.9943917 0.3000839 0.994417 0.2323905 0.620409 0.2667211 0.5939523 0.2661991 0.6204872 0.1949949 0.5584892 0.1620825 0.5374131 0.1958855 0.5374141 0.8034414 0.5863339 0.8451363 0.5647777 0.8449062 0.586367 0.9345696 0.771919 0.9426111 0.7832252 0.9349273 0.7832315 0.01286089 0.650322 0.0470016 0.6222484 0.04664707 0.650349 0.4418596 0.8422196 0.4827851 0.8246882 0.483352 0.8421857 0.4408724 0.7193181 0.4821065 0.7401999 0.4406141 0.7402337 0.3967132 0.9226654 0.3921054 0.9691578 0.3921053 0.922544 0.2656651 0.7056604 0.2318565 0.6768938 0.2656651 0.676972 0.9984458 0.1928071 0.995376 0.1981518 0.995376 0.1927056 0.01321542 0.6222214 0.04758358 0.5953544 0.0470016 0.6222484 0.1145871 0.9732697 0.1191967 0.9229769 0.1191967 0.9731953 0.9888156 0.4659826 0.9934226 0.4507583 0.9934226 0.4659413 0.8644984 0.6135579 0.906276 0.6343763 0.8647952 0.6342818 0.06887018 0.1933701 0.07218301 0.1790038 0.07923144 0.1668308 0.07923144 0.1668308 0.07218301 0.1790038 0.08435517 0.1537311 0.07923144 0.1668308 0.08435517 0.1537311 0.09352302 0.1421841 0.09352302 0.1421841 0.08435517 0.1537311 0.1001585 0.1305546 0.09352302 0.1421841 0.1001585 0.1305546 0.1114098 0.1200075 0.1114098 0.1200075 0.1001585 0.1305546 0.1192401 0.109992 0.1114098 0.1200075 0.1192401 0.109992 0.1324726 0.1008208 0.1324726 0.1008208 0.1192401 0.109992 0.1411736 0.09250265 0.1324726 0.1008208 0.1411736 0.09250265 0.1562178 0.08507376 0.1562178 0.08507376 0.1411736 0.09250265 0.165469 0.07847726 0.1562178 0.08507376 0.165469 0.07847726 0.1820887 0.07313567 0.1820887 0.07313567 0.165469 0.07847726 0.1915836 0.06822913 0.1820887 0.07313567 0.1915836 0.06822913 0.2094789 0.06528604 0.2094789 0.06528604 0.1915836 0.06822913 0.2189342 0.06198722 0.2094789 0.06528604 0.2189342 0.06198722 0.2377465 0.06170898 0.2377465 0.06170898 0.2189342 0.06198722 0.2469097 0.05989086 0.2377465 0.06170898 0.2469097 0.05989086 0.266229 0.06248849 0.266229 0.06248849 0.2469097 0.05989086 0.2748852 0.06198704 0.266229 0.06248849 0.2748852 0.06198704 0.2942586 0.06760615 0.2942586 0.06760615 0.2748852 0.06198704 0.3022359 0.06822884 0.2942586 0.06760615 0.3022359 0.06822884 0.3211784 0.07694202 0.3211784 0.07694202 0.3022359 0.06822884 0.3283505 0.07847672 0.3211784 0.07694202 0.3283505 0.07847672 0.3463574 0.09027719 0.3463574 0.09027719 0.3283505 0.07847672 0.3526459 0.09250199 0.3463574 0.09027719 0.3526459 0.09250199 0.3692054 0.1072993 0.3692054 0.1072993 0.3526459 0.09250199 0.3745794 0.1099912 0.3692054 0.1072993 0.3745794 0.1099912 0.389187 0.1276091 0.389187 0.1276091 0.3745794 0.1099912 0.3936609 0.1305537 0.389187 0.1276091 0.3936609 0.1305537 0.4058337 0.1507309 0.4058337 0.1507309 0.3936609 0.1305537 0.4094642 0.15373 0.4058337 0.1507309 0.4094642 0.15373 0.4187554 0.1761224 0.4187554 0.1761224 0.4094642 0.15373 0.4216364 0.1790028 0.4187554 0.1761224 0.4216364 0.1790028 0.4276491 0.2031885 0.4276491 0.2031885 0.4216364 0.1790028 0.4299054 0.2058072 0.4276491 0.2031885 0.4299054 0.2058072 0.4323065 0.2312951 0.4323065 0.2312951 0.4299054 0.2058072 0.4340866 0.2335445 0.4323065 0.2312951 0.4340866 0.2335445 0.4326184 0.2597832 0.4326184 0.2597832 0.4340866 0.2335445 0.4340866 0.2615951 0.4326184 0.2597832 0.4340866 0.2615951 0.4285774 0.2879849 0.4285774 0.2879849 0.4340866 0.2615951 0.4299054 0.2893325 0.5765062 0.6706138 0.5623009 0.6613601 0.5696948 0.6541102 0.689517 0.1306875 0.651205 0.09293615 0.676162 0.08144575 0.1915836 0.06822913 0.1648236 0.07713973 0.1911447 0.06681066 0.4107476 0.3421506 0.4241995 0.3171423 0.4118484 0.3427864 0.1558762 0.7609889 0.1577609 0.7861802 0.1565248 0.7856289 0.01203161 0.5590548 0.01259005 0.5826231 0.01113802 0.5829216 0.2302519 0.6912524 0.2303416 0.6625573 0.2318565 0.6768938 0.2302519 0.6912524 0.2318565 0.6768938 0.2318565 0.7055822 0.07218301 0.1790038 0.06887018 0.1933701 0.06391394 0.2058082 0.06391394 0.2058082 0.06887018 0.1933701 0.06268197 0.2211798 0.06391394 0.2058082 0.06268197 0.2211798 0.05973273 0.2335456 0.05973273 0.2335456 0.06268197 0.2211798 0.06081187 0.249608 0.05973273 0.2335456 0.06081187 0.249608 0.05973273 0.2615962 0.05973273 0.2615962 0.06081187 0.249608 0.06330388 0.2779886 0.05973273 0.2615962 0.06330388 0.2779886 0.06391394 0.2893335 0.06391394 0.2893335 0.06330388 0.2779886 0.07009941 0.3056561 0.06391394 0.2893335 0.07009941 0.3056561 0.07218295 0.3161379 0.07218295 0.3161379 0.07009941 0.3056561 0.08103924 0.3319622 0.07218295 0.3161379 0.08103924 0.3319622 0.08435511 0.3414106 0.08435511 0.3414106 0.08103924 0.3319622 0.09586691 0.3562902 0.08435511 0.3414106 0.09586691 0.3562902 0.1001585 0.364587 0.1001585 0.364587 0.09586691 0.3562902 0.114235 0.3780699 0.1001585 0.364587 0.114235 0.3780699 0.1192399 0.3851495 0.1192399 0.3851495 0.114235 0.3780699 0.1357128 0.3967909 0.1192399 0.3851495 0.1357128 0.3967909 0.1411734 0.4026387 0.1411734 0.4026387 0.1357128 0.3967909 0.159797 0.4120141 0.1411734 0.4026387 0.159797 0.4120141 0.1654688 0.416664 0.1654688 0.416664 0.159797 0.4120141 0.185923 0.423383 0.1654688 0.416664 0.185923 0.423383 0.1915835 0.4269119 0.1915835 0.4269119 0.185923 0.423383 0.2134786 0.4306311 0.1915835 0.4269119 0.2134786 0.4306311 0.2189341 0.4331537 0.2189341 0.4331537 0.2134786 0.4306311 0.2418177 0.4335883 0.2189341 0.4331537 0.2418177 0.4335883 0.2469096 0.4352498 0.2469096 0.4352498 0.2418177 0.4335883 0.2702763 0.4321854 0.2469096 0.4352498 0.2702763 0.4321854 0.2748851 0.4331535 0.2748851 0.4331535 0.2702763 0.4321854 0.2981871 0.4264553 0.2748851 0.4331535 0.2981871 0.4264553 0.3022357 0.4269116 0.3022357 0.4269116 0.2981871 0.4264553 0.324896 0.4165323 0.3022357 0.4269116 0.324896 0.4165323 0.3283504 0.4166635 0.3283504 0.4166635 0.324896 0.4165323 0.3497771 0.402649 0.3283504 0.4166635 0.3497771 0.402649 0.3526458 0.4026381 0.3526458 0.4026381 0.3497771 0.402649 0.372247 0.3851308 0.3526458 0.4026381 0.372247 0.3851308 0.3745793 0.3851488 0.3745793 0.3851488 0.372247 0.3851308 0.3917792 0.3643883 0.3745793 0.3851488 0.3917792 0.3643883 0.3936608 0.3645862 0.7196483 0.621077 0.7250931 0.6050229 0.7293211 0.623839 0.01286089 0.7076196 0.01119327 0.6933385 0.01274186 0.6790016 0.01274186 0.6790016 0.01119327 0.6933385 0.01119327 0.6646407 0.01274186 0.6790016 0.01119327 0.6646407 0.01286089 0.650322 0.01286089 0.650322 0.01119327 0.6646407 0.0114305 0.636202 0.01286089 0.650322 0.0114305 0.636202 0.01321542 0.6222214 0.01321542 0.6222214 0.0114305 0.636202 0.01189959 0.6086578 0.01321542 0.6222214 0.01189959 0.6086578 0.01379746 0.5953274 0.01379746 0.5953274 0.01189959 0.6086578 0.01259005 0.5826231 0.01379746 0.5953274 0.01259005 0.5826231 0.01459395 0.570241 0.01459395 0.570241 0.01259005 0.5826231 0.01348656 0.5586797 0.01459395 0.570241 0.01348656 0.5586797 0.01558727 0.5475225 0.01558727 0.5475225 0.01348656 0.5586797 0.01456898 0.5373625 0.1620825 0.8192555 0.1600356 0.8089541 0.1611919 0.7982063 0.1611919 0.7982063 0.1600356 0.8089541 0.15922 0.7865268 0.1611919 0.7982063 0.15922 0.7865268 0.1604543 0.7744775 0.1604543 0.7744775 0.15922 0.7865268 0.1585659 0.7616807 0.1604543 0.7744775 0.1585659 0.7616807 0.1598861 0.7485991 0.1598861 0.7485991 0.1585659 0.7616807 0.1580882 0.7349709 0.1598861 0.7485991 0.1580882 0.7349709 0.1595002 0.7211491 0.1595002 0.7211491 0.1580882 0.7349709 0.157797 0.7069939 0.1595002 0.7211491 0.157797 0.7069939 0.159305 0.6927407 0.159305 0.6927407 0.157797 0.7069939 0.1576994 0.6783749 0.159305 0.6927407 0.1576994 0.6783749 0.159305 0.6640087 0.159305 0.6640087 0.1576994 0.6783749 0.157797 0.6497529 0.159305 0.6640087 0.157797 0.6497529 0.1595002 0.6355947 0.1595002 0.6355947 0.157797 0.6497529 0.1580882 0.6217676 0.1595002 0.6355947 0.1580882 0.6217676 0.1598861 0.6081334 0.1598861 0.6081334 0.1580882 0.6217676 0.1585659 0.5950438 0.1598861 0.6081334 0.1585659 0.5950438 0.1604543 0.5822384 0.1604543 0.5822384 0.1585659 0.5950438 0.15922 0.5701787 0.1604543 0.5822384 0.15922 0.5701787 0.1611919 0.5584882 0.1611919 0.5584882 0.15922 0.5701787 0.1600355 0.5477277 0.1611919 0.5584882 0.1600355 0.5477277 0.1620825 0.5374131 0.2335904 0.8086306 0.2323985 0.8188388 0.2316492 0.797421 0.2335904 0.8086306 0.2316492 0.797421 0.2329126 0.78582 0.2329126 0.78582 0.2316492 0.797421 0.2310482 0.7733948 0.2329126 0.78582 0.2310482 0.7733948 0.2323905 0.7606604 0.2323905 0.7606604 0.2310482 0.7733948 0.2306091 0.7472972 0.2323905 0.7606604 0.2306091 0.7472972 0.2320359 0.7337138 0.2320359 0.7337138 0.2306091 0.7472972 0.2303416 0.719711 0.2320359 0.7337138 0.2303416 0.719711 0.2318565 0.7055822 0.2318565 0.7055822 0.2303416 0.719711 0.2302519 0.6912524 0.01119327 0.6933385 0.01286089 0.7076196 0.0114305 0.7216543 0.0114305 0.7216543 0.01286089 0.7076196 0.01321542 0.7355365 0.0114305 0.7216543 0.01321542 0.7355365 0.01189959 0.7489557 0.01189959 0.7489557 0.01321542 0.7355365 0.01379746 0.762129 0.01189959 0.7489557 0.01379746 0.762129 0.01259011 0.7746327 0.01259011 0.7746327 0.01379746 0.762129 0.01459395 0.7868029 0.01259011 0.7746327 0.01459395 0.7868029 0.01348656 0.7981118 0.01348656 0.7981118 0.01459395 0.7868029 0.01558727 0.8090071 0.01348656 0.7981118 0.01558727 0.8090071 0.01456898 0.8188685 0.08743685 0.5477198 0.08950787 0.5374132 0.08856999 0.5584726 0.08743685 0.5477198 0.08856999 0.5584726 0.08657807 0.5701565 0.08657807 0.5701565 0.08856999 0.5584726 0.08779323 0.5822099 0.08657807 0.5701565 0.08779323 0.5822099 0.08588939 0.5950101 0.08588939 0.5950101 0.08779323 0.5822099 0.08719497 0.6080949 0.08588939 0.5950101 0.08719497 0.6080949 0.08538615 0.6217254 0.08538615 0.6217254 0.08719497 0.6080949 0.08678853 0.6355493 0.08538615 0.6217254 0.08678853 0.6355493 0.08507966 0.6497057 0.08507966 0.6497057 0.08678853 0.6355493 0.08658301 0.6639599 0.08507966 0.6497057 0.08658301 0.6639599 0.08497673 0.6783258 0.08497673 0.6783258 0.08658301 0.6639599 0.08658301 0.6926919 0.08497673 0.6783258 0.08658301 0.6926919 0.08507966 0.7069467 0.08507966 0.7069467 0.08658301 0.6926919 0.08678853 0.7211037 0.08507966 0.7069467 0.08678853 0.7211037 0.08538615 0.7349287 0.08538615 0.7349287 0.08678853 0.7211037 0.08719497 0.7485605 0.08538615 0.7349287 0.08719497 0.7485605 0.08588939 0.761647 0.08588939 0.761647 0.08719497 0.7485605 0.08779323 0.7744489 0.08588939 0.761647 0.08779323 0.7744489 0.08657807 0.7865046 0.08657807 0.7865046 0.08779323 0.7744489 0.08856999 0.7981908 0.08657807 0.7865046 0.08856999 0.7981908 0.08743691 0.8089463 0.08743691 0.8089463 0.08856999 0.7981908 0.08950787 0.8192557 0.2332796 0.5373586 0.2344087 0.5471699 0.2323985 0.5580108 0.2323985 0.5580108 0.2344087 0.5471699 0.2335904 0.5692779 0.2323985 0.5580108 0.2335904 0.5692779 0.2316492 0.5814028 0.2316492 0.5814028 0.2335904 0.5692779 0.2329126 0.593874 0.2316492 0.5814028 0.2329126 0.593874 0.2310482 0.607012 0.2310482 0.607012 0.2329126 0.593874 0.2323905 0.620409 0.2310482 0.607012 0.2323905 0.620409 0.2306091 0.6342665 0.2306091 0.6342665 0.2323905 0.620409 0.2320359 0.6482898 0.2306091 0.6342665 0.2320359 0.6482898 0.2303416 0.6625573 0.2303416 0.6625573 0.2320359 0.6482898 0.2318565 0.6768938 0.3022359 0.06822884 0.3289927 0.07713925 0.3283505 0.07847672 0.2187113 0.4346199 0.1915835 0.4269119 0.2189341 0.4331537 0.1001585 0.364587 0.1182291 0.3862363 0.09899669 0.3655113 0.9067456 0.2025172 0.9158566 0.2281692 0.9106729 0.2285695 0.8113586 0.4005626 0.7883656 0.4151374 0.78683 0.4101877 0.3022357 0.4269116 0.3289925 0.4179994 0.3026714 0.4283285 0.3745793 0.3851488 0.3948193 0.3655104 0.3755869 0.3862355 0.5629823 0.202513 0.5538809 0.2281648 0.5579239 0.2013452 0.05973273 0.2335456 0.0624656 0.2054772 0.06391394 0.2058082 0.4313504 0.2896618 0.4340866 0.2615951 0.4355646 0.2617052 0.246908 0.4367327 0.2752919 0.4358783 0.2469053 0.4380054 0.1911445 0.4283288 0.2185187 0.4358785 0.1907663 0.4295451 0.4368327 0.2333363 0.4355646 0.2617052 0.4355647 0.2334328 0.3289927 0.07713925 0.3030446 0.06559151 0.3295429 0.07599008 0.5535838 0.2830798 0.5538809 0.2552875 0.557924 0.2821072 0.3289925 0.4179994 0.3030444 0.4295447 0.3026714 0.4283285 0.3948193 0.3655104 0.376451 0.3871682 0.3755869 0.3862355 0.0624656 0.2896629 0.06961131 0.3171433 0.06122082 0.2899451 0.6541935 0.07419073 0.681372 0.0683192 0.6561208 0.07822793 0.8920483 0.1509948 0.9079771 0.173783 0.903818 0.1754317 0.165469 0.07847726 0.140336 0.09127599 0.1648236 0.07713973 0.07218295 0.3161379 0.0624656 0.2896629 0.06391394 0.2893335 0.4094642 0.3414096 0.3948193 0.3655104 0.3936608 0.3645862 0.7611403 0.06743186 0.7883654 0.06832045 0.7868298 0.07329487 0.5629824 0.2809641 0.5659196 0.308025 0.557924 0.2821072 0.4094642 0.3414096 0.423016 0.3166781 0.4107476 0.3421506 0.1192401 0.109992 0.09899675 0.1296287 0.1182292 0.1089035 0.05973273 0.2615962 0.05825144 0.2334339 0.05973273 0.2335456 0.375587 0.1089028 0.3936609 0.1305537 0.3745794 0.1099912 0.08435517 0.1537311 0.09899675 0.1296287 0.1001585 0.1305546 0.4355646 0.2617052 0.4340866 0.2335445 0.4355647 0.2334328 0.6326289 0.3916652 0.6149483 0.3709602 0.6355497 0.3873872 0.7245198 0.1245552 0.7461389 0.1256062 0.7246021 0.1255112 0.1411736 0.09250265 0.1182292 0.1089035 0.140336 0.09127599 0.3289927 0.07713925 0.3526459 0.09250199 0.3283505 0.07847672 0.07218301 0.1790038 0.08306849 0.1529885 0.08435517 0.1537311 0.06391394 0.2893335 0.05825138 0.2617063 0.05973273 0.2615962 0.4313504 0.2896618 0.4216364 0.3161368 0.4299054 0.2893325 0.6200445 0.2626886 0.6249563 0.2837635 0.6191061 0.2628558 0.375587 0.1089028 0.3526459 0.09250199 0.3534802 0.09127533 0.1411734 0.4026387 0.1648234 0.4179999 0.1403359 0.4038638 0.7883654 0.06832045 0.8113584 0.08292067 0.7868298 0.07329487 0.8989788 0.1773411 0.8920483 0.1509948 0.903818 0.1754317 0.2469097 0.05989086 0.2751048 0.06051909 0.2748852 0.06198704 0.3948194 0.1296278 0.4094642 0.15373 0.3936609 0.1305537 0.1915836 0.06822913 0.2187114 0.06051927 0.2189342 0.06198722 0.3526458 0.4026381 0.3755869 0.3862355 0.3534801 0.4038631 0.4355647 0.2334328 0.4299054 0.2058072 0.4313504 0.2054762 0.1411734 0.4026387 0.1182291 0.3862363 0.1192399 0.3851495 0.3283504 0.4166635 0.3534801 0.4038631 0.3289925 0.4179994 0.1915835 0.4269119 0.1648234 0.4179999 0.1654688 0.416664 0.08362674 0.7068552 0.08229827 0.6783261 0.0835241 0.678326 0.1554024 0.7345005 0.1563426 0.7069019 0.1566327 0.7347893 0.1907665 0.06559187 0.1638405 0.07510811 0.1904749 0.06465607 0.1577609 0.5705245 0.1558762 0.5957336 0.1565248 0.5710746 0.2752919 0.4358783 0.3033292 0.4304772 0.2754342 0.4368433 0.2786374 0.8170208 0.2824727 0.7938311 0.2831982 0.814569 0.2085816 0.6783723 0.2040669 0.7065949 0.2039706 0.6783745 0.009912729 0.7738147 0.0104497 0.7487218 0.01113802 0.7743166 0.08270436 0.622195 0.08362674 0.6497974 0.08240038 0.6499432 0.8484997 0.2802081 0.8851121 0.3228116 0.8391662 0.3010159 0.06961137 0.1779943 0.08306849 0.1529885 0.07080012 0.178461 0.5494414 0.2278119 0.5538809 0.2552875 0.5494414 0.255601 0.1182291 0.3862363 0.0979979 0.3663043 0.09899669 0.3655113 0.3948193 0.3655104 0.4118484 0.3427864 0.3958129 0.3663035 0.6301244 0.3953298 0.6114207 0.3747543 0.6326289 0.3916652 0.1648236 0.07713973 0.1907665 0.06559187 0.1911447 0.06681066 0.5776892 0.150991 0.5617758 0.1737788 0.5738346 0.1487419 0.5929701 0.3548718 0.608395 0.3780034 0.589491 0.3576323 0.0569781 0.2333374 0.0624656 0.2054772 0.05825144 0.2334339 0.0624656 0.2054772 0.06961137 0.1779943 0.07080012 0.178461 0.3541954 0.0902214 0.3289927 0.07713925 0.3295429 0.07599008 0.09899675 0.1296287 0.0819624 0.1523502 0.09799796 0.1288331 0.4325901 0.2051915 0.4355647 0.2334328 0.4313504 0.2054762 0.5617759 0.3096344 0.5776893 0.3324618 0.5738347 0.3346717 0.140336 0.09127599 0.1642681 0.07599055 0.1648236 0.07713973 0.7470782 0.3610768 0.7260253 0.4122214 0.7242708 0.3612316 0.7619194 0.4211725 0.7896878 0.4193788 0.7625917 0.4255622 0.2751048 0.06051909 0.2469055 0.05713111 0.2752921 0.05925804 0.395813 0.1288322 0.375587 0.1089028 0.3764511 0.1079676 0.3764511 0.1079676 0.3534802 0.09127533 0.3541954 0.0902214 0.1648234 0.4179999 0.1396155 0.4049152 0.1403359 0.4038638 0.1648234 0.4179999 0.1907663 0.4295451 0.1642678 0.4191465 0.8583171 0.3747573 0.8396288 0.3953324 0.8371089 0.3916677 0.7619194 0.4211725 0.7348766 0.4276385 0.7348689 0.4231991 0.4118486 0.1523492 0.3948194 0.1296278 0.395813 0.1288322 0.9158566 0.2281692 0.9161692 0.2003377 0.9203115 0.2278164 0.8484997 0.2802081 0.9030538 0.2710672 0.8961719 0.2976635 0.3026716 0.06681025 0.2752921 0.05925804 0.3030446 0.06559151 0.05825144 0.2334339 0.0569781 0.2618002 0.0569781 0.2333374 0.3534801 0.4038631 0.3295428 0.419146 0.3289925 0.4179994 0.4241995 0.1779932 0.4313504 0.2054762 0.423016 0.17846 0.1563426 0.7069019 0.1576994 0.6783749 0.157797 0.7069939 0.009982168 0.636329 0.01189959 0.6086578 0.0114305 0.636202 0.08588939 0.761647 0.08393222 0.7347477 0.08538615 0.7349287 0.08512032 0.5705028 0.08588939 0.5950101 0.08443385 0.5952768 0.1328282 0.5716633 0.1284119 0.548076 0.133675 0.5495392 0.2301879 0.7970439 0.2323985 0.8188388 0.2309349 0.8183932 0.08497673 0.6783258 0.08362674 0.7068552 0.0835241 0.678326 0.2291511 0.7470805 0.2310482 0.7733948 0.2295889 0.7730946 0.2288846 0.7195826 0.2306091 0.7472972 0.2291511 0.7470805 0.228795 0.691215 0.2303416 0.719711 0.2288846 0.7195826 0.06346189 0.7715493 0.05816388 0.7479796 0.06279331 0.7466875 0.7470782 0.3610768 0.7804719 0.4062469 0.7534899 0.4114316 0.1558762 0.7609889 0.1566327 0.7347893 0.157109 0.7614136 0.08320337 0.5957011 0.08512032 0.5705028 0.08443385 0.5952768 0.009912729 0.7738147 0.01203161 0.7977206 0.01080173 0.7970991 0.20547 0.5716855 0.2108436 0.551873 0.2100539 0.5736113 0.1554024 0.6222358 0.1563425 0.6498441 0.1551136 0.6499891 0.1558762 0.5957336 0.1566327 0.6219483 0.1554024 0.6222358 0.2279171 0.7467383 0.2288846 0.7195826 0.2291511 0.7470805 0.008762776 0.6365318 0.009745776 0.6646767 0.008527517 0.6647347 0.08512032 0.7861585 0.08320337 0.7609564 0.08443385 0.7613804 0.228795 0.691215 0.227652 0.7193808 0.2275629 0.6911582 0.2185189 0.05925822 0.1904749 0.06465607 0.2183699 0.05828982 0.06233906 0.7202529 0.05816388 0.7479796 0.05770123 0.7210586 0.009227991 0.7483506 0.009982168 0.7215078 0.0104497 0.7487218 0.2765206 0.6912116 0.2812066 0.6632491 0.2811197 0.6910332 0.08196234 0.3427873 0.06869781 0.3174989 0.06961131 0.3171433 0.06210947 0.692836 0.05746746 0.6648392 0.06210947 0.6650494 0.08393222 0.7347477 0.08320337 0.7609564 0.08270436 0.7344596 0.8988918 0.1470094 0.9079771 0.173783 0.8959182 0.1487457 0.1550168 0.6783737 0.1563426 0.7069019 0.1551136 0.7067555 0.4335399 0.2049723 0.4241995 0.1779932 0.4251063 0.1776344 0.08362674 0.7068552 0.08270436 0.7344596 0.08240038 0.7067096 0.2275629 0.6911582 0.2288845 0.6626117 0.228795 0.691215 0.2048251 0.5962042 0.2100539 0.5736113 0.2094208 0.5976869 0.4251063 0.1776344 0.4118486 0.1523492 0.4126918 0.1518588 0.06079608 0.5393339 0.06432992 0.5624525 0.05972874 0.5603542 0.2289486 0.5822194 0.2309349 0.5583999 0.2301879 0.581717 0.2295888 0.6072443 0.2289486 0.5822194 0.2301879 0.581717 0.2291511 0.6344115 0.2283526 0.6076163 0.2295888 0.6072443 0.009745717 0.6932826 0.008762776 0.7212756 0.008527517 0.6931945 0.08657807 0.7865046 0.08597636 0.8085283 0.08512032 0.7861585 0.1321491 0.7604864 0.1263667 0.7347741 0.1316529 0.7341403 0.6464049 0.9662207 0.6490534 0.920144 0.6515026 0.9662624 0.228795 0.691215 0.2303416 0.6625573 0.2302519 0.6912524 0.198782 0.649832 0.2043539 0.6225557 0.2040669 0.6501513 0.009982168 0.7215078 0.01189959 0.7489557 0.0104497 0.7487218 0.200201 0.7862325 0.2048251 0.7605199 0.20547 0.7850199 0.1328282 0.7849978 0.1284119 0.8085896 0.1275554 0.7862092 0.05884474 0.7732989 0.05445003 0.7978119 0.0535559 0.7743969 0.009982168 0.7215078 0.01119327 0.6933385 0.0114305 0.7216543 0.2773059 0.6081448 0.2726352 0.5817685 0.2778985 0.5828922 0.05286735 0.7487899 0.05770123 0.7210586 0.05816388 0.7479796 0.01203161 0.7977206 0.01456898 0.8188685 0.01311051 0.8184109 0.200201 0.7862325 0.2062742 0.8071348 0.2010142 0.8085987 0.9815527 0.1741473 0.9835956 0.1279788 0.9855294 0.1739869 0.01119327 0.6646407 0.009745717 0.6932826 0.009745776 0.6646767 0.08588939 0.761647 0.08512032 0.7861585 0.08443385 0.7613804 0.1577609 0.7861802 0.1585659 0.7616807 0.15922 0.7865268 0.1577609 0.5705245 0.1585659 0.5950438 0.157109 0.59531 0.1563426 0.7069019 0.1580882 0.7349709 0.1566327 0.7347893 0.0104497 0.7487218 0.01259011 0.7746327 0.01113802 0.7743166 0.1563425 0.6498441 0.1576994 0.6783749 0.1562451 0.6783744 0.08538615 0.7349287 0.08362674 0.7068552 0.08507966 0.7069467 0.1566327 0.7347893 0.1585659 0.7616807 0.157109 0.7614136 0.0104497 0.6088728 0.01259005 0.5826231 0.01189959 0.6086578 0.08597636 0.5481379 0.08657807 0.5701565 0.08512032 0.5705028 0.1563425 0.6498441 0.1580882 0.6217676 0.157797 0.6497529 0.2316492 0.5814028 0.2309349 0.5583999 0.2323985 0.5580108 0.2316492 0.5814028 0.2295888 0.6072443 0.2301879 0.581717 0.2310482 0.607012 0.2291511 0.6344115 0.2295888 0.6072443 0.2301879 0.7970439 0.2310482 0.7733948 0.2316492 0.797421 0.06887018 0.1933701 0.07923144 0.1668308 0.3497771 0.402649 0.3497771 0.402649 0.07923144 0.1668308 0.09352302 0.1421841 0.3497771 0.402649 0.09352302 0.1421841 0.1114098 0.1200075 0.1114098 0.1200075 0.1324726 0.1008208 0.3497771 0.402649 0.3497771 0.402649 0.1324726 0.1008208 0.1562178 0.08507376 0.3497771 0.402649 0.1562178 0.08507376 0.1820887 0.07313567 0.1820887 0.07313567 0.2094789 0.06528604 0.3497771 0.402649 0.3497771 0.402649 0.2094789 0.06528604 0.2377465 0.06170898 0.3497771 0.402649 0.2377465 0.06170898 0.266229 0.06248849 0.266229 0.06248849 0.2942586 0.06760615 0.3497771 0.402649 0.3497771 0.402649 0.2942586 0.06760615 0.3211784 0.07694202 0.06081187 0.249608 0.324896 0.4165323 0.06330388 0.2779886 0.372247 0.3851308 0.3463574 0.09027719 0.3692054 0.1072993 0.372247 0.3851308 0.3692054 0.1072993 0.389187 0.1276091 0.389187 0.1276091 0.4058337 0.1507309 0.372247 0.3851308 0.372247 0.3851308 0.4058337 0.1507309 0.4187554 0.1761224 0.372247 0.3851308 0.4187554 0.1761224 0.4276491 0.2031885 0.4276491 0.2031885 0.4323065 0.2312951 0.372247 0.3851308 0.372247 0.3851308 0.4323065 0.2312951 0.4326184 0.2597832 0.372247 0.3851308 0.4326184 0.2597832 0.3917792 0.3643883 0.3917792 0.3643883 0.4326184 0.2597832 0.4285774 0.2879849 0.3917792 0.3643883 0.4285774 0.2879849 0.4079157 0.3409076 0.4079157 0.3409076 0.4285774 0.2879849 0.4202784 0.3152393 0.5648566 0.2260496 0.5629823 0.202513 0.5695759 0.1989856 0.8024557 0.6288473 0.8034414 0.6082597 0.8036715 0.6297299 0.06330388 0.2779886 0.324896 0.4165323 0.07009941 0.3056561 0.07009941 0.3056561 0.324896 0.4165323 0.2981871 0.4264553 0.07009941 0.3056561 0.2981871 0.4264553 0.08103924 0.3319622 0.08103924 0.3319622 0.2981871 0.4264553 0.2702763 0.4321854 0.08103924 0.3319622 0.2702763 0.4321854 0.09586691 0.3562902 0.09586691 0.3562902 0.2702763 0.4321854 0.2418177 0.4335883 0.09586691 0.3562902 0.2418177 0.4335883 0.114235 0.3780699 0.114235 0.3780699 0.2418177 0.4335883 0.2134786 0.4306311 0.114235 0.3780699 0.2134786 0.4306311 0.1357128 0.3967909 0.1357128 0.3967909 0.2134786 0.4306311 0.185923 0.423383 0.1357128 0.3967909 0.185923 0.423383 0.159797 0.4120141 0.06268197 0.2211798 0.06887018 0.1933701 0.3497771 0.402649 0.5319637 0.9368554 0.5242735 0.9368958 0.531965 0.8830274 0.4605838 0.8831741 0.4684662 0.9372668 0.452894 0.9372262 0.5242735 0.9368958 0.5319637 0.9368554 0.5268387 0.9369109 0.5268387 0.9369109 0.5319637 0.9368554 0.529403 0.9369829 0.529403 0.9369829 0.5319637 0.9368554 0.531965 0.937112 0.5242735 0.9368958 0.5216447 0.9369395 0.5163919 0.9369372 0.5163919 0.9369372 0.5216447 0.9369395 0.5190175 0.9370433 0.5163919 0.9369372 0.5190175 0.9370433 0.5163934 0.9372068 0.8460788 0.7181977 0.8460788 0.772271 0.7999761 0.772052 0.7999761 0.772052 0.8460788 0.772271 0.7999761 0.7723085 0.8460435 0.842672 0.7999715 0.7888138 0.8460435 0.7885811 0.8460435 0.7885811 0.7999715 0.7888138 0.7999715 0.7885443 0.7653179 0.9428151 0.7653179 0.9888994 0.7627565 0.9428083 0.9858413 0.1136133 0.9877982 0.0676133 0.9896684 0.1137818 0.7601926 0.9428042 0.7601287 0.9888883 0.7576275 0.9428028 0.8419698 0.9642949 0.8443365 0.9182996 0.8465073 0.964435 0.7549984 0.9428042 0.7549346 0.9888885 0.7523707 0.9428085 0.8419817 0.8579714 0.8396387 0.9041184 0.8373271 0.8580678 0.05697047 0.9143845 0.05697047 0.9684681 0.05178135 0.914614 0.9624813 0.8154859 0.9520983 0.86934 0.9469091 0.815486 0.0465871 0.9146097 0.0413984 0.9684681 0.0413984 0.9143716 0.1664606 0.9742428 0.1587702 0.974274 0.1664616 0.9205981 0.5242735 0.9368958 0.5163933 0.8831092 0.531965 0.8830274 0.1587702 0.974274 0.1664606 0.9742428 0.1613355 0.974292 0.1613355 0.974292 0.1664606 0.9742428 0.1638997 0.9743672 0.1638997 0.9743672 0.1664606 0.9742428 0.1664616 0.9744994 0.1587702 0.974274 0.1561413 0.9743146 0.1508886 0.9743059 0.1508886 0.9743059 0.1561413 0.9743146 0.153514 0.9744151 0.1508886 0.9743059 0.153514 0.9744151 0.1508896 0.9745755 0.3998733 0.908623 0.3577434 0.908623 0.3594967 0.8625522 0.3594967 0.8625522 0.3577434 0.908623 0.3592967 0.8625522 0.2536628 0.8705267 0.2536628 0.9334924 0.2237104 0.8985019 0.2237104 0.8985019 0.2536628 0.9334924 0.2535135 0.9336318 0.9896525 0.1277511 0.9896525 0.1738353 0.9875985 0.1278249 0.8465073 0.964435 0.8487592 0.9184437 0.8509262 0.9645863 0.9855793 0.1279008 0.9855294 0.1739869 0.9835956 0.1279788 0.9829289 0.0531919 0.9854481 0.007058978 0.9878073 0.05311059 0.9816007 0.1280609 0.9815527 0.1741473 0.9796452 0.1281453 0.9878073 0.05311059 0.9903059 0.006983757 0.992761 0.05303943 0.9622414 0.7024023 0.9622414 0.7564858 0.9570521 0.7026318 0.6514245 0.7097336 0.6337622 0.7187385 0.6335706 0.7094506 0.9518579 0.7026274 0.9466692 0.7564857 0.9466691 0.7023893 0.7413933 0.9743275 0.7337028 0.9743346 0.7413935 0.9207811 0.1383337 0.9209057 0.1462166 0.9746748 0.1306447 0.9745976 0.7337028 0.9743346 0.7413933 0.9743275 0.736268 0.9743608 0.736268 0.9743608 0.7413933 0.9743275 0.738832 0.9744439 0.738832 0.9744439 0.7413933 0.9743275 0.7413935 0.9745841 0.7337028 0.9743346 0.7310737 0.974367 0.725821 0.9743419 0.725821 0.9743419 0.7310737 0.974367 0.7284461 0.9744593 0.725821 0.9743419 0.7284461 0.9744593 0.7258213 0.9746115 0.5338478 0.8642926 0.4990331 0.82397 0.5338478 0.7937648 0.5338478 0.7937648 0.4990331 0.82397 0.5336826 0.7935735 0.5920714 0.8442322 0.5459832 0.7916126 0.5920714 0.7909569 0.5920714 0.7909569 0.5459832 0.7916126 0.5459832 0.7913472 0.6565501 0.9202166 0.6565501 0.9663136 0.6540643 0.92019 0.7601287 0.9888883 0.7627565 0.9428083 0.7653179 0.9888994 0.651565 0.9201659 0.6515026 0.9662624 0.6490534 0.920144 0.5915955 0.9201116 0.5889564 0.9662078 0.5864945 0.920166 0.6464679 0.9201241 0.6464049 0.9662207 0.6438722 0.9201066 0.8509562 0.8577529 0.84873 0.9039085 0.8465278 0.8578664 0.8720393 0.913256 0.8720393 0.9673393 0.8668501 0.9134855 0.9466692 0.7564857 0.9570521 0.7026318 0.9622414 0.7564858 0.8616558 0.9134812 0.8564671 0.9673393 0.8564671 0.913243 0.7055764 0.9210449 0.7132668 0.9210653 0.7055771 0.9746251 0.4810196 0.9369338 0.473139 0.8829554 0.488711 0.8828933 0.7132668 0.9210653 0.7055764 0.9210449 0.7107017 0.9210299 0.7107017 0.9210299 0.7055764 0.9210449 0.7081381 0.9209376 0.7081381 0.9209376 0.7055764 0.9210449 0.7055771 0.9207883 0.7132668 0.9210653 0.715896 0.9210423 0.7211486 0.9210861 0.7211486 0.9210861 0.715896 0.9210423 0.7185239 0.9209594 0.7211486 0.9210861 0.7185239 0.9209594 0.7211492 0.9208166 0.592061 0.8592488 0.592061 0.9060848 0.5459819 0.9046487 0.5459819 0.9046487 0.592061 0.9060848 0.5459818 0.9048709 0.7847723 0.7929608 0.7847723 0.8594272 0.7522832 0.826748 0.7522832 0.826748 0.7847723 0.8594272 0.7846105 0.8595956 0.8373271 0.9041649 0.8373271 0.8580678 0.8396387 0.9041184 0.5864945 0.920166 0.5838971 0.966255 0.5813545 0.9202075 0.8419251 0.9040698 0.8419817 0.8579714 0.8441849 0.904019 0.8465278 0.8578664 0.8441849 0.904019 0.8419817 0.8579714 0.8464726 0.9039648 0.8465278 0.8578664 0.84873 0.9039085 0.9777324 0.1133019 0.9798394 0.06729316 0.9818599 0.1134532 0.4243357 0.911243 0.4243357 0.9653264 0.4191465 0.9114724 0.9467555 0.5456284 0.9571386 0.4917744 0.9623278 0.5456285 0.4139522 0.9114682 0.4087634 0.9653264 0.4087635 0.9112301 0.1306435 0.9208676 0.1383337 0.9209057 0.1306447 0.9745976 0.4388029 0.848958 0.4391754 0.8323332 0.4397784 0.8484252 0.1383337 0.9209057 0.1306435 0.9208676 0.1357688 0.9208645 0.1357688 0.9208645 0.1306435 0.9208676 0.1332054 0.9207662 0.1332054 0.9207662 0.1306435 0.9208676 0.1306447 0.920611 0.1383337 0.9209057 0.140963 0.9208888 0.1462153 0.9209448 0.1462153 0.9209448 0.140963 0.9208888 0.143591 0.920812 0.1462153 0.9209448 0.143591 0.920812 0.1462166 0.9206752 0.7423133 0.8628329 0.708337 0.8246709 0.7423134 0.7935642 0.7423134 0.7935642 0.708337 0.8246709 0.7421522 0.7933831 0.4044351 0.8480711 0.3583384 0.7985969 0.4044351 0.7976011 0.4044351 0.7976011 0.3583384 0.7985969 0.3583384 0.7983454 0.3337302 0.9686251 0.3337302 0.9225356 0.3360891 0.968671 0.8035048 0.6665682 0.8031727 0.6824558 0.8023732 0.6668503 0.3384698 0.9687145 0.3385294 0.9226261 0.3408711 0.9687557 0.9818599 0.1134532 0.9839428 0.06745088 0.9858413 0.1136133 0.3433524 0.9687953 0.343413 0.9227067 0.345853 0.9688323 0.3483714 0.9227772 0.345853 0.9688323 0.343413 0.9227067 0.9469091 0.8695695 0.9469091 0.815486 0.9520983 0.86934 0.8564671 0.9673393 0.8668501 0.9134855 0.8720393 0.9673393 0.9572926 0.8693443 0.9624813 0.8154859 0.9624813 0.8695824 0.4961469 0.8832957 0.5038372 0.8833335 0.4961482 0.93722 0.5038372 0.8833335 0.51172 0.9372965 0.4961482 0.93722 0.5038372 0.8833335 0.4961469 0.8832957 0.5012722 0.8832924 0.5012722 0.8832924 0.4961469 0.8832957 0.4987087 0.8831942 0.4987087 0.8831942 0.4961469 0.8832957 0.4961481 0.8830391 0.5038372 0.8833335 0.5064663 0.8833165 0.5117186 0.8833723 0.5117186 0.8833723 0.5064663 0.8833165 0.5090944 0.8832395 0.5117186 0.8833723 0.5090944 0.8832395 0.51172 0.8831027 0.3445147 0.7976149 0.3445147 0.8481763 0.2984528 0.8469653 0.2984528 0.8469653 0.3445147 0.8481763 0.2984529 0.8472052 0.6981242 0.7933719 0.6981242 0.8625565 0.6640157 0.8315474 0.6640157 0.8315474 0.6981242 0.8625565 0.6979542 0.8627467 0.992761 0.006949961 0.992761 0.05303943 0.9903059 0.006983757 0.3385294 0.9226261 0.3360891 0.968671 0.3337302 0.9225356 0.9878678 0.007020175 0.9878073 0.05311059 0.9854481 0.007058978 0.6412676 0.9661886 0.6438722 0.9201066 0.6464049 0.9662207 0.9829885 0.007101297 0.9829289 0.0531919 0.9805507 0.007146239 0.5966472 0.9200447 0.5940971 0.9661465 0.5915955 0.9201116 0.9623278 0.491545 0.9623278 0.5456285 0.9571386 0.4917744 0.9469091 0.9399077 0.9572922 0.8860537 0.9624814 0.9399077 0.9519444 0.49177 0.9467555 0.5456284 0.9467555 0.4915319 0.4528933 0.8831541 0.4605838 0.8831741 0.452894 0.9372262 0.861225 0.5649141 0.8620703 0.5863585 0.8610806 0.5863562 0.4605838 0.8831741 0.4528933 0.8831541 0.4580186 0.8831388 0.4580186 0.8831388 0.4528933 0.8831541 0.455455 0.8830467 0.455455 0.8830467 0.4528933 0.8831541 0.452894 0.8828975 0.4605838 0.8831741 0.4632129 0.883151 0.4684655 0.8831946 0.4684655 0.8831946 0.4632129 0.883151 0.4658408 0.883068 0.4684655 0.8831946 0.4658408 0.883068 0.4684662 0.8829251 0.830411 0.9274062 0.7979325 0.8936348 0.830411 0.8609446 0.830411 0.8609446 0.7979325 0.8936348 0.8302568 0.8607844 0.6519758 0.9061259 0.6058965 0.8606866 0.6519758 0.8592427 0.6519758 0.8592427 0.6058965 0.8606866 0.6058965 0.860453 0.8509262 0.9185199 0.8509262 0.9645863 0.8487592 0.9184437 0.8035048 0.5273732 0.8031727 0.5110803 0.804301 0.5114173 0.8465623 0.9183704 0.8465073 0.964435 0.8443365 0.9182996 0.9777304 0.174316 0.9796452 0.1281453 0.9815527 0.1741473 0.8420263 0.9182301 0.8419698 0.9642949 0.8396881 0.9181634 0.7497457 0.9888999 0.7523707 0.9428085 0.7549346 0.9888885 0.9467028 0.6474024 0.9467028 0.593319 0.951892 0.6471729 0.8922832 0.913243 0.8819001 0.9670969 0.876711 0.9132431 0.9570863 0.6471772 0.9622751 0.5933191 0.9622751 0.6474153 0.4482213 0.9370062 0.4405308 0.9370132 0.4482215 0.8829005 0.7132668 0.9210653 0.7211492 0.9746663 0.7055771 0.9746251 0.4405308 0.9370132 0.4482213 0.9370062 0.443096 0.9370393 0.443096 0.9370393 0.4482213 0.9370062 0.44566 0.9371226 0.44566 0.9371226 0.4482213 0.9370062 0.4482215 0.9372628 0.4405308 0.9370132 0.4379017 0.9370455 0.432649 0.9370202 0.432649 0.9370202 0.4379017 0.9370455 0.4352741 0.9371377 0.432649 0.9370202 0.4352741 0.9371377 0.4326493 0.9372897 0.6058983 0.8442205 0.6058979 0.7909554 0.6519861 0.7915974 0.6519861 0.7915974 0.6058979 0.7909554 0.6519861 0.7913447 0.4877504 0.5057448 0.4877504 0.5762653 0.452932 0.5460645 0.452932 0.5460645 0.4877504 0.5762653 0.4875769 0.5764662 0.5813545 0.9662739 0.5813545 0.9202075 0.5838971 0.966255 0.6515026 0.9662624 0.6540643 0.92019 0.6565501 0.9663136 0.5864315 0.966233 0.5864945 0.920166 0.5889564 0.9662078 0.7549346 0.9888885 0.7576275 0.9428028 0.7601287 0.9888883 0.591533 0.9661788 0.5915955 0.9201116 0.5940971 0.9661465 0.8373232 0.9641662 0.8396881 0.9181634 0.8419698 0.9642949 0.876711 0.9673264 0.876711 0.9132431 0.8819001 0.9670969 0.0413984 0.9684681 0.05178135 0.914614 0.05697047 0.9684681 0.8870944 0.9671012 0.8922832 0.913243 0.8922832 0.9673392 0.48871 0.9369031 0.4810196 0.9369338 0.488711 0.8828933 0.4405308 0.9370132 0.4326493 0.8829144 0.4482215 0.8829005 0.4810196 0.9369338 0.48871 0.9369031 0.4835849 0.9369521 0.4835849 0.9369521 0.48871 0.9369031 0.4861491 0.9370274 0.4861491 0.9370274 0.48871 0.9369031 0.488711 0.9371597 0.4810196 0.9369338 0.4783908 0.9369742 0.473138 0.9369652 0.473138 0.9369652 0.4783908 0.9369742 0.4757634 0.9370746 0.473138 0.9369652 0.4757634 0.9370746 0.4731391 0.9372348 0.03455525 0.9331352 0.004507184 0.905574 0.03455525 0.8706218 0.03455525 0.8706218 0.004507184 0.905574 0.03441274 0.870491 0.2978413 0.908683 0.3375377 0.8626635 0.3398259 0.908683 0.3398259 0.908683 0.3375377 0.8626635 0.3377469 0.8626635 0.9896684 0.06769752 0.9896684 0.1137818 0.9877982 0.0676133 0.9855294 0.1739869 0.9875985 0.1278249 0.9896525 0.1738353 0.9858893 0.06753104 0.9858413 0.1136133 0.9839428 0.06745088 0.343413 0.9227067 0.3408711 0.9687557 0.3385294 0.9226261 0.9819098 0.06737089 0.9818599 0.1134532 0.9798394 0.06729316 0.9781358 0.05328303 0.9805507 0.007146239 0.9829289 0.0531919 0.9624814 0.8858242 0.9624814 0.9399077 0.9572922 0.8860537 0.559055 0.2549118 0.5686356 0.2806854 0.5629824 0.2809641 0.9520979 0.8860494 0.9469091 0.9399077 0.9469091 0.8858113 0.9842439 0.1869454 0.9826363 0.2110226 0.9826363 0.1851775 0.378238 0.9281249 0.3767088 0.95283 0.3767089 0.9265902 0.9716379 0.9119195 0.9795225 0.9103756 0.9779772 0.9119197 0.5349281 0.9739896 0.5365492 0.9492692 0.5365492 0.9755064 0.9927389 0.9131374 0.9973438 0.8995605 0.9973438 0.9129949 0.1936892 0.7486001 0.1595002 0.7211491 0.1933032 0.7211501 0.6812018 0.9238813 0.6841844 0.9531035 0.6812018 0.9777082 0.3861244 0.9528299 0.3737262 0.9774348 0.3767088 0.95283 0.6965825 0.9777082 0.6935999 0.9531035 0.6965825 0.9238813 0.6965825 0.9238813 0.6935999 0.9531035 0.6935999 0.9268636 0.6965825 0.9238813 0.6935999 0.9268636 0.6812018 0.9238813 0.6812018 0.9238813 0.6935999 0.9268636 0.6841844 0.9268636 0.6812018 0.9238813 0.6841844 0.9268636 0.6841844 0.9531035 0.4412927 0.8247221 0.4823648 0.8050056 0.4827851 0.8246882 0.658151 0.9909331 0.6535415 0.9755538 0.658151 0.9755539 0.4055017 0.963926 0.4008941 0.9218457 0.4055017 0.9220011 0.9979382 0.6160244 0.9933329 0.6044206 0.9979382 0.6042352 0.3679552 0.774021 0.3539016 0.66729 0.3679549 0.6672901 0.04758358 0.762156 0.01321542 0.7355365 0.04700154 0.7355635 0.9779846 0.8415882 0.9825053 0.8692725 0.9779846 0.8647522 0.9779846 0.8647522 0.9825053 0.8692725 0.9671244 0.8692724 0.9779846 0.8647522 0.9671244 0.8692724 0.9716451 0.8647522 0.9716451 0.8647522 0.9671244 0.8692724 0.9716451 0.8415882 0.9716451 0.8415882 0.9671244 0.8692724 0.9671244 0.8154455 0.6258079 0.9473749 0.636668 0.9212324 0.6321473 0.947375 0.9825053 0.8692725 0.9779846 0.8415882 0.9825053 0.8154455 0.1086059 0.9481118 0.1007374 0.9496464 0.09919041 0.9481117 0.3767089 0.9265902 0.3845774 0.9281247 0.378238 0.9281249 0.5735864 0.6016554 0.570922 0.5871253 0.5827587 0.5863371 0.314231 0.9949609 0.312609 0.986954 0.314231 0.988703 0.865278 0.6532748 0.906276 0.6343763 0.9067587 0.6533694 0.9766331 0.311107 0.9812403 0.3515167 0.9766331 0.3516848 0.9825052 0.9395977 0.9795225 0.9103756 0.9825052 0.8857712 0.3215635 0.6100831 0.3184697 0.5943951 0.3256972 0.6069117 0.9671244 0.8857709 0.970107 0.9103755 0.9671244 0.9395974 0.9671244 0.9395974 0.970107 0.9103755 0.970107 0.9366151 0.9671244 0.9395974 0.970107 0.9366151 0.9825052 0.9395977 0.9825052 0.9395977 0.970107 0.9366151 0.9795226 0.9366154 0.9825052 0.9395977 0.9795226 0.9366154 0.9795225 0.9103756 0.1604543 0.5822384 0.1949949 0.5584892 0.1942573 0.5822395 0.8981512 0.9640672 0.8950797 0.9467169 0.8981512 0.9466049 0.5666544 0.9966623 0.5712605 0.9850555 0.5712605 0.9968387 0.8647614 0.7542747 0.9067052 0.7351872 0.9062468 0.7541859 0.9887104 0.2187982 0.9933193 0.2341773 0.9887103 0.2341774 0.2661991 0.7607386 0.2320359 0.7337138 0.2658444 0.733792 0.5522374 0.9473269 0.5567581 0.9750111 0.5522374 0.9704909 0.5522374 0.9704909 0.5567581 0.9750111 0.5413772 0.9750112 0.5522374 0.9704909 0.5413772 0.9750112 0.5458979 0.9704909 0.5458979 0.9704909 0.5413772 0.9750112 0.5458979 0.947327 0.5458979 0.947327 0.5413772 0.9750112 0.5413771 0.9211843 0.7192399 0.7203599 0.6892745 0.7062676 0.7043951 0.6942947 0.5567581 0.9750111 0.5522374 0.9473269 0.5567581 0.9211843 0.9826363 0.2187752 0.9842439 0.2428448 0.9826363 0.2446143 0.3047061 0.9513521 0.306249 0.9266423 0.306249 0.9528818 0.9873117 0.2799745 0.9857004 0.2558996 0.9873117 0.2541316 0.2969413 0.9869474 0.2953189 0.994956 0.2953189 0.9887297 0.1620825 0.8192555 0.1949949 0.7982074 0.1958855 0.8192566 0.1209942 0.6080946 0.08779323 0.5822099 0.1215925 0.5822097 0.6612066 0.9238812 0.6641892 0.9531028 0.6612065 0.9777072 0.6765875 0.9777072 0.6641892 0.9531028 0.6736049 0.9531029 0.6765875 0.9777072 0.6736049 0.9531029 0.6765875 0.9238813 0.6765875 0.9238813 0.6736049 0.9531029 0.6736049 0.9268634 0.6765875 0.9238813 0.6736049 0.9268634 0.6612066 0.9238812 0.6612066 0.9238812 0.6736049 0.9268634 0.6641892 0.9268634 0.6612066 0.9238812 0.6641892 0.9268634 0.6641892 0.9531028 0.8644795 0.7750023 0.9058699 0.7966207 0.8643844 0.7967095 0.996741 0.1712718 0.9921322 0.1568909 0.996741 0.1568146 0.7438758 0.8981602 0.7469489 0.8764994 0.7469489 0.8981106 0.06598991 0.9142148 0.07059872 0.9672662 0.06598991 0.9672272 0.2848345 0.9211765 0.2894406 0.9715952 0.2848345 0.9714981 0.9927355 0.8094079 0.9973444 0.822984 0.9927354 0.8228777 0.9714052 0.730033 0.9668844 0.7023489 0.9714052 0.7068691 0.9714052 0.7068691 0.9668844 0.7023489 0.9822654 0.7023488 0.9714052 0.7068691 0.9822654 0.7023488 0.9777446 0.706869 0.9777446 0.706869 0.9822654 0.7023488 0.9777446 0.730033 0.9777446 0.730033 0.9822654 0.7023488 0.9822654 0.7561756 0.6166728 0.9212324 0.6058126 0.9473749 0.6012918 0.9212323 0.9668844 0.7023489 0.9714052 0.730033 0.9668844 0.7561756 0.9874201 0.4769818 0.9857944 0.453172 0.9874201 0.452193 0.364596 0.9497582 0.3567137 0.9482123 0.3661293 0.9482122 0.3702773 0.986921 0.3718875 0.9947978 0.3702773 0.9963355 0.3661293 0.9744517 0.3582565 0.9729221 0.364596 0.972922 0.5318567 0.9739871 0.5349282 0.9508278 0.5349281 0.9739896 0.3967121 0.9937179 0.3921052 0.9785628 0.3967121 0.9786116 0.369112 0.9774339 0.3661293 0.9482122 0.369112 0.9236077 0.7543815 0.6656857 0.7292556 0.643124 0.7585319 0.6441541 0.353731 0.9236079 0.3567137 0.9482123 0.353731 0.9774341 0.353731 0.9774341 0.3567137 0.9482123 0.3567137 0.9744518 0.353731 0.9774341 0.3567137 0.9744518 0.369112 0.9774339 0.369112 0.9774339 0.3567137 0.9744518 0.3661293 0.9744517 0.369112 0.9774339 0.3661293 0.9744517 0.3661293 0.9482122 0.9955207 0.3166538 0.9985907 0.3220959 0.9955207 0.3221909 0.08678853 0.7211037 0.1203823 0.6926917 0.1205878 0.7211035 0.9961866 0.333725 0.9992592 0.3390758 0.9961867 0.3391534 0.2156448 0.9755908 0.211043 0.9345925 0.2156448 0.9348129 0.9933444 0.3753056 0.9887343 0.3600804 0.9933444 0.3601106 0.1205793 0.9692038 0.1251865 0.9224465 0.1251865 0.9690762 0.5722327 0.9473269 0.5767534 0.9750112 0.5722327 0.9704909 0.5722327 0.9704909 0.5767534 0.9750112 0.5613724 0.9750111 0.5722327 0.9704909 0.5613724 0.9750111 0.5658932 0.9704909 0.5658932 0.9704909 0.5613724 0.9750111 0.5658932 0.9473269 0.5658932 0.9473269 0.5613724 0.9750111 0.5613725 0.9211843 0.5522374 0.9473269 0.5413771 0.9211843 0.5567581 0.9211843 0.5767534 0.9750112 0.5722327 0.9473269 0.5767534 0.9211844 0.3845774 0.9512888 0.3861244 0.9265901 0.3861244 0.9528299 0.378238 0.9512889 0.3861244 0.9528299 0.3767088 0.95283 0.08708006 0.9511972 0.08861088 0.9264892 0.08861088 0.952729 0.364596 0.9497582 0.3661293 0.9744517 0.364596 0.972922 0.9931995 0.9188042 0.9978082 0.9318583 0.9931995 0.9319746 0.08658301 0.6926919 0.1203823 0.6639596 0.1203823 0.6926917 0.3737263 0.9236079 0.3767088 0.95283 0.3737262 0.9774348 0.9671244 0.8857709 0.9795225 0.9103756 0.970107 0.9103755 0.389107 0.9774346 0.3861244 0.9528299 0.389107 0.9236077 0.389107 0.9236077 0.3861244 0.9528299 0.3861244 0.9265901 0.389107 0.9236077 0.3861244 0.9265901 0.3737263 0.9236079 0.3737263 0.9236079 0.3861244 0.9265901 0.3767089 0.9265902 0.3737263 0.9236079 0.3767089 0.9265902 0.3767088 0.95283 0.3359893 0.9930886 0.3390619 0.9990954 0.3359893 0.9990444 0.08658301 0.6639599 0.1205878 0.6355491 0.1203823 0.6639596 0.5825936 0.9983627 0.5795214 0.9923514 0.5825936 0.9924051 0.2906529 0.8860393 0.2875821 0.864319 0.2906529 0.8643837 0.8455882 0.5443054 0.8047807 0.5256568 0.8462456 0.5256899 0.3478897 0.8809749 0.3509629 0.859099 0.3509629 0.8810188 0.6321473 0.947375 0.636668 0.9750593 0.6321473 0.970539 0.6321473 0.970539 0.636668 0.9750593 0.6212872 0.9750592 0.6321473 0.970539 0.6212872 0.9750592 0.6258079 0.970539 0.6258079 0.970539 0.6212872 0.9750592 0.6258079 0.9473749 0.6258079 0.9473749 0.6212872 0.9750592 0.6212871 0.9212323 0.9714915 0.5191757 0.9823517 0.5453183 0.9669708 0.5453183 0.636668 0.9750593 0.6321473 0.947375 0.636668 0.9212324 0.9842453 0.3104714 0.982634 0.3345448 0.982634 0.3087032 0.1070768 0.9728105 0.09919047 0.9743515 0.1007374 0.9728104 0.9795226 0.9366154 0.9716379 0.9350834 0.9779772 0.9350835 0.08074069 0.9511973 0.08861088 0.952729 0.07919532 0.9527291 0.1223692 0.7981905 0.08779323 0.7744489 0.1215925 0.7744488 0.9420444 0.8723827 0.9346639 0.88528 0.9343658 0.8723766 0.1115885 0.977334 0.1086059 0.9481118 0.1115885 0.9235071 0.3138459 0.9774859 0.3262442 0.9528815 0.3292269 0.9774858 0.09620779 0.923507 0.09919041 0.9481117 0.09620785 0.9773338 0.09620785 0.9773338 0.09919041 0.9481117 0.09919047 0.9743515 0.09620785 0.9773338 0.09919047 0.9743515 0.1115885 0.977334 0.1115885 0.977334 0.09919047 0.9743515 0.1086059 0.9743517 0.1115885 0.977334 0.1086059 0.9743517 0.1086059 0.9481118 0.08779323 0.7744489 0.1209942 0.7485603 0.1215925 0.7744488 0.5378338 0.8979992 0.5347618 0.8780046 0.5378338 0.8779239 0.8981476 0.9411129 0.8950793 0.9232759 0.8981476 0.9231373 0.9346639 0.8314587 0.9428169 0.8201952 0.9423426 0.8314648 0.9422455 0.6630168 0.9349528 0.6741588 0.9345629 0.6630166 0.9423426 0.8314648 0.9343658 0.8445166 0.9346639 0.8314587 0.2649835 0.9493721 0.2604628 0.9216878 0.2649835 0.926208 0.2649835 0.926208 0.2604628 0.9216878 0.2758437 0.9216877 0.2649835 0.926208 0.2758437 0.9216877 0.271323 0.926208 0.271323 0.926208 0.2758437 0.9216877 0.271323 0.949372 0.271323 0.949372 0.2758437 0.9216877 0.2758437 0.9755147 0.2649835 0.9493721 0.2758437 0.9755147 0.2604628 0.9755147 0.2604628 0.9216878 0.2649835 0.9493721 0.2604628 0.9755147 0.3047595 0.9961842 0.3031573 0.9881717 0.3047595 0.986946 0.9795226 0.9366154 0.9779772 0.9119197 0.9795225 0.9103756 0.307764 0.9882481 0.3061622 0.9962574 0.3061622 0.9869556 0.306249 0.9266423 0.2983667 0.9281883 0.2968333 0.9266422 0.1223692 0.7981905 0.08950787 0.8192557 0.08856999 0.7981908 0.01321542 0.7355365 0.04664707 0.7076465 0.04700154 0.7355635 0.2938507 0.9236599 0.2968333 0.9528817 0.2938507 0.9774861 0.306249 0.9528818 0.2938507 0.9774861 0.2968333 0.9528817 0.3092316 0.9774863 0.306249 0.9528818 0.3092316 0.9236601 0.3092316 0.9236601 0.306249 0.9528818 0.306249 0.9266423 0.3092316 0.9236601 0.306249 0.9266423 0.2938507 0.9236599 0.2938507 0.9236599 0.306249 0.9266423 0.2968333 0.9266422 0.2938507 0.9236599 0.2968333 0.9266422 0.2968333 0.9528817 0.1223692 0.5584723 0.08950787 0.5374132 0.1233071 0.537413 0.2682173 0.5472482 0.2335904 0.5692779 0.2344087 0.5471699 0.6993498 0.9446447 0.7024177 0.9623401 0.6993498 0.9621931 0.8658382 0.8777101 0.9067052 0.8597689 0.9073237 0.8776214 0.3173024 0.9949334 0.314231 0.988703 0.3173024 0.9886755 0.8643844 0.7967095 0.9059649 0.8185232 0.8644795 0.818612 0.9714915 0.5191757 0.9669708 0.4914915 0.9714915 0.4960117 0.9714915 0.4960117 0.9669708 0.4914915 0.9823518 0.4914915 0.9714915 0.4960117 0.9823518 0.4914915 0.977831 0.4960117 0.977831 0.4960117 0.9823518 0.4914915 0.9778311 0.5191757 0.9778311 0.5191757 0.9823518 0.4914915 0.9823517 0.5453183 0.6382081 0.7484024 0.6530498 0.7188038 0.6601141 0.7473588 0.9669708 0.4914915 0.9714915 0.5191757 0.9669708 0.5453183 0.08074069 0.9280334 0.08861088 0.9264892 0.08708006 0.9280333 0.9813178 0.4786449 0.9797167 0.4539188 0.9813178 0.4524099 0.3567137 0.9482123 0.3582565 0.9729221 0.3567137 0.9744518 0.2983667 0.9281883 0.2968333 0.9528817 0.2968333 0.9266422 0.8047807 0.6682432 0.8455882 0.6500013 0.8462456 0.6682763 0.8056198 0.6838945 0.8462456 0.6682763 0.8470847 0.6839276 0.3138459 0.9236599 0.3168286 0.9528815 0.3138459 0.9774859 0.6812018 0.9777082 0.6935999 0.9531035 0.6965825 0.9777082 0.3292269 0.9774858 0.3262442 0.9528815 0.3292269 0.9236598 0.3292269 0.9236598 0.3262442 0.9528815 0.3262443 0.9266421 0.3292269 0.9236598 0.3262443 0.9266421 0.3138459 0.9236599 0.3138459 0.9236599 0.3262443 0.9266421 0.3168286 0.9266421 0.3138459 0.9236599 0.3168286 0.9266421 0.3168286 0.9528815 0.4408724 0.7193181 0.4827851 0.6999931 0.4823648 0.7192843 0.4418596 0.6830576 0.4827851 0.6999931 0.4412927 0.700027 0.04838007 0.7868299 0.01379746 0.762129 0.04758358 0.762156 0.1595002 0.6355947 0.1936892 0.6081345 0.1933033 0.6355956 0.9419427 0.858479 0.9343658 0.8723766 0.9342641 0.8584729 0.4405269 0.7620179 0.4821065 0.7838493 0.4406141 0.7838832 0.9714388 0.6209627 0.9669181 0.5932785 0.9714388 0.5977988 0.9714388 0.5977988 0.9669181 0.5932785 0.9822991 0.5932786 0.9714388 0.5977988 0.9822991 0.5932786 0.9777783 0.5977988 0.9777783 0.5977988 0.9822991 0.5932786 0.9777783 0.6209627 0.9777783 0.6209627 0.9822991 0.5932786 0.9822991 0.6471053 0.9714388 0.6209627 0.9822991 0.6471053 0.9669181 0.6471053 0.9669181 0.5932785 0.9714388 0.6209627 0.9669181 0.6471053 0.6793103 0.5650678 0.6724213 0.5519996 0.6897705 0.5604259 0.09919041 0.9481117 0.1007374 0.9728104 0.09919047 0.9743515 0.3292255 0.9885109 0.3308321 0.9963865 0.3292255 0.9948496 0.2968333 0.9528817 0.3047061 0.9513521 0.306249 0.9528818 0.06460714 0.9672323 0.05999773 0.9142521 0.06460714 0.9142152 0.7843856 0.8773204 0.7889919 0.9280818 0.7843856 0.9281706 0.0762127 0.9235072 0.07919532 0.9527291 0.0762127 0.9773337 0.08861088 0.952729 0.0762127 0.9773337 0.07919532 0.9527291 0.0915935 0.9773334 0.08861088 0.952729 0.0915935 0.9235069 0.0915935 0.9235069 0.08861088 0.952729 0.08861088 0.9264892 0.0915935 0.9235069 0.08861088 0.9264892 0.0762127 0.9235072 0.0762127 0.9235072 0.08861088 0.9264892 0.07919532 0.9264895 0.0762127 0.9235072 0.07919532 0.9264895 0.07919532 0.9527291 0.8644795 0.7750023 0.9062468 0.7541859 0.905965 0.7749134 0.8644984 0.5699492 0.905879 0.5919467 0.8643983 0.5918522 0.159305 0.6640087 0.1933033 0.6355956 0.1931081 0.6640097 0.8449062 0.6082929 0.8034414 0.5863339 0.8449062 0.586367 0.991196 0.970492 0.9958061 0.9855452 0.991196 0.985583 0.7024223 0.9389693 0.6993504 0.9188284 0.7024223 0.9189093 0.612152 0.9473749 0.6166728 0.9750592 0.612152 0.970539 0.612152 0.970539 0.6166728 0.9750592 0.6012918 0.9750592 0.612152 0.970539 0.6012918 0.9750592 0.6058126 0.9705389 0.6058126 0.9705389 0.6012918 0.9750592 0.6058126 0.9473749 0.6058126 0.9473749 0.6012918 0.9750592 0.6012918 0.9212323 0.5658932 0.9473269 0.5767534 0.9211844 0.5722327 0.9473269 0.6166728 0.9750592 0.612152 0.9473749 0.6166728 0.9212324 0.2788423 0.9721996 0.2834521 0.9213299 0.2834521 0.9722655 0.7018461 0.3570678 0.6987897 0.4085961 0.6724883 0.4006494 0.851257 0.2126737 0.8974161 0.1895567 0.9036841 0.2163046 0.8647614 0.8399181 0.9059649 0.8185232 0.9062468 0.8398293 0.9311073 0.8584925 0.9312119 0.8441374 0.9343658 0.8445166 0.9311073 0.8584925 0.9342641 0.8584729 0.9343658 0.8723766 0.9346639 0.8314587 0.9343658 0.8445166 0.9312119 0.8441374 0.9318084 0.7060173 0.9349274 0.7071232 0.9345696 0.7181023 0.9345629 0.6630166 0.9349528 0.6741588 0.9318302 0.6752469 0.9314293 0.6084215 0.9345629 0.6091896 0.9343179 0.6221752 0.9320065 0.8191149 0.9351382 0.8201891 0.9346639 0.8314587 0.09899675 0.1296287 0.09799796 0.1288331 0.1173599 0.1079683 0.9346639 0.88528 0.9351382 0.896304 0.9320064 0.8974045 0.9312091 0.7305527 0.9314404 0.7173101 0.9345696 0.7181023 0.9310913 0.6361088 0.9311772 0.6217781 0.9343179 0.6221752 0.9314293 0.6637863 0.9311772 0.650437 0.9343179 0.6500381 0.9312091 0.7592062 0.9343448 0.7588347 0.9345696 0.771919 0.9310973 0.5343087 0.9342438 0.5343089 0.9343318 0.5482406 0.9311302 0.7448428 0.9342681 0.7448703 0.9343448 0.7588347 0.9345696 0.771919 0.9349273 0.7832315 0.9318084 0.7843 0.9318302 0.5969492 0.9349528 0.598036 0.9345629 0.6091896 0.9311879 0.5486385 0.9343318 0.5482406 0.9345899 0.5612234 0.9311302 0.7448428 0.9312091 0.7305527 0.9343447 0.7309771 0.9310973 0.5343087 0.9311879 0.5199795 0.9343318 0.5203778 0.4313504 0.2896618 0.4355646 0.2617052 0.4368327 0.2617992 0.9310913 0.6361088 0.9342343 0.6361079 0.9343179 0.6500381 0.9314533 0.5619922 0.9345899 0.5612234 0.9350004 0.5723726 0.9312119 0.8727934 0.9343658 0.8723766 0.9346639 0.88528 0.9967584 0.09576171 0.9921501 0.09584224 0.9921501 0.08138912 0.3261525 0.9885108 0.3292255 0.9885109 0.3292255 0.9948496 0.9067052 0.7351872 0.8652198 0.735276 0.8658382 0.7186928 0.9420005 0.6500383 0.9422455 0.6630168 0.9345629 0.6630166 0.2673989 0.8087088 0.2335904 0.8086306 0.2329126 0.78582 0.9343179 0.6221752 0.9420005 0.6221755 0.9419168 0.6361081 0.9345629 0.6091896 0.9422455 0.6091899 0.9420005 0.6221755 0.9349528 0.598036 0.9426353 0.5980362 0.9422455 0.6091899 0.9827235 0.4532312 0.9857944 0.453172 0.9857944 0.475055 0.5573058 0.9966773 0.5526997 0.9968532 0.5526997 0.9850569 0.9342681 0.7448703 0.9419518 0.7448639 0.9420285 0.7588285 0.9343447 0.7309771 0.9420285 0.7309709 0.9419518 0.7448639 0.9345696 0.7181023 0.9422534 0.7180961 0.9420285 0.7309709 0.9426111 0.7071169 0.9422534 0.7180961 0.9345696 0.7181023 0.04259383 0.9986268 0.03952318 0.9987441 0.03952318 0.9938821 0.9350004 0.4962497 0.942682 0.4962496 0.9422715 0.5073964 0.9345899 0.5073965 0.9422715 0.5073964 0.9420135 0.5203777 0.9420135 0.5203777 0.9419254 0.5343089 0.9342438 0.5343089 0.02536833 0.9983223 0.02229619 0.9983759 0.02229619 0.9924189 0.9350004 0.5723726 0.9345899 0.5612234 0.9422715 0.5612233 0.9163784 0.833168 0.9271711 0.8336387 0.9268953 0.8482522 0.331995 0.9931399 0.3350675 0.993089 0.3350675 0.9990477 0.8644984 0.5699492 0.8647952 0.5486404 0.9062759 0.548735 0.2667211 0.7858982 0.2329126 0.78582 0.2323905 0.7606604 0.4245243 0.5804352 0.4245243 0.5659824 0.4296901 0.5653024 0.4135556 0.5395054 0.4033344 0.5292856 0.4065064 0.5251525 0.3136559 0.5963887 0.3095627 0.5811146 0.3147285 0.5804347 0.4033344 0.6171317 0.4065064 0.6212649 0.3928101 0.6291713 0.4255969 0.5500283 0.4296901 0.5653024 0.4245243 0.5659824 0.6613439 0.3365372 0.6806147 0.3487359 0.6478023 0.3885871 0.3147286 0.5659818 0.3147285 0.5804347 0.3095627 0.5811146 0.3775339 0.6332638 0.3617188 0.6332638 0.3623989 0.6280986 0.3484366 0.5220589 0.3464426 0.5172457 0.3617188 0.5131531 0.4176893 0.5363339 0.4255969 0.5500283 0.4207831 0.5520219 0.3256972 0.6069117 0.3359183 0.6171314 0.3327464 0.6212645 0.4176893 0.6100836 0.4135556 0.6069121 0.4207831 0.5943956 0.4245243 0.5804352 0.4296901 0.5811153 0.4255968 0.5963892 0.3768538 0.5183184 0.3623989 0.5183183 0.3617188 0.5131531 0.4033344 0.5292856 0.3908162 0.5220592 0.3928101 0.517246 0.3623989 0.6280986 0.3617188 0.6332638 0.3464426 0.629171 0.3359183 0.5292853 0.3327464 0.5251522 0.3464426 0.5172457 0.3908162 0.6243581 0.3928101 0.6291713 0.3775339 0.6332638 0.4065064 0.6212649 0.4033344 0.6171317 0.4135556 0.6069121 0.3928101 0.517246 0.3908162 0.5220592 0.3768538 0.5183184 0.4202784 0.3152393 0.4216364 0.3161368 0.4094642 0.3414096 0.3215635 0.5363335 0.3256972 0.539505 0.3184697 0.5520215 0.3147286 0.5659818 0.3095627 0.5653018 0.3136559 0.5500277 0.3359183 0.6171314 0.3484366 0.6243579 0.3464426 0.629171 0.9161778 0.5555635 0.9160901 0.5396041 0.9268868 0.5396137 0.9161778 0.5237264 0.9269732 0.523979 0.9268868 0.5396137 0.4135745 0.8774686 0.4132337 0.8627218 0.4240343 0.8624736 0.9168239 0.820421 0.9276098 0.821087 0.9271711 0.8336387 0.9168741 0.7943219 0.916405 0.78158 0.9271984 0.7811092 0.9163784 0.8946845 0.9160984 0.8798519 0.9268953 0.8796079 0.9160984 0.8480087 0.9268953 0.8482522 0.9268013 0.8639314 0.91611 0.7667425 0.9160094 0.7508206 0.9268089 0.7508207 0.91611 0.7348993 0.926908 0.7351431 0.9268089 0.7508207 0.4135745 0.8774686 0.4243698 0.8769946 0.4249036 0.8894005 0.9164348 0.5705171 0.9161778 0.5555635 0.9269731 0.5553288 0.01203161 0.5590548 0.01311057 0.5378057 0.01456898 0.5373625 0.4132337 0.8627218 0.4131175 0.8468319 0.4239199 0.8468269 0.4132337 0.8308818 0.4240343 0.831121 0.4239199 0.8468269 0.4135745 0.8159584 0.4243699 0.8164262 0.4240343 0.831121 0.9168437 0.5834456 0.9164348 0.5705171 0.9272262 0.5700533 0.9164348 0.5090122 0.9272263 0.5094902 0.9269732 0.523979 0.9168741 0.7073245 0.9276604 0.7079905 0.9271984 0.7205345 0.9160984 0.8798519 0.9160028 0.8639317 0.9268013 0.8639314 0.9276288 0.4971347 0.9272263 0.5094902 0.9164348 0.5090122 0.08362674 0.6497974 0.08393222 0.6219066 0.08538615 0.6217254 0.9271711 0.8942134 0.9276098 0.9067524 0.9168239 0.9074185 0.4141166 0.8030789 0.4249036 0.8037438 0.4243699 0.8164262 0.916405 0.78158 0.91611 0.7667425 0.926908 0.7664989 0.6530498 0.7188038 0.6514245 0.7097336 0.6688625 0.7058922 0.6793103 0.5650678 0.6940714 0.5751138 0.683999 0.5867365 0.5696948 0.6541102 0.5668734 0.6364807 0.5823423 0.6376165 0.5707492 0.3061403 0.5629824 0.2809641 0.5686356 0.2806854 0.6271635 0.5581339 0.6449296 0.5563426 0.6393204 0.5718686 0.6004354 0.6967936 0.6034198 0.679718 0.6168269 0.68856 0.5952169 0.5735466 0.6092249 0.5822837 0.5972128 0.5929438 0.66263 0.5586962 0.6793103 0.5650678 0.670592 0.5778945 0.6892745 0.7062676 0.6718685 0.7145763 0.6688625 0.7058922 0.6514245 0.7097336 0.6480985 0.694586 0.6638319 0.6913592 0.6335706 0.7094506 0.632066 0.6936312 0.6480985 0.694586 0.7096925 0.6727254 0.6988036 0.6868755 0.6902061 0.6735108 0.5696948 0.6541102 0.5623009 0.6613601 0.5580729 0.6425441 0.7147991 0.6038942 0.7061175 0.5882928 0.7167837 0.5876194 0.8302241 0.3833405 0.8341785 0.3873896 0.8113586 0.4005626 0.7462306 0.5803378 0.7543815 0.6006947 0.7250931 0.6050229 0.5735864 0.6016554 0.5883694 0.6063491 0.5832974 0.6215862 0.7061175 0.5882928 0.6946604 0.5987468 0.683999 0.5867365 0.5304244 0.6113643 0.536603 0.5903247 0.5624943 0.6044721 0.6449296 0.5563426 0.66263 0.5586962 0.6553529 0.5728234 0.6102893 0.5639735 0.623587 0.5750954 0.6092249 0.5822837 0.7170243 0.6564459 0.7096925 0.6727254 0.6990494 0.6601055 0.6162632 0.7050583 0.6168269 0.68856 0.632066 0.6936312 0.6988036 0.6868755 0.6849446 0.6981334 0.6781941 0.6841709 0.4313504 0.2054762 0.4299054 0.2058072 0.4216364 0.1790028 0.2751048 0.06051909 0.3026716 0.06681025 0.3022359 0.06822884 0.6849446 0.6981334 0.6988036 0.6868755 0.7043951 0.6942947 0.9777446 0.730033 0.9822654 0.7561756 0.9668844 0.7561756 0.669316 0.1412746 0.651484 0.1554931 0.6284146 0.1082807 0.7343739 0.561891 0.7167837 0.5876194 0.7048093 0.572501 0.7204036 0.6389148 0.7196483 0.621077 0.7293211 0.623839 0.7204036 0.6389148 0.7041215 0.6448684 0.7050765 0.6288381 0.8034414 0.5863339 0.8022386 0.5866426 0.8024557 0.5656374 0.6940714 0.5751138 0.6793103 0.5650678 0.6897705 0.5604259 0.8334577 0.1023834 0.8341783 0.09609419 0.8547796 0.1125212 0.6271635 0.5581339 0.623587 0.5750954 0.6102893 0.5639735 0.5681943 0.6186758 0.5581384 0.6232591 0.5624943 0.6044721 0.3281565 0.6779524 0.3403271 0.6709268 0.3403273 0.7703841 0.324896 0.4165323 0.06081187 0.249608 0.06268197 0.2211798 0.5869406 0.685102 0.5765062 0.6706138 0.5927585 0.6677078 0.4299054 0.2893325 0.4216364 0.3161368 0.4202784 0.3152393 0.5283398 0.6331928 0.5304244 0.6113643 0.5581384 0.6232591 0.9036841 0.2163046 0.9055796 0.2437114 0.8546563 0.235224 0.9716451 0.8415882 0.9671244 0.8154455 0.9825053 0.8154455 0.7340465 0.1217924 0.7299512 0.07110995 0.7573903 0.07253229 0.7013756 0.7330795 0.6814267 0.7421889 0.6718685 0.7145763 0.9345899 0.5073965 0.9343318 0.5203778 0.9311879 0.5199795 0.7990359 0.1403942 0.7786928 0.1300822 0.8098224 0.08837413 0.7170243 0.6564459 0.7204036 0.6389148 0.7292556 0.643124 0.8034414 0.5863339 0.8034414 0.6082597 0.8022386 0.6079545 0.5767832 0.7271467 0.560209 0.7127873 0.5825847 0.693882 0.560209 0.7127873 0.5466523 0.695551 0.5706104 0.6787636 0.09620779 0.923507 0.1115885 0.9235071 0.1086059 0.9481118 0.5304244 0.6550214 0.5580729 0.6425441 0.5623009 0.6613601 0.5765062 0.6706138 0.5696948 0.6541102 0.5855693 0.6533477 0.6162632 0.7050583 0.6149727 0.7143834 0.5976235 0.7059571 0.7868446 0.3472933 0.8053558 0.3359457 0.8060235 0.3368341 0.008527517 0.6647347 0.009745776 0.6646767 0.009745717 0.6932826 0.5767832 0.5392379 0.5981195 0.5601154 0.5829989 0.5720883 0.5957759 0.5282738 0.6155255 0.5518068 0.5981195 0.5601154 0.6165005 0.745282 0.6149727 0.7143834 0.6337622 0.7187385 0.6988036 0.6868755 0.7096925 0.6727254 0.716472 0.6792578 0.6601141 0.5190238 0.6814267 0.5241933 0.6724213 0.5519996 0.7013756 0.5333021 0.6897705 0.5604259 0.6724213 0.5519996 0.71924 0.5460214 0.7048093 0.572501 0.6897705 0.5604259 0.7196483 0.621077 0.7050765 0.6288381 0.7018495 0.6131069 0.7096925 0.6727254 0.7170243 0.6564459 0.7248997 0.661911 0.7543815 0.6006947 0.7585319 0.6222262 0.7293211 0.623839 0.2283526 0.7726196 0.2279171 0.7467383 0.2291511 0.7470805 0.3327464 0.5251522 0.3359183 0.5292853 0.3256972 0.539505 0.3815295 0.6709269 0.3815296 0.7703843 0.3679552 0.774021 0.6004354 0.6967936 0.5976235 0.7059571 0.5825847 0.693882 0.8260629 0.3196817 0.8701609 0.3458601 0.8517056 0.3662121 0.3403273 0.7703841 0.3403271 0.6709268 0.3539016 0.66729 0.916405 0.7200636 0.9271984 0.7205345 0.926908 0.7351431 0.7343739 0.7044898 0.7192399 0.7203599 0.7043951 0.6942947 0.3937002 0.7633587 0.3815296 0.7703843 0.3815295 0.6709269 0.372247 0.3851308 0.3497771 0.402649 0.3211784 0.07694202 0.5668734 0.6364807 0.5580729 0.6425441 0.5581384 0.6232591 0.6165005 0.5211017 0.6382081 0.5179807 0.6343442 0.5475792 0.8011019 0.5866058 0.8022386 0.5866426 0.8022386 0.6079545 0.8011019 0.5866058 0.8011019 0.6080027 0.8001073 0.6080801 0.8351727 0.1802564 0.8447656 0.1997334 0.8438714 0.2000788 0.7028599 0.127376 0.7031587 0.1284502 0.6828773 0.1362035 0.4079157 0.3409076 0.4094642 0.3414096 0.3936608 0.3645862 0.7061175 0.5882928 0.6940714 0.5751138 0.7048093 0.572501 0.8024557 0.6288473 0.8028826 0.6486095 0.8017486 0.64882 0.8632337 0.7809759 0.8631902 0.8022006 0.8620575 0.8022033 0.8625419 0.5444704 0.8630434 0.5253171 0.8641732 0.5255624 0.8627644 0.6474086 0.8638953 0.6471686 0.8644728 0.6641808 0.4395115 0.7937039 0.4398335 0.8137249 0.4387043 0.8139232 0.4393477 0.7726804 0.4395115 0.7937039 0.438381 0.7938223 0.8633258 0.8234222 0.8621937 0.8235096 0.8620575 0.8022033 0.438381 0.7303656 0.4395115 0.7304994 0.4393477 0.7513703 0.80132 0.6289789 0.8011019 0.6080027 0.8022386 0.6079545 0.8022386 0.5866426 0.8011019 0.5866058 0.80132 0.5655167 0.4387043 0.7105658 0.4398335 0.7107784 0.4395115 0.7304994 0.8024557 0.5656374 0.80132 0.5655167 0.8017486 0.5454537 0.4397784 0.6770645 0.4409033 0.6774101 0.4403027 0.6928788 0.8621011 0.7808939 0.8623234 0.7603073 0.863455 0.7604711 0.4403027 0.8320617 0.4409033 0.8480898 0.4397784 0.8484252 0.8623504 0.6282505 0.863483 0.6280866 0.8638953 0.6471686 0.8633469 0.5651385 0.8632041 0.5863612 0.8620703 0.5863585 0.8627164 0.7411443 0.8632671 0.7240576 0.864395 0.7243655 0.8622138 0.5650512 0.8625419 0.5444704 0.8636738 0.5446396 0.8641105 0.8629904 0.8629815 0.8632358 0.8625052 0.8440874 0.4387043 0.7105658 0.4391754 0.6925948 0.4403027 0.6928788 0.8028827 0.5456541 0.8017486 0.5454537 0.8023733 0.5270999 0.8017486 0.64882 0.8028826 0.6486095 0.8035048 0.6665682 0.4398335 0.8137249 0.4403027 0.8320617 0.4391754 0.8323332 0.560209 0.5535978 0.5829989 0.5720883 0.570922 0.5871253 0.8621937 0.8235096 0.8625052 0.8440874 0.86152 0.8443548 0.8007581 0.5451355 0.8013867 0.5266656 0.8023733 0.5270999 0.6601141 0.7473588 0.6530498 0.7188038 0.6718685 0.7145763 0.8613624 0.628513 0.861127 0.6077992 0.8621164 0.6076669 0.8438714 0.2000788 0.8431842 0.2003461 0.8337291 0.1811488 0.8617326 0.7407609 0.8627164 0.7411443 0.8623234 0.7603073 0.8001073 0.5865479 0.8003267 0.5653254 0.80132 0.5655167 0.8001073 0.6080801 0.8011019 0.6080027 0.80132 0.6289789 0.8007581 0.6491554 0.8003267 0.6291889 0.80132 0.6289789 0.4382166 0.7513198 0.4382166 0.7727149 0.4372313 0.772769 0.861337 0.760045 0.8623234 0.7603073 0.8621011 0.7808939 0.8013867 0.6672998 0.8007581 0.6491554 0.8017486 0.64882 0.861127 0.6077992 0.8610806 0.5863562 0.8620703 0.5863585 0.8617326 0.7407609 0.8622866 0.7235661 0.8632671 0.7240576 0.8620599 0.5249288 0.862722 0.5077472 0.8637014 0.5082435 0.8615552 0.5442032 0.8625419 0.5444704 0.8622138 0.5650512 0.4377221 0.7102271 0.4387043 0.7105658 0.438381 0.7303656 0.8620575 0.8022033 0.8621937 0.8235096 0.8612065 0.8236469 0.8611134 0.7807618 0.8621011 0.7808939 0.8620575 0.8022033 0.9350004 0.4962497 0.9345899 0.5073965 0.9314534 0.5066273 0.8623504 0.6282505 0.8627644 0.6474086 0.861779 0.6477922 0.8636062 0.8803029 0.8626279 0.8807993 0.8619992 0.8636243 0.437722 0.814238 0.4387043 0.8139232 0.4391754 0.8323332 0.4372313 0.772769 0.4382166 0.7727149 0.438381 0.7938223 0.8021911 0.683004 0.8013867 0.6672998 0.8023732 0.6668503 0.8620703 0.5863585 0.8632041 0.5863612 0.8632499 0.6075848 0.8647328 0.8799897 0.8636062 0.8803029 0.8629815 0.8632358 0.7585319 0.6441541 0.7292556 0.643124 0.7293211 0.623839 0.8630434 0.5253171 0.8637014 0.5082435 0.8648286 0.5085566 0.4393477 0.7513703 0.4393477 0.7726804 0.4382166 0.7727149 0.8636361 0.8439182 0.8625052 0.8440874 0.8621937 0.8235096 0.8623234 0.7603073 0.8627164 0.7411443 0.8638466 0.7413843 0.8621164 0.6076669 0.8632499 0.6075848 0.863483 0.6280866 0.8443916 0.2847315 0.8435004 0.2843866 0.8494853 0.2637008 0.6350942 0.1793738 0.6482555 0.1621063 0.6489573 0.1627575 0.8343563 0.1807601 0.8214531 0.1635184 0.8221638 0.1628736 0.6828773 0.1362035 0.6832979 0.1370649 0.664937 0.1483203 0.7452021 0.3589417 0.7451165 0.3579941 0.766304 0.3541306 0.8517116 0.2204387 0.8506158 0.220641 0.8447656 0.1997334 0.6200445 0.2626886 0.6191061 0.2628558 0.6171977 0.2412292 0.7868446 0.3472933 0.7864207 0.3464403 0.8047816 0.3351849 0.7873399 0.137524 0.7672917 0.1296564 0.7675589 0.1287344 0.8504256 0.2638763 0.8494853 0.2637008 0.8515669 0.2422675 0.8214531 0.1635184 0.8056011 0.1489409 0.806182 0.1481767 0.6823787 0.3459812 0.7024269 0.3538488 0.702163 0.3547625 0.7031587 0.1284502 0.7034146 0.1293746 0.6832979 0.1370649 0.8447656 0.1997334 0.8506158 0.220641 0.8496741 0.2208167 0.7234889 0.3588459 0.7235797 0.3578991 0.7451165 0.3579941 0.664937 0.1483203 0.6489573 0.1627575 0.6482555 0.1621063 0.6202332 0.2198045 0.6192963 0.2196205 0.6253303 0.1987653 0.8443916 0.2847315 0.8346277 0.3041231 0.8338158 0.3036206 0.8346277 0.3041231 0.8214664 0.3213905 0.8207613 0.3207478 0.8047816 0.3351849 0.8207613 0.3207478 0.8214664 0.3213905 0.8525242 0.2422675 0.8515669 0.2422675 0.8496741 0.2208167 0.536603 0.5903247 0.5466523 0.5708343 0.570922 0.5871253 0.6482655 0.3199868 0.6475581 0.3206232 0.6345492 0.3032404 0.7031587 0.1284502 0.7245198 0.1245552 0.7246021 0.1255112 0.7672917 0.1296564 0.7461389 0.1256062 0.7462329 0.124651 0.4372313 0.7512387 0.4373968 0.730152 0.438381 0.7303656 0.8023733 0.5270999 0.8013867 0.5266656 0.8021911 0.5105448 0.4381962 0.6921424 0.4391754 0.6925948 0.4387043 0.7105658 0.861779 0.6477922 0.8627644 0.6474086 0.8633442 0.6644887 0.8620599 0.5249288 0.8630434 0.5253171 0.8625419 0.5444704 0.8619992 0.8636243 0.86152 0.8443548 0.8625052 0.8440874 0.8003267 0.5653254 0.8007581 0.5451355 0.8017486 0.5454537 0.4373967 0.7940099 0.438381 0.7938223 0.4387043 0.8139232 0.8361225 0.1796722 0.8351727 0.1802564 0.8221638 0.1628736 0.6249563 0.2837635 0.6345492 0.3032404 0.6336014 0.3038194 0.8536381 0.2422698 0.8525242 0.2422675 0.8506158 0.220641 0.7452021 0.3589417 0.7665631 0.3550466 0.766864 0.3561156 0.766864 0.3561156 0.7665631 0.3550466 0.7868446 0.3472933 0.6819506 0.3468306 0.702163 0.3547625 0.7018548 0.3558288 0.7018548 0.3558288 0.702163 0.3547625 0.7234889 0.3588459 0.806182 0.1481767 0.7877713 0.1366662 0.7882728 0.1356698 0.8536381 0.2422698 0.8515197 0.2640829 0.8504256 0.2638763 0.7463415 0.1235408 0.7462329 0.124651 0.7245198 0.1245552 0.8222865 0.3221411 0.8060235 0.3368341 0.8053558 0.3359457 0.7877713 0.1366662 0.7675589 0.1287344 0.7678692 0.1276628 0.8222865 0.3221411 0.8214664 0.3213905 0.8346277 0.3041231 0.6828773 0.1362035 0.6643661 0.1475511 0.6637004 0.1466575 0.8361225 0.1796722 0.8458061 0.1993333 0.8447656 0.1997334 0.6182043 0.2194086 0.6242953 0.1983561 0.6253303 0.1987653 0.6475581 0.3206232 0.66354 0.3353201 0.6628664 0.3362025 0.6341516 0.1787812 0.6350942 0.1793738 0.6253303 0.1987653 0.6192963 0.2196205 0.6171977 0.2412292 0.6160859 0.2412217 0.6474374 0.1613505 0.6637004 0.1466575 0.6643661 0.1475511 0.724423 0.1234441 0.7245198 0.1245552 0.7031587 0.1284502 0.6814512 0.3478218 0.6628664 0.3362025 0.66354 0.3353201 0.7234889 0.3588459 0.7452021 0.3589417 0.745301 0.3600475 0.8443916 0.2847315 0.8504256 0.2638763 0.8515197 0.2640829 0.7678692 0.1276628 0.7675589 0.1287344 0.7462329 0.124651 0.7665631 0.3550466 0.766304 0.3541306 0.7864207 0.3464403 0.6823787 0.3459812 0.6819506 0.3468306 0.66354 0.3353201 0.806182 0.1481767 0.8056011 0.1489409 0.7873399 0.137524 0.6181517 0.2412376 0.6171977 0.2412292 0.6192963 0.2196205 0.6258473 0.2834265 0.6353622 0.3027452 0.6345492 0.3032404 0.6641175 0.3345643 0.66354 0.3353201 0.6475581 0.3206232 0.6253303 0.1987653 0.6350942 0.1793738 0.6359028 0.1798846 0.7024269 0.3538488 0.7235797 0.3578991 0.7234889 0.3588459 0.6191061 0.2628558 0.6180123 0.2630528 0.6160859 0.2412217 0.8355724 0.3047103 0.8346277 0.3041231 0.8443916 0.2847315 0.9622751 0.5933191 0.9570863 0.6471772 0.951892 0.6471729 0.6249563 0.2837635 0.6239178 0.2841582 0.6180123 0.2630528 0.4087634 0.9653264 0.4139522 0.9114682 0.4191465 0.9114724 0.6345492 0.3032404 0.6475581 0.3206232 0.6467334 0.3213666 0.8229905 0.1621249 0.8221638 0.1628736 0.806182 0.1481767 0.6474374 0.1613505 0.6482555 0.1621063 0.6350942 0.1793738 0.9921501 0.06241333 0.9967584 0.06249374 0.9967584 0.07694834 0.9766334 0.189257 0.9812428 0.1892942 0.9812428 0.2422989 0.3509609 0.9074917 0.3478895 0.9074066 0.3478895 0.8873366 0.4408724 0.8050395 0.4406141 0.7838832 0.4821065 0.7838493 0.1598861 0.6081334 0.1604543 0.5822384 0.1942573 0.5822395 0.9873169 0.2097364 0.9842439 0.209761 0.9842439 0.1869454 0.9873169 0.2428696 0.9842439 0.2428448 0.9842439 0.2200345 0.159305 0.6927407 0.159305 0.6640087 0.1931081 0.6640097 0.2656651 0.676972 0.2318565 0.6768938 0.2320359 0.6482898 0.8644984 0.6135579 0.8643983 0.5918522 0.905879 0.5919467 0.9812349 0.2565519 0.9812349 0.2983223 0.9766324 0.2985302 0.290654 0.9101648 0.2875822 0.9100612 0.2875822 0.8920191 0.4406141 0.7402337 0.4821065 0.7401999 0.4820193 0.7619839 0.4920116 0.6408538 0.4874044 0.6407263 0.4874044 0.5940891 0.1694889 0.9204978 0.1740977 0.9204588 0.1740977 0.9734686 0.8659292 0.6698506 0.865278 0.6532748 0.9067587 0.6533694 0.2673989 0.5693562 0.2667211 0.5939523 0.2329126 0.593874 0.9797168 0.4770785 0.9766433 0.477081 0.9766432 0.4539213 0.1611919 0.7982063 0.1604543 0.7744775 0.1942573 0.7744786 0.8036715 0.6297299 0.8034414 0.6082597 0.8449062 0.6082929 0.01286089 0.7076196 0.01274186 0.6790016 0.04652798 0.6790286 0.01459395 0.570241 0.01558727 0.5475225 0.04937344 0.5475495 0.119191 0.9961847 0.1145864 0.9960323 0.1145864 0.9828186 0.8659292 0.5108373 0.90741 0.5109318 0.9067587 0.5287907 0.04794436 0.9986245 0.04487425 0.9987481 0.04487425 0.993889 0.9419168 0.6361081 0.9420005 0.6500383 0.9343179 0.6500381 0.08719497 0.7485605 0.08678853 0.7211037 0.1205878 0.7211035 0.2320359 0.7337138 0.2318565 0.7055822 0.2656651 0.7056604 0.9873178 0.3332578 0.9842453 0.3332839 0.9842453 0.3104714 0.2658444 0.648368 0.2320359 0.6482898 0.2323905 0.620409 0.9210438 0.6583878 0.9210439 0.6045665 0.9256511 0.6045702 0.9345899 0.5612234 0.9343318 0.5482406 0.9420135 0.5482406 0.865278 0.5286962 0.9067587 0.5287907 0.9062759 0.548735 0.5957759 0.7381104 0.5767832 0.7271467 0.5976235 0.7059571 0.6335706 0.7094506 0.6337622 0.7187385 0.6149727 0.7143834 0.625396 0.1926555 0.5785759 0.1730294 0.5916237 0.1488527 0.7337028 0.9743346 0.725821 0.9743419 0.7258213 0.9207956 0.618083 0.2142562 0.6149907 0.2368506 0.5648566 0.2260496 0.6149907 0.2368506 0.6162309 0.2596218 0.5645405 0.25352 0.6217586 0.2817469 0.5770359 0.3068422 0.5686356 0.2806854 0.7694443 0.356609 0.7905603 0.3479897 0.8062728 0.3968017 0.6447303 0.3209124 0.6057758 0.3534641 0.5895237 0.331313 0.8321127 0.1715024 0.8725212 0.1407737 0.886938 0.1641606 0.8436508 0.1911742 0.886938 0.1641606 0.8974161 0.1895567 0.6806147 0.3487359 0.7018461 0.3570678 0.6724883 0.4006494 0.7462306 0.6860429 0.716472 0.6792578 0.7248997 0.661911 0.8537261 0.25801 0.8546563 0.235224 0.9055796 0.2437114 0.6447303 0.3209124 0.6613439 0.3365372 0.6253712 0.3727217 0.1587702 0.974274 0.1508886 0.9743059 0.1508896 0.9206613 0.6313743 0.3024262 0.5895237 0.331313 0.5770359 0.3068422 0.7147991 0.6038942 0.7018495 0.6131069 0.6946604 0.5987468 0.7567654 0.1238059 0.7573903 0.07253229 0.7842459 0.07833713 0.8170597 0.1543692 0.7990359 0.1403942 0.8334577 0.1023834 0.711357 0.1241142 0.7026393 0.07410699 0.7299512 0.07110995 0.5668734 0.6364807 0.5681943 0.6186758 0.5832974 0.6215862 0.7242708 0.3612316 0.7260253 0.4122214 0.6987897 0.4085961 0.6366654 0.1728289 0.5916237 0.1488527 0.6083813 0.1270818 0.711357 0.1241142 0.689517 0.1306875 0.676162 0.08144575 0.8321127 0.1715024 0.8170597 0.1543692 0.8545392 0.120002 0.353731 0.9236079 0.369112 0.9236077 0.3661293 0.9482122 0.7905603 0.3479897 0.8096634 0.3355305 0.8302241 0.3833405 0.5827587 0.5863371 0.5972128 0.5929438 0.5883694 0.6063491 0.536603 0.6760609 0.5623009 0.6613601 0.5706104 0.6787636 0.625396 0.1926555 0.618083 0.2142562 0.5695759 0.1989856 0.6849446 0.6981334 0.6688625 0.7058922 0.6638319 0.6913592 0.6382081 0.5179807 0.6601141 0.5190238 0.6536318 0.5476446 0.08074069 0.9280334 0.08074069 0.9511973 0.07919532 0.9527291 0.8098224 0.08837413 0.8113584 0.08292067 0.8341783 0.09609419 0.8113584 0.08292067 0.8098224 0.08837413 0.7842459 0.07833713 0.4107477 0.1529875 0.423016 0.17846 0.4216364 0.1790028 0.6301242 0.08808505 0.6326287 0.09178894 0.6114205 0.1086994 0.1313506 0.6501044 0.1359676 0.6506148 0.135868 0.6783264 0.2766092 0.7192738 0.2713313 0.7196992 0.2712416 0.6913183 0.8062728 0.3968017 0.8113586 0.4005626 0.78683 0.4101877 0.5645405 0.25352 0.559055 0.2549118 0.559055 0.2285653 0.8391662 0.3010159 0.8851121 0.3228116 0.8701609 0.3458601 0.6806147 0.3487359 0.6814512 0.3478218 0.7018548 0.3558288 0.8583171 0.3747573 0.8547798 0.370963 0.8727024 0.3516499 0.3022357 0.4269116 0.3026714 0.4283285 0.2751046 0.4346198 0.5894909 0.1257815 0.59297 0.1285815 0.5776892 0.150991 0.1403359 0.4038638 0.1396155 0.4049152 0.1173598 0.387169 0.2283526 0.7726196 0.2295889 0.7730946 0.2301879 0.7970439 0.1313506 0.706548 0.1312492 0.6783259 0.135868 0.6783264 0.2786374 0.5598261 0.2733825 0.5584403 0.2742611 0.5378444 0.1316529 0.7341403 0.1263667 0.7347741 0.1260612 0.7068684 0.8701609 0.3458601 0.8851121 0.3228116 0.887546 0.3298815 0.5659195 0.1754276 0.5707491 0.1773371 0.5629823 0.202513 0.9118137 0.2821115 0.9161693 0.2830842 0.9079771 0.3096386 0.06432986 0.7942829 0.05972874 0.796451 0.05884474 0.7732989 0.1986845 0.6783757 0.2039706 0.6783745 0.2040669 0.7065949 0.8341783 0.09609419 0.8371087 0.09179145 0.8583168 0.1087024 0.08306843 0.3421516 0.08196234 0.3427873 0.06961131 0.3171433 0.1367517 0.5976557 0.1362644 0.6235229 0.1316529 0.6225139 0.1321491 0.7604864 0.1328282 0.7849978 0.1275554 0.7862092 0.887546 0.3298815 0.8920485 0.3324656 0.8767676 0.3548752 0.7348687 0.06025761 0.7348763 0.05577892 0.7625915 0.0578559 0.2048251 0.7605199 0.2094208 0.7590334 0.2100539 0.7830907 0.1585738 0.8085358 0.1577609 0.7861802 0.15922 0.7865268 0.6114207 0.3747543 0.5929701 0.3548718 0.5970257 0.3516465 0.8583171 0.3747573 0.8767676 0.3548752 0.880262 0.3576358 0.20547 0.7850199 0.2100539 0.7830907 0.2108436 0.8048059 0.2726352 0.7971971 0.2720358 0.7732366 0.2773059 0.7722098 0.9106729 0.2549161 0.9106729 0.2285695 0.9158566 0.2281692 0.3755869 0.3862355 0.376451 0.3871682 0.3541952 0.4049145 0.05816388 0.609636 0.05884462 0.583964 0.06346189 0.5856357 0.08393222 0.6219066 0.08443385 0.5952768 0.08588939 0.5950101 0.8989788 0.3061442 0.9038181 0.3080291 0.8920485 0.3324656 0.7625915 0.0578559 0.7896876 0.06403988 0.7883654 0.06832045 0.2831982 0.5620219 0.2824727 0.5846711 0.2778985 0.5828922 0.05355602 0.5829113 0.05884462 0.583964 0.05816388 0.609636 0.681372 0.0683192 0.6828979 0.07329362 0.6583693 0.0829187 0.6800651 0.06403857 0.7071612 0.05785518 0.7078182 0.06228417 0.2818908 0.7705678 0.2824727 0.7938311 0.2778984 0.7959013 0.05216306 0.6933245 0.05216306 0.664705 0.05746746 0.6648392 0.5929701 0.3548718 0.5776893 0.3324618 0.5821822 0.3298778 0.5738347 0.3346717 0.5776893 0.3324618 0.5929701 0.3548718 0.2814657 0.6358565 0.2768729 0.6350196 0.2773059 0.6081448 0.2768729 0.7464757 0.2773059 0.7722098 0.2720358 0.7732366 0.7348687 0.06025761 0.7348639 0.06546264 0.7085874 0.06743121 0.5494414 0.2278119 0.5535837 0.2003332 0.5579239 0.2013452 0.05770128 0.6367966 0.06233906 0.6375135 0.06210947 0.6650494 0.01203161 0.7977206 0.01113802 0.7743166 0.01259011 0.7746327 0.8989788 0.3061442 0.9067456 0.2809683 0.9118137 0.2821115 0.6301244 0.3953298 0.6326289 0.3916652 0.656121 0.4052269 0.2812066 0.6632491 0.2766092 0.6629162 0.2768729 0.6350196 0.05239951 0.7215631 0.05216306 0.6933245 0.0574674 0.6931371 0.5821822 0.3298778 0.5707492 0.3061403 0.5770359 0.3068422 0.5659195 0.1754276 0.5776892 0.150991 0.5821819 0.1535997 0.9158566 0.2281692 0.9203115 0.2278164 0.9203115 0.2556056 0.2824727 0.5846711 0.2818908 0.6094673 0.2773059 0.6081448 0.2765206 0.6912116 0.2712416 0.6913183 0.2713312 0.6627014 0.8517056 0.3662121 0.8701609 0.3458601 0.8727024 0.3516499 0.8989788 0.1773411 0.903818 0.1754317 0.9118136 0.2013494 0.2187113 0.4346199 0.246908 0.4367327 0.2469053 0.4380054 0.2811197 0.6910332 0.2812066 0.7185882 0.2766092 0.7192738 0.05552947 0.5377742 0.06079608 0.5393339 0.05972874 0.5603542 0.8547798 0.370963 0.8341785 0.3873896 0.8302241 0.3833405 0.5776893 0.3324618 0.5659196 0.308025 0.5707492 0.3061403 0.8583168 0.1087024 0.8371087 0.09179145 0.8396285 0.08808755 0.2818908 0.7705678 0.2773059 0.7722098 0.2768729 0.7464757 0.2715979 0.7472101 0.2713313 0.7196992 0.2766092 0.7192738 0.7842459 0.07833713 0.7573903 0.07253229 0.7611403 0.06743186 0.9716379 0.9350834 0.970107 0.9366151 0.970107 0.9103755 0.7573903 0.07253229 0.7299512 0.07110995 0.7348639 0.06546264 0.5869406 0.685102 0.5825847 0.693882 0.5706104 0.6787636 0.1259585 0.6783257 0.1312492 0.6783259 0.1313506 0.706548 0.1316529 0.6225139 0.1362644 0.6235229 0.1359676 0.6506148 0.2187114 0.06051927 0.1911447 0.06681066 0.1907665 0.06559187 0.5538809 0.2552875 0.559055 0.2549118 0.5629824 0.2809641 0.1321491 0.5961707 0.1268686 0.5952372 0.1275554 0.5704514 0.05216306 0.664705 0.05239951 0.636344 0.05770128 0.6367966 0.05286741 0.6088748 0.05816388 0.609636 0.05770128 0.6367966 0.198782 0.7069168 0.2040669 0.7065949 0.2043539 0.7341821 0.05445003 0.5590332 0.05972874 0.5603542 0.05884462 0.583964 0.05552947 0.818512 0.05445003 0.7978119 0.05972874 0.796451 0.1566327 0.6219483 0.157109 0.59531 0.1585659 0.5950438 0.08362674 0.6497974 0.08507966 0.6497057 0.08497673 0.6783258 0.2768729 0.6350196 0.2715979 0.6344879 0.2720358 0.6073078 0.1316529 0.6225139 0.1313506 0.6501044 0.1260612 0.6497836 0.06961131 0.3171433 0.06869781 0.3174989 0.06026417 0.290161 0.009227931 0.6092159 0.0104497 0.6088728 0.009982168 0.636329 0.06279331 0.6108437 0.06233906 0.6375135 0.05770128 0.6367966 0.2043539 0.6225557 0.2048251 0.5962042 0.2094208 0.5976869 0.05972874 0.5603542 0.06432992 0.5624525 0.06346189 0.5856357 0.1382499 0.5518668 0.1374185 0.5735912 0.1328282 0.5716633 0.08320337 0.5957011 0.08443385 0.5952768 0.08393222 0.6219066 0.1374185 0.5735912 0.1367517 0.5976557 0.1321491 0.5961707 0.2043539 0.7341821 0.208958 0.7331715 0.2094208 0.7590334 0.1585738 0.5481454 0.1600355 0.5477277 0.15922 0.5701787 0.2766092 0.6629162 0.2713312 0.6627014 0.2715979 0.6344879 0.05816388 0.7479796 0.05884474 0.7732989 0.0535559 0.7743969 0.2778985 0.5828922 0.2726352 0.5817685 0.2733825 0.5584403 0.1321491 0.5961707 0.1316529 0.6225139 0.1263667 0.6218796 0.2309349 0.5583999 0.2318131 0.5378138 0.2332796 0.5373586 0.8613579 0.105414 0.8802618 0.1257851 0.8767675 0.1285849 0.5535838 0.2830798 0.557924 0.2821072 0.5659196 0.308025 0.880262 0.3576358 0.8767676 0.3548752 0.8920485 0.3324656 0.1182292 0.1089035 0.1173599 0.1079683 0.1396157 0.090222 0.6800653 0.4193776 0.6541937 0.4092248 0.656121 0.4052269 0.9118137 0.2821115 0.9158567 0.2552919 0.9203115 0.2556056 0.8371089 0.3916677 0.8396288 0.3953324 0.8155595 0.4092267 0.7883654 0.06832045 0.7896876 0.06403988 0.8155592 0.0741927 0.06210947 0.692836 0.06233906 0.7202529 0.05770123 0.7210586 0.009912729 0.5833971 0.01113802 0.5829216 0.0104497 0.6088728 0.01203161 0.5590548 0.01113802 0.5829216 0.009912729 0.5833971 0.2288845 0.6626117 0.227652 0.662701 0.2279171 0.6346448 0.08229827 0.6783261 0.08240038 0.6499432 0.08362674 0.6497974 0.1382499 0.8047998 0.133675 0.8071268 0.1328282 0.7849978 0.8113584 0.08292067 0.8136166 0.07822978 0.8371087 0.09179145 0.2189342 0.06198722 0.2187114 0.06051927 0.2469081 0.05840641 0.7619194 0.4211725 0.7348689 0.4231991 0.7348641 0.4180186 0.7619192 0.06228476 0.7611403 0.06743186 0.7348639 0.06546264 0.7078182 0.06228417 0.7085874 0.06743121 0.6828979 0.07329362 0.07218301 0.1790038 0.06391394 0.2058082 0.0624656 0.2054772 0.07218295 0.3161379 0.08435511 0.3414106 0.08306843 0.3421516 0.8136166 0.07822978 0.8155592 0.0741927 0.8396285 0.08808755 0.5617758 0.1737788 0.5659195 0.1754276 0.5579239 0.2013452 0.7348763 0.05577892 0.7348687 0.06025761 0.7078182 0.06228417 0.05825138 0.2617063 0.0624656 0.2896629 0.06122082 0.2899451 0.09899669 0.3655113 0.0979979 0.3663043 0.08196234 0.3427873 0.6561208 0.07822793 0.6326287 0.09178894 0.6301242 0.08808505 0.59297 0.1285815 0.5970255 0.1318315 0.5821819 0.1535997 0.7348689 0.4231991 0.7078185 0.4211718 0.7085877 0.4160495 0.6355495 0.09609174 0.6149481 0.1125183 0.6114205 0.1086994 0.2469096 0.4352498 0.246908 0.4367327 0.2187113 0.4346199 0.08435511 0.3414106 0.1001585 0.364587 0.09899669 0.3655113 0.8113586 0.4005626 0.8341785 0.3873896 0.8371089 0.3916677 0.2303416 0.6625573 0.2288845 0.6626117 0.2291511 0.6344115 0.0114305 0.636202 0.01119327 0.6646407 0.009745776 0.6646767 0.1986845 0.6783757 0.198782 0.649832 0.2040669 0.6501513 0.1990723 0.7348173 0.2043539 0.7341821 0.2048251 0.7605199 0.1313506 0.6501044 0.1312492 0.6783259 0.1259585 0.6783257 0.1990723 0.6219229 0.1995488 0.5952721 0.2048251 0.5962042 0.200201 0.5704749 0.20547 0.5716855 0.2048251 0.5962042 0.2062742 0.5495473 0.20547 0.5716855 0.200201 0.5704749 0.2778984 0.7959013 0.2786374 0.8170208 0.2733825 0.8185566 0.3030444 0.4295447 0.3295428 0.419146 0.3299636 0.4200251 0.1359676 0.7060385 0.1362644 0.7331322 0.1316529 0.7341403 0.2040669 0.6501513 0.2086762 0.6506592 0.2085816 0.6783723 0.2814656 0.7452987 0.2768729 0.7464757 0.2766092 0.7192738 0.1374185 0.7830706 0.1328282 0.7849978 0.1321491 0.7604864 0.1367516 0.7590022 0.1321491 0.7604864 0.1316529 0.7341403 0.2043539 0.6225557 0.208958 0.6235622 0.2086762 0.6506592 0.1550168 0.6783737 0.1551136 0.6499891 0.1563425 0.6498441 0.06537801 0.8143807 0.06079608 0.8169185 0.05972874 0.796451 0.2043539 0.7341821 0.2040669 0.7065949 0.2086762 0.7060828 0.559055 0.2285653 0.559055 0.2549118 0.5538809 0.2552875 0.7348689 0.4231991 0.7348766 0.4276385 0.7071614 0.4255615 0.2469081 0.05840641 0.2187114 0.06051927 0.2185189 0.05925822 0.9079771 0.3096386 0.8959183 0.3346756 0.8920485 0.3324656 0.9118136 0.2013494 0.903818 0.1754317 0.9079771 0.173783 0.4241995 0.1779932 0.423016 0.17846 0.4107477 0.1529875 0.6114205 0.1086994 0.59297 0.1285815 0.5894909 0.1257815 0.2751046 0.4346198 0.3026714 0.4283285 0.3030444 0.4295447 0.4241995 0.3171423 0.423016 0.3166781 0.4313504 0.2896618 0.7883656 0.4151374 0.8136168 0.4052287 0.8155595 0.4092267 0.8767675 0.1285849 0.8802618 0.1257851 0.8959182 0.1487457 0.7071614 0.4255615 0.6800653 0.4193776 0.6813722 0.4151362 0.9067456 0.2809683 0.9106729 0.2549161 0.9158567 0.2552919 0.6561208 0.07822793 0.6583693 0.0829187 0.6355495 0.09609174 0.7883656 0.4151374 0.7619194 0.4211725 0.7611405 0.4160501 0.656121 0.4052269 0.6326289 0.3916652 0.6355497 0.3873872 0.6114205 0.1086994 0.6149481 0.1125183 0.5970255 0.1318315 0.8341785 0.3873896 0.8547798 0.370963 0.8583171 0.3747573 0.6813722 0.4151362 0.656121 0.4052269 0.6583696 0.4005607 0.7078185 0.4211718 0.6813722 0.4151362 0.6828982 0.4101865 0.8727023 0.1318348 0.8767675 0.1285849 0.8920483 0.1509948 0.2748851 0.4331535 0.2751046 0.4346198 0.246908 0.4367327 0.8547796 0.1125212 0.8583168 0.1087024 0.8767675 0.1285849 0.8647614 0.8399181 0.9062468 0.8398293 0.9067052 0.8597689 0.1942573 0.7744786 0.1604543 0.7744775 0.1598861 0.7485991 0.8048323 0.9937666 0.8079031 0.9938841 0.8079031 0.9987407 0.1595002 0.7211491 0.159305 0.6927407 0.1931081 0.6927418 0.4860221 0.6407395 0.4814141 0.6408605 0.4814142 0.594211 0.8036715 0.5647446 0.8041234 0.5442723 0.8455882 0.5443054 0.3749601 0.9947978 0.3718875 0.9947978 0.3718874 0.9884591 0.8041234 0.6499682 0.8036715 0.6297299 0.8451364 0.629763 0.5378332 0.904126 0.5378332 0.9241928 0.5347617 0.9242779 0.1205878 0.6355491 0.08678853 0.6355493 0.08719497 0.6080949 0.996759 0.114728 0.9921502 0.1146515 0.9921502 0.1002013 0.01379746 0.5953274 0.01459395 0.570241 0.04838013 0.570268 0.4695794 0.9986919 0.4665093 0.9985684 0.4665093 0.9937081 0.9346639 0.88528 0.9423426 0.8852862 0.9428169 0.8963101 0.9826279 0.2558736 0.9857004 0.2558996 0.9857004 0.2787131 0.9342438 0.5343089 0.9419254 0.5343089 0.9420135 0.5482406 0.9196612 0.6583825 0.9150509 0.6583862 0.9150509 0.6045695 0.04937338 0.8090339 0.01558727 0.8090071 0.01459395 0.7868029 0.2922476 0.9949234 0.2922476 0.9886972 0.2953189 0.9887297 0.9343448 0.7588347 0.9420285 0.7588285 0.9422534 0.7719128 0.3108375 0.994531 0.307764 0.9945109 0.307764 0.9882481 0.9420444 0.8445227 0.9419427 0.858479 0.9342641 0.8584729 0.9932702 0.7195978 0.9978754 0.7197831 0.9978754 0.7315752 0.7806832 0.9987429 0.7776105 0.9986721 0.7776105 0.9931203 0.8462456 0.5256899 0.8047807 0.5256568 0.8056198 0.509571 0.08779323 0.5822099 0.08856999 0.5584726 0.1223692 0.5584723 0.01274186 0.6790016 0.01286089 0.650322 0.04664707 0.650349 0.3000839 0.988197 0.3031573 0.9881717 0.3031573 0.9943917 0.2323905 0.620409 0.2329126 0.593874 0.2667211 0.5939523 0.1949949 0.5584892 0.1611919 0.5584882 0.1620825 0.5374131 0.8034414 0.5863339 0.8036715 0.5647446 0.8451363 0.5647777 0.9345696 0.771919 0.9422534 0.7719128 0.9426111 0.7832252 0.01286089 0.650322 0.01321542 0.6222214 0.0470016 0.6222484 0.4418596 0.8422196 0.4412927 0.8247221 0.4827851 0.8246882 0.4408724 0.7193181 0.4823648 0.7192843 0.4821065 0.7401999 0.3967132 0.9226654 0.3967132 0.9692792 0.3921054 0.9691578 0.2656651 0.7056604 0.2318565 0.7055822 0.2318565 0.6768938 0.9984458 0.1928071 0.9984458 0.1982533 0.995376 0.1981518 0.01321542 0.6222214 0.01379746 0.5953274 0.04758358 0.5953544 0.1145871 0.9732697 0.1145871 0.9230512 0.1191967 0.9229769 0.9888156 0.4659826 0.9888156 0.4507996 0.9934226 0.4507583 0.8644984 0.6135579 0.9059791 0.6136524 0.906276 0.6343763 0.5765062 0.6706138 0.5706104 0.6787636 0.5623009 0.6613601 0.689517 0.1306875 0.669316 0.1412746 0.651205 0.09293615 0.1915836 0.06822913 0.165469 0.07847726 0.1648236 0.07713973 0.4107476 0.3421506 0.423016 0.3166781 0.4241995 0.3171423 0.1558762 0.7609889 0.157109 0.7614136 0.1577609 0.7861802 0.01203161 0.5590548 0.01348656 0.5586797 0.01259005 0.5826231 0.7196483 0.621077 0.7147991 0.6038942 0.7250931 0.6050229 0.3022359 0.06822884 0.3026716 0.06681025 0.3289927 0.07713925 0.2187113 0.4346199 0.1911445 0.4283288 0.1915835 0.4269119 0.1001585 0.364587 0.1192399 0.3851495 0.1182291 0.3862363 0.9067456 0.2025172 0.9118136 0.2013494 0.9158566 0.2281692 0.8113586 0.4005626 0.8136168 0.4052287 0.7883656 0.4151374 0.3022357 0.4269116 0.3283504 0.4166635 0.3289925 0.4179994 0.3745793 0.3851488 0.3936608 0.3645862 0.3948193 0.3655104 0.5629823 0.202513 0.559055 0.2285653 0.5538809 0.2281648 0.05973273 0.2335456 0.05825144 0.2334339 0.0624656 0.2054772 0.4313504 0.2896618 0.4299054 0.2893325 0.4340866 0.2615951 0.246908 0.4367327 0.2751046 0.4346198 0.2752919 0.4358783 0.1911445 0.4283288 0.2187113 0.4346199 0.2185187 0.4358785 0.4368327 0.2333363 0.4368327 0.2617992 0.4355646 0.2617052 0.3289927 0.07713925 0.3026716 0.06681025 0.3030446 0.06559151 0.5535838 0.2830798 0.5494414 0.255601 0.5538809 0.2552875 0.3289925 0.4179994 0.3295428 0.419146 0.3030444 0.4295447 0.3948193 0.3655104 0.3958129 0.3663035 0.376451 0.3871682 0.0624656 0.2896629 0.07080006 0.3166791 0.06961131 0.3171433 0.6541935 0.07419073 0.6800651 0.06403857 0.681372 0.0683192 0.8920483 0.1509948 0.8959182 0.1487457 0.9079771 0.173783 0.165469 0.07847726 0.1411736 0.09250265 0.140336 0.09127599 0.07218295 0.3161379 0.07080006 0.3166791 0.0624656 0.2896629 0.4094642 0.3414096 0.4107476 0.3421506 0.3948193 0.3655104 0.7611403 0.06743186 0.7619192 0.06228476 0.7883654 0.06832045 0.5629824 0.2809641 0.5707492 0.3061403 0.5659196 0.308025 0.4094642 0.3414096 0.4216364 0.3161368 0.423016 0.3166781 0.1192401 0.109992 0.1001585 0.1305546 0.09899675 0.1296287 0.05973273 0.2615962 0.05825138 0.2617063 0.05825144 0.2334339 0.375587 0.1089028 0.3948194 0.1296278 0.3936609 0.1305537 0.08435517 0.1537311 0.08306849 0.1529885 0.09899675 0.1296287 0.4355646 0.2617052 0.4340866 0.2615951 0.4340866 0.2335445 0.6326289 0.3916652 0.6114207 0.3747543 0.6149483 0.3709602 0.7245198 0.1245552 0.7462329 0.124651 0.7461389 0.1256062 0.1411736 0.09250265 0.1192401 0.109992 0.1182292 0.1089035 0.3289927 0.07713925 0.3534802 0.09127533 0.3526459 0.09250199 0.07218301 0.1790038 0.07080012 0.178461 0.08306849 0.1529885 0.06391394 0.2893335 0.0624656 0.2896629 0.05825138 0.2617063 0.4313504 0.2896618 0.423016 0.3166781 0.4216364 0.3161368 0.6200445 0.2626886 0.6258473 0.2834265 0.6249563 0.2837635 0.375587 0.1089028 0.3745794 0.1099912 0.3526459 0.09250199 0.1411734 0.4026387 0.1654688 0.416664 0.1648234 0.4179999 0.7883654 0.06832045 0.8136166 0.07822978 0.8113584 0.08292067 0.8989788 0.1773411 0.8875458 0.1536036 0.8920483 0.1509948 0.2469097 0.05989086 0.2469081 0.05840641 0.2751048 0.06051909 0.3948194 0.1296278 0.4107477 0.1529875 0.4094642 0.15373 0.1915836 0.06822913 0.1911447 0.06681066 0.2187114 0.06051927 0.3526458 0.4026381 0.3745793 0.3851488 0.3755869 0.3862355 0.4355647 0.2334328 0.4340866 0.2335445 0.4299054 0.2058072 0.1411734 0.4026387 0.1403359 0.4038638 0.1182291 0.3862363 0.3283504 0.4166635 0.3526458 0.4026381 0.3534801 0.4038631 0.1915835 0.4269119 0.1911445 0.4283288 0.1648234 0.4179999 0.08362674 0.7068552 0.08240038 0.7067096 0.08229827 0.6783261 0.1554024 0.7345005 0.1551136 0.7067555 0.1563426 0.7069019 0.1907665 0.06559187 0.1642681 0.07599055 0.1638405 0.07510811 0.1577609 0.5705245 0.157109 0.59531 0.1558762 0.5957336 0.2752919 0.4358783 0.3030444 0.4295447 0.3033292 0.4304772 0.2786374 0.8170208 0.2778984 0.7959013 0.2824727 0.7938311 0.2085816 0.6783723 0.2086762 0.7060828 0.2040669 0.7065949 0.009912729 0.7738147 0.009227991 0.7483506 0.0104497 0.7487218 0.08270436 0.622195 0.08393222 0.6219066 0.08362674 0.6497974 0.8484997 0.2802081 0.8961719 0.2976635 0.8851121 0.3228116 0.06961137 0.1779943 0.0819624 0.1523502 0.08306849 0.1529885 0.5494414 0.2278119 0.5538809 0.2281648 0.5538809 0.2552875 0.1182291 0.3862363 0.1173598 0.387169 0.0979979 0.3663043 0.3948193 0.3655104 0.4107476 0.3421506 0.4118484 0.3427864 0.6301244 0.3953298 0.608395 0.3780034 0.6114207 0.3747543 0.1648236 0.07713973 0.1642681 0.07599055 0.1907665 0.06559187 0.5776892 0.150991 0.5659195 0.1754276 0.5617758 0.1737788 0.5929701 0.3548718 0.6114207 0.3747543 0.608395 0.3780034 0.0569781 0.2333374 0.06122082 0.2051925 0.0624656 0.2054772 0.0624656 0.2054772 0.06122082 0.2051925 0.06961137 0.1779943 0.3541954 0.0902214 0.3534802 0.09127533 0.3289927 0.07713925 0.09899675 0.1296287 0.08306849 0.1529885 0.0819624 0.1523502 0.4325901 0.2051915 0.4368327 0.2333363 0.4355647 0.2334328 0.5617759 0.3096344 0.5659196 0.308025 0.5776893 0.3324618 0.140336 0.09127599 0.1396157 0.090222 0.1642681 0.07599055 0.7470782 0.3610768 0.7534899 0.4114316 0.7260253 0.4122214 0.7619194 0.4211725 0.7883656 0.4151374 0.7896878 0.4193788 0.2751048 0.06051909 0.2469081 0.05840641 0.2469055 0.05713111 0.395813 0.1288322 0.3948194 0.1296278 0.375587 0.1089028 0.3764511 0.1079676 0.375587 0.1089028 0.3534802 0.09127533 0.1648234 0.4179999 0.1642678 0.4191465 0.1396155 0.4049152 0.1648234 0.4179999 0.1911445 0.4283288 0.1907663 0.4295451 0.8583171 0.3747573 0.8613581 0.3780064 0.8396288 0.3953324 0.7619194 0.4211725 0.7625917 0.4255622 0.7348766 0.4276385 0.4118486 0.1523492 0.4107477 0.1529875 0.3948194 0.1296278 0.9158566 0.2281692 0.9118136 0.2013494 0.9161692 0.2003377 0.8484997 0.2802081 0.8537261 0.25801 0.9030538 0.2710672 0.3026716 0.06681025 0.2751048 0.06051909 0.2752921 0.05925804 0.05825144 0.2334339 0.05825138 0.2617063 0.0569781 0.2618002 0.3534801 0.4038631 0.3541952 0.4049145 0.3295428 0.419146 0.4241995 0.1779932 0.4325901 0.2051915 0.4313504 0.2054762 0.1563426 0.7069019 0.1562451 0.6783744 0.1576994 0.6783749 0.009982168 0.636329 0.0104497 0.6088728 0.01189959 0.6086578 0.08588939 0.761647 0.08443385 0.7613804 0.08393222 0.7347477 0.08512032 0.5705028 0.08657807 0.5701565 0.08588939 0.5950101 0.1328282 0.5716633 0.1275554 0.5704514 0.1284119 0.548076 0.2301879 0.7970439 0.2316492 0.797421 0.2323985 0.8188388 0.08497673 0.6783258 0.08507966 0.7069467 0.08362674 0.7068552 0.2291511 0.7470805 0.2306091 0.7472972 0.2310482 0.7733948 0.2288846 0.7195826 0.2303416 0.719711 0.2306091 0.7472972 0.228795 0.691215 0.2302519 0.6912524 0.2303416 0.719711 0.06346189 0.7715493 0.05884474 0.7732989 0.05816388 0.7479796 0.7470782 0.3610768 0.7694443 0.356609 0.7804719 0.4062469 0.1558762 0.7609889 0.1554024 0.7345005 0.1566327 0.7347893 0.08320337 0.5957011 0.08388632 0.5710536 0.08512032 0.5705028 0.009912729 0.7738147 0.01113802 0.7743166 0.01203161 0.7977206 0.20547 0.5716855 0.2062742 0.5495473 0.2108436 0.551873 0.1554024 0.6222358 0.1566327 0.6219483 0.1563425 0.6498441 0.1558762 0.5957336 0.157109 0.59531 0.1566327 0.6219483 0.2279171 0.7467383 0.227652 0.7193808 0.2288846 0.7195826 0.008762776 0.6365318 0.009982168 0.636329 0.009745776 0.6646767 0.08512032 0.7861585 0.08388632 0.7856079 0.08320337 0.7609564 0.228795 0.691215 0.2288846 0.7195826 0.227652 0.7193808 0.2185189 0.05925822 0.1907665 0.06559187 0.1904749 0.06465607 0.06233906 0.7202529 0.06279331 0.7466875 0.05816388 0.7479796 0.009227991 0.7483506 0.008762776 0.7212756 0.009982168 0.7215078 0.2765206 0.6912116 0.2766092 0.6629162 0.2812066 0.6632491 0.08196234 0.3427873 0.0811122 0.3432745 0.06869781 0.3174989 0.06210947 0.692836 0.0574674 0.6931371 0.05746746 0.6648392 0.08393222 0.7347477 0.08443385 0.7613804 0.08320337 0.7609564 0.8988918 0.1470094 0.9111725 0.1725075 0.9079771 0.173783 0.1550168 0.6783737 0.1562451 0.6783744 0.1563426 0.7069019 0.4335399 0.2049723 0.4325901 0.2051915 0.4241995 0.1779932 0.08362674 0.7068552 0.08393222 0.7347477 0.08270436 0.7344596 0.2275629 0.6911582 0.227652 0.662701 0.2288845 0.6626117 0.2048251 0.5962042 0.20547 0.5716855 0.2100539 0.5736113 0.4251063 0.1776344 0.4241995 0.1779932 0.4118486 0.1523492 0.06079608 0.5393339 0.06537795 0.541812 0.06432992 0.5624525 0.2289486 0.5822194 0.2296918 0.5590214 0.2309349 0.5583999 0.2295888 0.6072443 0.2283526 0.6076163 0.2289486 0.5822194 0.2291511 0.6344115 0.2279171 0.6346448 0.2283526 0.6076163 0.009745717 0.6932826 0.009982168 0.7215078 0.008762776 0.7212756 0.08657807 0.7865046 0.08743691 0.8089463 0.08597636 0.8085283 0.1321491 0.7604864 0.1268686 0.7614194 0.1263667 0.7347741 0.6464049 0.9662207 0.6464679 0.9201241 0.6490534 0.920144 0.228795 0.691215 0.2288845 0.6626117 0.2303416 0.6625573 0.198782 0.649832 0.1990723 0.6219229 0.2043539 0.6225557 0.009982168 0.7215078 0.0114305 0.7216543 0.01189959 0.7489557 0.200201 0.7862325 0.1995488 0.7614543 0.2048251 0.7605199 0.1328282 0.7849978 0.133675 0.8071268 0.1284119 0.8085896 0.05884474 0.7732989 0.05972874 0.796451 0.05445003 0.7978119 0.009982168 0.7215078 0.009745717 0.6932826 0.01119327 0.6933385 0.2773059 0.6081448 0.2720358 0.6073078 0.2726352 0.5817685 0.05286735 0.7487899 0.05239951 0.7215631 0.05770123 0.7210586 0.01203161 0.7977206 0.01348656 0.7981118 0.01456898 0.8188685 0.200201 0.7862325 0.20547 0.7850199 0.2062742 0.8071348 0.9815527 0.1741473 0.9816007 0.1280609 0.9835956 0.1279788 0.01119327 0.6646407 0.01119327 0.6933385 0.009745717 0.6932826 0.08588939 0.761647 0.08657807 0.7865046 0.08512032 0.7861585 0.1577609 0.7861802 0.157109 0.7614136 0.1585659 0.7616807 0.1577609 0.5705245 0.15922 0.5701787 0.1585659 0.5950438 0.1563426 0.7069019 0.157797 0.7069939 0.1580882 0.7349709 0.0104497 0.7487218 0.01189959 0.7489557 0.01259011 0.7746327 0.1563425 0.6498441 0.157797 0.6497529 0.1576994 0.6783749 0.08538615 0.7349287 0.08393222 0.7347477 0.08362674 0.7068552 0.1566327 0.7347893 0.1580882 0.7349709 0.1585659 0.7616807 0.0104497 0.6088728 0.01113802 0.5829216 0.01259005 0.5826231 0.08597636 0.5481379 0.08743685 0.5477198 0.08657807 0.5701565 0.1563425 0.6498441 0.1566327 0.6219483 0.1580882 0.6217676 0.2316492 0.5814028 0.2301879 0.581717 0.2309349 0.5583999 0.2316492 0.5814028 0.2310482 0.607012 0.2295888 0.6072443 0.2310482 0.607012 0.2306091 0.6342665 0.2291511 0.6344115 0.2301879 0.7970439 0.2295889 0.7730946 0.2310482 0.7733948 0.5648566 0.2260496 0.559055 0.2285653 0.5629823 0.202513 0.8024557 0.6288473 0.8022386 0.6079545 0.8034414 0.6082597 0.4605838 0.8831741 0.4684655 0.8831946 0.4684662 0.9372668 0.9858413 0.1136133 0.9858893 0.06753104 0.9877982 0.0676133 0.8419698 0.9642949 0.8420263 0.9182301 0.8443365 0.9182996 0.8419817 0.8579714 0.8419251 0.9040698 0.8396387 0.9041184 0.9624813 0.8154859 0.9572926 0.8693443 0.9520983 0.86934 0.5242735 0.9368958 0.5163919 0.9369372 0.5163933 0.8831092 0.8465073 0.964435 0.8465623 0.9183704 0.8487592 0.9184437 0.9829289 0.0531919 0.9829885 0.007101297 0.9854481 0.007058978 0.9878073 0.05311059 0.9878678 0.007020175 0.9903059 0.006983757 0.6514245 0.7097336 0.6530498 0.7188038 0.6337622 0.7187385 0.1383337 0.9209057 0.1462153 0.9209448 0.1462166 0.9746748 0.7601287 0.9888883 0.7601926 0.9428042 0.7627565 0.9428083 0.5915955 0.9201116 0.591533 0.9661788 0.5889564 0.9662078 0.8509562 0.8577529 0.8509562 0.90385 0.84873 0.9039085 0.9466692 0.7564857 0.9518579 0.7026274 0.9570521 0.7026318 0.4810196 0.9369338 0.473138 0.9369652 0.473139 0.8829554 0.5864945 0.920166 0.5864315 0.966233 0.5838971 0.966255 0.8465278 0.8578664 0.8464726 0.9039648 0.8441849 0.904019 0.9777324 0.1133019 0.9777324 0.0672177 0.9798394 0.06729316 0.9467555 0.5456284 0.9519444 0.49177 0.9571386 0.4917744 0.4388029 0.848958 0.4381962 0.8327643 0.4391754 0.8323332 0.8035048 0.6665682 0.804301 0.6821116 0.8031727 0.6824558 0.9818599 0.1134532 0.9819098 0.06737089 0.9839428 0.06745088 0.3483714 0.9227772 0.3483714 0.9688668 0.345853 0.9688323 0.8564671 0.9673393 0.8616558 0.9134812 0.8668501 0.9134855 0.5038372 0.8833335 0.5117186 0.8833723 0.51172 0.9372965 0.3385294 0.9226261 0.3384698 0.9687145 0.3360891 0.968671 0.6412676 0.9661886 0.6412676 0.9200916 0.6438722 0.9201066 0.5966472 0.9200447 0.5966472 0.9661111 0.5940971 0.9661465 0.9469091 0.9399077 0.9520979 0.8860494 0.9572922 0.8860537 0.861225 0.5649141 0.8622138 0.5650512 0.8620703 0.5863585 0.8035048 0.5273732 0.8023733 0.5270999 0.8031727 0.5110803 0.9777304 0.174316 0.9777304 0.1282317 0.9796452 0.1281453 0.7497457 0.9888999 0.7497457 0.9428157 0.7523707 0.9428085 0.8922832 0.913243 0.8870944 0.9671012 0.8819001 0.9670969 0.7132668 0.9210653 0.7211486 0.9210861 0.7211492 0.9746663 0.6515026 0.9662624 0.651565 0.9201659 0.6540643 0.92019 0.7549346 0.9888885 0.7549984 0.9428042 0.7576275 0.9428028 0.8373232 0.9641662 0.8373231 0.9180997 0.8396881 0.9181634 0.0413984 0.9684681 0.0465871 0.9146097 0.05178135 0.914614 0.4405308 0.9370132 0.432649 0.9370202 0.4326493 0.8829144 0.9855294 0.1739869 0.9855793 0.1279008 0.9875985 0.1278249 0.343413 0.9227067 0.3433524 0.9687953 0.3408711 0.9687557 0.9781358 0.05328303 0.9781358 0.007193565 0.9805507 0.007146239 0.559055 0.2549118 0.5645405 0.25352 0.5686356 0.2806854 0.9842439 0.1869454 0.9842439 0.209761 0.9826363 0.2110226 0.378238 0.9281249 0.378238 0.9512889 0.3767088 0.95283 0.9716379 0.9119195 0.970107 0.9103755 0.9795225 0.9103756 0.5349281 0.9739896 0.5349282 0.9508278 0.5365492 0.9492692 0.9927389 0.9131374 0.9927389 0.8997029 0.9973438 0.8995605 0.1936892 0.7486001 0.1598861 0.7485991 0.1595002 0.7211491 0.3861244 0.9528299 0.389107 0.9774346 0.3737262 0.9774348 0.4412927 0.8247221 0.4408724 0.8050395 0.4823648 0.8050056 0.658151 0.9909331 0.6535415 0.9909329 0.6535415 0.9755538 0.4055017 0.963926 0.4008941 0.9637707 0.4008941 0.9218457 0.9979382 0.6160244 0.9933329 0.6162099 0.9933329 0.6044206 0.3679552 0.774021 0.3539018 0.774021 0.3539016 0.66729 0.04758358 0.762156 0.01379746 0.762129 0.01321542 0.7355365 0.6258079 0.9473749 0.6212871 0.9212323 0.636668 0.9212324 0.1086059 0.9481118 0.1070768 0.9496465 0.1007374 0.9496464 0.3767089 0.9265902 0.3861244 0.9265901 0.3845774 0.9281247 0.5735864 0.6016554 0.5624943 0.6044721 0.570922 0.5871253 0.314231 0.9949609 0.312609 0.9962485 0.312609 0.986954 0.865278 0.6532748 0.8647952 0.6342818 0.906276 0.6343763 0.9766331 0.311107 0.9812403 0.3109388 0.9812403 0.3515167 0.3215635 0.6100831 0.3136559 0.5963887 0.3184697 0.5943951 0.1604543 0.5822384 0.1611919 0.5584882 0.1949949 0.5584892 0.8981512 0.9640672 0.8950797 0.9641793 0.8950797 0.9467169 0.5666544 0.9966623 0.5666544 0.9848792 0.5712605 0.9850555 0.8647614 0.7542747 0.8652198 0.735276 0.9067052 0.7351872 0.9887104 0.2187982 0.9933193 0.2187982 0.9933193 0.2341773 0.2661991 0.7607386 0.2323905 0.7606604 0.2320359 0.7337138 0.7192399 0.7203599 0.7013756 0.7330795 0.6892745 0.7062676 0.9826363 0.2187752 0.9842439 0.2200345 0.9842439 0.2428448 0.3047061 0.9513521 0.3047062 0.9281884 0.306249 0.9266423 0.9873117 0.2799745 0.9857004 0.2787131 0.9857004 0.2558996 0.2969413 0.9869474 0.2969413 0.996195 0.2953189 0.994956 0.1620825 0.8192555 0.1611919 0.7982063 0.1949949 0.7982074 0.1209942 0.6080946 0.08719497 0.6080949 0.08779323 0.5822099 0.6765875 0.9777072 0.6612065 0.9777072 0.6641892 0.9531028 0.8644795 0.7750023 0.905965 0.7749134 0.9058699 0.7966207 0.996741 0.1712718 0.9921322 0.171348 0.9921322 0.1568909 0.7438758 0.8981602 0.7438758 0.876549 0.7469489 0.8764994 0.06598991 0.9142148 0.07059872 0.9142538 0.07059872 0.9672662 0.2848345 0.9211765 0.2894406 0.9212736 0.2894406 0.9715952 0.9927355 0.8094079 0.9973444 0.8095142 0.9973444 0.822984 0.6166728 0.9212324 0.612152 0.9473749 0.6058126 0.9473749 0.9874201 0.4769818 0.9857944 0.475055 0.9857944 0.453172 0.364596 0.9497582 0.3582565 0.9497583 0.3567137 0.9482123 0.3702773 0.986921 0.3718874 0.9884591 0.3718875 0.9947978 0.3661293 0.9744517 0.3567137 0.9744518 0.3582565 0.9729221 0.5318567 0.9739871 0.5318567 0.9508254 0.5349282 0.9508278 0.3967121 0.9937179 0.3921052 0.993669 0.3921052 0.9785628 0.7543815 0.6656857 0.7248997 0.661911 0.7292556 0.643124 0.9955207 0.3166538 0.9985907 0.3165588 0.9985907 0.3220959 0.08678853 0.7211037 0.08658301 0.6926919 0.1203823 0.6926917 0.9961866 0.333725 0.9992592 0.3336475 0.9992592 0.3390758 0.2156448 0.9755908 0.211043 0.9753704 0.211043 0.9345925 0.9933444 0.3753056 0.9887343 0.3752755 0.9887343 0.3600804 0.1205793 0.9692038 0.1205793 0.9225742 0.1251865 0.9224465 0.5522374 0.9473269 0.5458979 0.947327 0.5413771 0.9211843 0.3845774 0.9512888 0.3845774 0.9281247 0.3861244 0.9265901 0.378238 0.9512889 0.3845774 0.9512888 0.3861244 0.9528299 0.08708006 0.9511972 0.08708006 0.9280333 0.08861088 0.9264892 0.364596 0.9497582 0.3661293 0.9482122 0.3661293 0.9744517 0.9931995 0.9188042 0.9978083 0.9186879 0.9978082 0.9318583 0.08658301 0.6926919 0.08658301 0.6639599 0.1203823 0.6639596 0.9671244 0.8857709 0.9825052 0.8857712 0.9795225 0.9103756 0.3359893 0.9930886 0.3390619 0.9931396 0.3390619 0.9990954 0.08658301 0.6639599 0.08678853 0.6355493 0.1205878 0.6355491 0.5825936 0.9983627 0.5795214 0.9983091 0.5795214 0.9923514 0.2906529 0.8860393 0.2875821 0.8859745 0.2875821 0.864319 0.8455882 0.5443054 0.8041234 0.5442723 0.8047807 0.5256568 0.3478897 0.8809749 0.3478897 0.8590551 0.3509629 0.859099 0.9714915 0.5191757 0.9778311 0.5191757 0.9823517 0.5453183 0.9842453 0.3104714 0.9842453 0.3332839 0.982634 0.3345448 0.1070768 0.9728105 0.1086059 0.9743517 0.09919047 0.9743515 0.9795226 0.9366154 0.970107 0.9366151 0.9716379 0.9350834 0.08074069 0.9511973 0.08708006 0.9511972 0.08861088 0.952729 0.1223692 0.7981905 0.08856999 0.7981908 0.08779323 0.7744489 0.9420444 0.8723827 0.9423426 0.8852862 0.9346639 0.88528 0.3138459 0.9774859 0.3168286 0.9528815 0.3262442 0.9528815 0.08779323 0.7744489 0.08719497 0.7485605 0.1209942 0.7485603 0.5378338 0.8979992 0.5347618 0.8980798 0.5347618 0.8780046 0.8981476 0.9411129 0.8950793 0.9412515 0.8950793 0.9232759 0.9346639 0.8314587 0.9351382 0.8201891 0.9428169 0.8201952 0.9422455 0.6630168 0.9426353 0.6741591 0.9349528 0.6741588 0.9423426 0.8314648 0.9420444 0.8445227 0.9343658 0.8445166 0.2649835 0.9493721 0.271323 0.949372 0.2758437 0.9755147 0.3047595 0.9961842 0.3031573 0.9943917 0.3031573 0.9881717 0.9795226 0.9366154 0.9779772 0.9350835 0.9779772 0.9119197 0.307764 0.9882481 0.307764 0.9945109 0.3061622 0.9962574 0.306249 0.9266423 0.3047062 0.9281884 0.2983667 0.9281883 0.1223692 0.7981905 0.1233071 0.8192554 0.08950787 0.8192557 0.01321542 0.7355365 0.01286089 0.7076196 0.04664707 0.7076465 0.306249 0.9528818 0.3092316 0.9774863 0.2938507 0.9774861 0.1223692 0.5584723 0.08856999 0.5584726 0.08950787 0.5374132 0.2682173 0.5472482 0.2673989 0.5693562 0.2335904 0.5692779 0.6993498 0.9446447 0.7024177 0.9447916 0.7024177 0.9623401 0.8658382 0.8777101 0.8652198 0.8598577 0.9067052 0.8597689 0.3173024 0.9949334 0.314231 0.9949609 0.314231 0.988703 0.8643844 0.7967095 0.9058699 0.7966207 0.9059649 0.8185232 0.6382081 0.7484024 0.6337622 0.7187385 0.6530498 0.7188038 0.08074069 0.9280334 0.07919532 0.9264895 0.08861088 0.9264892 0.9813178 0.4786449 0.9797168 0.4770785 0.9797167 0.4539188 0.3567137 0.9482123 0.3582565 0.9497583 0.3582565 0.9729221 0.2983667 0.9281883 0.2983667 0.9513521 0.2968333 0.9528817 0.8047807 0.6682432 0.8041234 0.6499682 0.8455882 0.6500013 0.8056198 0.6838945 0.8047807 0.6682432 0.8462456 0.6682763 0.6812018 0.9777082 0.6841844 0.9531035 0.6935999 0.9531035 0.4408724 0.7193181 0.4412927 0.700027 0.4827851 0.6999931 0.4418596 0.6830576 0.483352 0.6830238 0.4827851 0.6999931 0.04838007 0.7868299 0.01459395 0.7868029 0.01379746 0.762129 0.1595002 0.6355947 0.1598861 0.6081334 0.1936892 0.6081345 0.9419427 0.858479 0.9420444 0.8723827 0.9343658 0.8723766 0.4405269 0.7620179 0.4820193 0.7619839 0.4821065 0.7838493 0.9714388 0.6209627 0.9777783 0.6209627 0.9822991 0.6471053 0.6793103 0.5650678 0.66263 0.5586962 0.6724213 0.5519996 0.09919041 0.9481117 0.1007374 0.9496464 0.1007374 0.9728104 0.3292255 0.9885109 0.3308321 0.986972 0.3308321 0.9963865 0.2968333 0.9528817 0.2983667 0.9513521 0.3047061 0.9513521 0.06460714 0.9672323 0.05999773 0.9672692 0.05999773 0.9142521 0.7843856 0.8773204 0.7889919 0.8772317 0.7889919 0.9280818 0.08861088 0.952729 0.0915935 0.9773334 0.0762127 0.9773337 0.8644795 0.7750023 0.8647614 0.7542747 0.9062468 0.7541859 0.8644984 0.5699492 0.9059792 0.5700437 0.905879 0.5919467 0.159305 0.6640087 0.1595002 0.6355947 0.1933033 0.6355956 0.8449062 0.6082929 0.8034414 0.6082597 0.8034414 0.5863339 0.991196 0.970492 0.9958061 0.9704541 0.9958061 0.9855452 0.7024223 0.9389693 0.6993504 0.9388883 0.6993504 0.9188284 0.5658932 0.9473269 0.5613725 0.9211843 0.5767534 0.9211844 0.2788423 0.9721996 0.2788423 0.9212639 0.2834521 0.9213299 0.8647614 0.8399181 0.8644795 0.818612 0.9059649 0.8185232</float_array>
          <technique_common>
            <accessor source="#Cylinder-mesh-map-0-array" count="7938" stride="2">
              <param name="S" type="float"/>
              <param name="T" type="float"/>
            </accessor>
          </technique_common>
        </source>
        <vertices id="Cylinder-mesh-vertices">
          <input semantic="POSITION" source="#Cylinder-mesh-positions"/>
        </vertices>
        <triangles material="mine-material" count="2646">
          <input semantic="VERTEX" source="#Cylinder-mesh-vertices" offset="0"/>
          <input semantic="NORMAL" source="#Cylinder-mesh-normals" offset="1"/>
          <input semantic="TEXCOORD" source="#Cylinder-mesh-map-0" offset="2" set="0"/>
          <p>3 0 0 4 1 1 2 2 2 3 0 3 0 3 4 1 4 5 6 5 6 5 6 7 7 7 8 33 8 9 30 9 10 31 10 11 10 11 12 9 12 13 11 13 14 19 14 15 16 15 16 17 16 17 9 12 18 6 5 19 7 7 20 936 17 21 975 18 22 935 19 23 46 20 24 45 21 25 47 22 26 29 23 27 30 9 28 28 24 29 15 25 30 16 15 31 14 26 32 11 13 33 12 27 34 10 11 35 25 28 36 22 29 37 23 30 38 39 31 39 36 32 40 37 33 41 27 34 42 24 35 43 25 28 44 22 29 45 21 36 46 23 30 47 21 36 48 18 37 49 19 14 50 37 33 51 34 38 52 35 39 53 27 34 54 28 24 55 26 40 56 39 31 57 40 41 58 38 42 59 917 43 60 926 44 61 927 45 62 15 25 63 12 27 64 13 46 65 35 39 66 32 47 67 33 8 68 1 4 69 46 20 70 47 22 71 1274 48 72 1281 48 73 1277 48 74 1173 49 75 1168 49 76 1178 49 77 204 50 78 323 51 79 205 52 80 54 53 81 10 11 82 12 27 83 537 54 84 761 55 85 535 56 86 16 15 87 55 57 88 14 26 89 18 37 90 56 58 91 16 15 92 20 59 93 57 60 94 18 37 95 1278 61 96 1270 61 97 1271 61 98 1201 62 99 1194 62 100 1202 62 101 26 40 102 60 63 103 24 35 104 28 24 105 61 64 106 26 40 107 30 9 108 62 65 109 28 24 110 64 66 111 30 9 112 32 47 113 1193 67 114 1188 67 115 1198 67 116 44 68 117 69 69 118 42 70 119 42 70 120 68 71 121 40 41 122 68 71 123 38 42 124 40 41 125 1273 72 126 1268 72 127 1278 72 128 32 47 129 65 73 130 64 66 131 117 74 132 91 75 133 116 76 134 1271 77 135 1265 77 136 1272 77 137 228 78 138 186 79 139 185 80 140 535 56 141 760 81 142 533 82 143 39 83 144 89 83 145 90 83 146 33 84 147 86 84 148 87 84 149 76 84 150 13 84 151 11 84 152 45 84 153 94 84 154 47 84 155 88 85 156 37 85 157 35 85 158 255 86 159 444 87 160 482 88 161 15 89 162 77 89 163 78 89 164 95 84 165 3 84 166 1 84 167 23 90 168 83 90 169 25 90 170 87 84 171 35 84 172 33 84 173 9 84 174 74 84 175 75 84 176 92 84 177 41 84 178 91 84 179 39 84 180 91 84 181 41 84 182 27 84 183 83 84 184 84 84 185 31 84 186 85 84 187 86 84 188 3 91 189 72 91 190 5 91 191 21 84 192 82 84 193 23 84 194 47 92 195 95 92 196 1 92 197 93 93 198 43 93 199 92 93 200 85 84 201 27 84 202 84 84 203 819 94 204 821 95 205 867 96 206 80 84 207 17 84 208 79 84 209 15 84 210 79 84 211 17 84 212 7 84 213 72 84 214 74 84 215 96 97 216 73 98 217 95 99 218 98 100 219 73 98 220 97 101 221 107 102 222 83 103 223 82 104 224 118 105 225 92 106 226 117 74 227 100 107 228 76 108 229 75 109 230 113 110 231 89 111 232 88 112 233 116 76 234 90 113 235 115 114 236 102 115 237 78 116 238 77 117 239 104 118 240 78 116 241 103 119 242 107 102 243 81 120 244 106 121 245 119 122 246 95 99 247 94 123 248 1012 124 249 874 125 250 873 126 251 108 127 252 84 128 253 83 103 254 110 129 255 84 128 256 109 130 257 111 131 258 85 132 259 110 129 260 118 105 261 94 123 262 93 133 263 99 134 264 72 135 265 98 100 266 106 121 267 80 136 268 105 137 269 114 138 270 90 113 271 89 111 272 75 109 273 99 134 274 100 107 275 998 139 276 896 140 277 897 141 278 88 112 279 112 142 280 113 110 281 112 142 282 86 143 283 111 131 284 101 144 285 77 117 286 76 108 287 149 145 288 121 146 289 148 147 290 138 84 291 113 84 292 112 84 293 128 148 294 104 148 295 103 148 296 573 149 297 478 150 298 479 151 299 135 152 300 110 129 301 109 130 302 101 153 303 125 153 304 126 153 305 125 154 306 100 154 307 124 154 308 133 155 309 107 155 310 132 155 311 137 84 312 112 84 313 111 84 314 147 156 315 121 146 316 120 157 317 122 84 318 97 84 319 121 84 320 123 158 321 98 158 322 122 158 323 145 84 324 119 84 325 118 84 326 128 159 327 168 160 328 129 161 329 141 162 330 156 163 331 155 164 332 451 165 333 586 166 334 450 167 335 200 168 336 155 168 337 156 168 338 131 84 339 105 84 340 130 84 341 140 169 342 113 169 343 139 169 344 187 84 345 166 84 346 167 84 347 136 170 348 111 170 349 110 170 350 134 171 351 108 127 352 133 172 353 117 84 354 143 84 355 144 84 356 144 84 357 118 84 358 117 84 359 124 84 360 99 84 361 123 84 362 146 173 363 96 173 364 119 173 365 914 174 366 810 175 367 913 176 368 929 177 369 798 178 370 796 179 371 120 157 372 150 180 373 147 156 374 1218 181 375 1219 181 376 1213 181 377 275 182 378 471 182 379 470 182 380 199 183 381 157 183 382 198 183 383 143 184 384 154 185 385 153 186 386 143 84 387 116 84 388 142 84 389 347 187 390 346 188 391 345 189 392 139 190 393 158 191 394 157 192 395 463 193 396 632 194 397 462 195 398 135 152 399 134 171 400 162 196 401 159 197 402 137 198 403 160 199 404 160 199 405 137 198 406 136 200 407 160 199 408 136 200 409 161 201 410 161 201 411 136 200 412 135 152 413 161 201 414 135 152 415 162 196 416 162 196 417 134 171 418 163 202 419 163 202 420 134 171 421 133 172 422 163 202 423 133 172 424 164 203 425 164 203 426 133 172 427 132 204 428 164 203 429 132 204 430 165 205 431 130 206 432 166 207 433 131 208 434 58 209 435 50 209 436 51 209 437 859 210 438 831 211 439 861 212 440 126 213 441 102 213 442 101 213 443 818 214 444 819 94 445 817 215 446 186 216 447 167 216 448 168 216 449 458 217 450 297 217 451 295 217 452 1178 218 453 1179 218 454 1173 218 455 281 219 456 466 220 457 283 221 458 175 84 459 148 84 460 147 84 461 42 70 462 41 222 463 43 223 464 287 224 465 464 225 466 463 193 467 144 226 468 153 186 469 152 227 470 173 84 471 179 84 472 180 84 473 347 187 474 243 228 475 244 229 476 181 84 477 171 84 478 172 84 479 182 230 480 170 230 481 171 230 482 1276 231 483 1267 231 484 1264 231 485 185 84 486 169 84 487 184 84 488 168 232 489 185 232 490 186 232 491 127 233 492 103 233 493 102 233 494 124 234 495 172 235 496 125 236 497 426 237 498 308 238 499 310 239 500 978 240 501 1007 241 502 977 242 503 191 84 504 164 84 505 190 84 506 192 243 507 163 243 508 191 243 509 162 244 510 192 244 511 193 244 512 179 245 513 174 245 514 178 245 515 146 246 516 151 247 517 150 180 518 195 84 519 159 84 520 160 84 521 197 84 522 159 84 523 196 84 524 198 248 525 158 248 526 197 248 527 142 249 528 115 249 529 141 249 530 156 250 531 199 250 532 200 250 533 145 251 534 152 227 535 151 247 536 201 252 537 154 252 538 155 252 539 995 253 540 1026 254 541 1025 255 542 81 256 543 19 256 544 80 256 545 62 84 546 48 84 547 61 84 548 151 84 549 205 84 550 206 84 551 125 236 552 171 257 553 126 258 554 305 259 555 452 260 556 307 261 557 50 84 558 60 84 559 49 84 560 105 137 561 79 262 562 104 118 563 206 263 564 150 263 565 151 263 566 70 264 567 62 264 568 63 264 569 70 84 570 63 84 571 64 84 572 70 84 573 64 84 574 69 84 575 69 84 576 64 84 577 65 84 578 69 84 579 65 84 580 68 84 581 68 84 582 65 84 583 66 84 584 68 84 585 66 84 586 67 84 587 863 265 588 799 266 589 801 267 590 58 84 591 51 84 592 52 84 593 58 84 594 52 84 595 57 84 596 57 84 597 52 84 598 53 84 599 57 84 600 53 84 601 56 84 602 56 84 603 53 84 604 54 84 605 56 84 606 54 84 607 55 84 608 208 268 609 209 269 610 210 270 611 210 270 612 209 269 613 211 271 614 210 270 615 211 271 616 212 272 617 212 272 618 211 271 619 213 273 620 212 272 621 213 273 622 214 274 623 214 274 624 213 273 625 215 275 626 214 274 627 215 275 628 216 276 629 216 276 630 215 275 631 217 277 632 216 276 633 217 277 634 218 278 635 218 278 636 217 277 637 219 279 638 218 278 639 219 279 640 220 280 641 220 280 642 219 279 643 221 281 644 220 280 645 221 281 646 222 282 647 222 282 648 221 281 649 223 283 650 222 282 651 223 283 652 224 284 653 224 284 654 223 283 655 225 285 656 224 284 657 225 285 658 226 286 659 226 286 660 225 285 661 227 287 662 226 286 663 227 287 664 228 78 665 228 78 666 227 287 667 229 288 668 228 78 669 229 288 670 230 289 671 230 289 672 229 288 673 231 290 674 230 289 675 231 290 676 232 291 677 232 291 678 231 290 679 233 292 680 232 291 681 233 292 682 234 293 683 234 293 684 233 292 685 235 294 686 234 293 687 235 294 688 236 295 689 236 295 690 235 294 691 237 296 692 236 295 693 237 296 694 238 297 695 238 297 696 237 296 697 239 298 698 238 297 699 239 298 700 240 299 701 240 299 702 239 298 703 241 300 704 129 161 705 167 301 706 130 206 707 193 84 708 161 84 709 162 84 710 246 302 711 243 228 712 245 303 713 246 302 714 247 304 715 248 305 716 417 306 717 386 307 718 385 308 719 278 309 720 409 310 721 276 311 722 867 96 723 866 312 724 865 313 725 252 314 726 253 315 727 254 316 728 254 316 729 253 315 730 255 86 731 254 316 732 255 86 733 256 317 734 256 317 735 255 86 736 257 318 737 256 317 738 257 318 739 258 319 740 258 319 741 257 318 742 259 320 743 258 319 744 259 320 745 260 321 746 260 321 747 259 320 748 261 322 749 260 321 750 261 322 751 262 323 752 262 323 753 261 322 754 263 324 755 262 323 756 263 324 757 264 325 758 264 325 759 263 324 760 265 326 761 264 325 762 265 326 763 266 327 764 266 327 765 265 326 766 267 328 767 266 327 768 267 328 769 268 329 770 268 329 771 267 328 772 269 330 773 268 329 774 269 330 775 270 331 776 270 331 777 269 330 778 271 332 779 270 331 780 271 332 781 272 333 782 272 333 783 271 332 784 273 334 785 272 333 786 273 334 787 274 335 788 274 335 789 273 334 790 275 336 791 274 335 792 275 336 793 276 311 794 276 311 795 275 336 796 277 337 797 276 311 798 277 337 799 278 309 800 278 309 801 277 337 802 279 338 803 278 309 804 279 338 805 280 339 806 280 339 807 279 338 808 281 219 809 280 339 810 281 219 811 282 340 812 282 340 813 281 219 814 283 221 815 282 340 816 283 221 817 284 341 818 284 341 819 283 221 820 285 342 821 284 341 822 285 342 823 286 343 824 286 343 825 285 342 826 287 224 827 286 343 828 287 224 829 288 344 830 288 344 831 287 224 832 289 345 833 288 344 834 289 345 835 290 346 836 290 346 837 289 345 838 291 347 839 290 346 840 291 347 841 292 348 842 292 348 843 291 347 844 293 349 845 292 348 846 293 349 847 294 350 848 294 350 849 293 349 850 295 351 851 294 350 852 295 351 853 296 352 854 296 352 855 295 351 856 297 353 857 296 352 858 297 353 859 298 354 860 298 354 861 297 353 862 299 355 863 298 354 864 299 355 865 300 356 866 300 356 867 299 355 868 301 357 869 300 356 870 301 357 871 302 358 872 302 358 873 301 357 874 303 359 875 302 358 876 303 359 877 304 360 878 304 360 879 303 359 880 305 259 881 304 360 882 305 259 883 306 361 884 306 361 885 305 259 886 307 261 887 306 361 888 307 261 889 308 238 890 308 238 891 307 261 892 309 362 893 308 238 894 309 362 895 310 239 896 310 239 897 309 362 898 311 363 899 310 239 900 311 363 901 312 364 902 312 364 903 311 363 904 313 365 905 312 364 906 313 365 907 314 366 908 314 366 909 313 365 910 315 367 911 314 366 912 315 367 913 316 368 914 316 368 915 315 367 916 317 369 917 316 368 918 317 369 919 251 370 920 209 269 921 208 268 922 318 371 923 318 371 924 208 268 925 319 372 926 318 371 927 319 372 928 320 373 929 320 373 930 319 372 931 321 374 932 320 373 933 321 374 934 322 375 935 322 375 936 321 374 937 323 51 938 322 375 939 323 51 940 324 376 941 324 376 942 323 51 943 325 377 944 324 376 945 325 377 946 326 378 947 326 378 948 325 377 949 327 379 950 326 378 951 327 379 952 328 380 953 328 380 954 327 379 955 329 381 956 328 380 957 329 381 958 330 382 959 330 382 960 329 381 961 331 383 962 330 382 963 331 383 964 332 384 965 332 384 966 331 383 967 333 385 968 332 384 969 333 385 970 334 386 971 334 386 972 333 385 973 335 387 974 334 386 975 335 387 976 336 388 977 336 388 978 335 387 979 337 389 980 336 388 981 337 389 982 338 390 983 338 390 984 337 389 985 339 391 986 338 390 987 339 391 988 340 392 989 340 392 990 339 391 991 341 393 992 340 392 993 341 393 994 342 394 995 342 394 996 341 393 997 343 395 998 342 394 999 343 395 1000 344 396 1001 344 396 1002 343 395 1003 345 189 1004 344 396 1005 345 189 1006 346 188 1007 140 397 1008 157 192 1009 156 163 1010 241 300 1011 371 398 1012 372 399 1013 330 382 1014 348 400 1015 349 401 1016 367 402 1017 233 292 1018 231 290 1019 362 403 1020 219 279 1021 361 404 1022 318 371 1023 354 405 1024 355 406 1025 209 269 1026 355 406 1027 356 407 1028 334 386 1029 348 400 1030 332 384 1031 358 408 1032 211 271 1033 357 409 1034 372 399 1035 243 228 1036 241 300 1037 244 229 1038 404 410 1039 346 188 1040 359 411 1041 213 273 1042 358 408 1043 346 188 1044 403 412 1045 344 396 1046 361 404 1047 217 277 1048 360 413 1049 349 401 1050 328 380 1051 330 382 1052 322 375 1053 352 414 1054 353 415 1055 363 416 1056 221 281 1057 362 403 1058 229 288 1059 365 417 1060 366 418 1061 351 419 1062 324 376 1063 326 378 1064 366 418 1065 231 290 1066 229 288 1067 338 390 1068 399 420 1069 336 388 1070 359 411 1071 217 277 1072 215 275 1073 344 396 1074 402 421 1075 342 394 1076 371 398 1077 237 296 1078 370 422 1079 320 373 1080 353 415 1081 354 405 1082 190 84 1083 165 84 1084 189 84 1085 398 423 1086 431 424 1087 430 425 1088 435 426 1089 402 421 1090 403 412 1091 177 84 1092 148 84 1093 176 84 1094 388 427 1095 364 428 1096 363 416 1097 386 307 1098 360 413 1099 385 308 1100 376 429 1101 350 430 1102 375 431 1103 248 305 1104 404 410 1105 246 302 1106 247 304 1107 372 399 1108 397 432 1109 396 433 1110 372 399 1111 371 398 1112 357 409 1113 381 434 1114 382 435 1115 375 431 1116 349 401 1117 374 436 1118 395 437 1119 371 398 1120 370 422 1121 389 438 1122 365 417 1123 364 428 1124 376 429 1125 352 414 1126 351 419 1127 393 439 1128 369 440 1129 368 441 1130 392 442 1131 366 418 1132 391 443 1133 384 444 1134 358 408 1135 383 445 1136 348 400 1137 430 425 1138 373 446 1139 374 436 1140 348 400 1141 373 446 1142 44 68 1143 43 223 1144 45 21 1145 363 416 1146 387 447 1147 388 427 1148 401 448 1149 432 449 1150 400 450 1151 379 451 1152 353 415 1153 378 452 1154 381 434 1155 355 406 1156 380 453 1157 394 454 1158 370 422 1159 369 440 1160 365 417 1161 225 285 1162 364 428 1163 340 392 1164 400 450 1165 338 390 1166 203 455 1167 154 455 1168 202 455 1169 368 441 1170 235 294 1171 233 292 1172 211 271 1173 356 407 1174 357 409 1175 336 388 1176 398 423 1177 334 386 1178 350 430 1179 326 378 1180 328 380 1181 364 428 1182 223 283 1183 363 416 1184 422 456 1185 389 438 1186 421 457 1187 406 458 1188 375 431 1189 374 436 1190 385 308 1191 416 459 1192 417 306 1193 409 310 1194 376 429 1195 408 460 1196 428 461 1197 395 437 1198 427 462 1199 296 352 1200 418 463 1201 294 350 1202 432 449 1203 438 464 1204 431 424 1205 426 237 1206 393 439 1207 425 465 1208 382 435 1209 413 466 1210 414 467 1211 421 457 1212 388 427 1213 420 468 1214 384 444 1215 415 469 1216 416 459 1217 248 305 1218 249 470 1219 250 471 1220 410 472 1221 377 473 1222 409 310 1223 418 463 1224 387 447 1225 386 307 1226 429 474 1227 396 433 1228 428 461 1229 376 429 1230 407 475 1231 408 460 1232 430 425 1233 405 476 1234 373 446 1235 422 456 1236 391 443 1237 390 477 1238 423 478 1239 392 442 1240 391 443 1241 393 439 1242 424 479 1243 425 465 1244 420 468 1245 387 447 1246 419 480 1247 188 84 1248 165 84 1249 166 84 1250 435 426 1251 441 481 1252 434 482 1253 410 472 1254 379 451 1255 378 452 1256 381 434 1257 412 483 1258 413 466 1259 382 435 1260 358 408 1261 357 409 1262 402 421 1263 433 484 1264 401 448 1265 385 308 1266 359 411 1267 384 444 1268 387 447 1269 361 404 1270 386 307 1271 393 439 1272 367 402 1273 392 442 1274 432 449 1275 399 420 1276 400 450 1277 436 485 1278 403 412 1279 404 410 1280 380 453 1281 354 405 1282 379 451 1283 292 348 1284 416 459 1285 290 346 1286 440 486 1287 258 319 1288 260 321 1289 298 354 1290 419 480 1291 296 352 1292 428 461 1293 312 364 1294 314 366 1295 312 364 1296 426 237 1297 310 239 1298 250 471 1299 251 370 1300 252 314 1301 251 370 1302 429 474 1303 316 368 1304 415 469 1305 286 343 1306 288 344 1307 298 354 1308 421 457 1309 420 468 1310 282 340 1311 411 487 1312 280 339 1313 306 361 1314 425 465 1315 424 479 1316 414 467 1317 284 341 1318 286 343 1319 306 361 1320 423 478 1321 304 360 1322 409 310 1323 274 335 1324 276 311 1325 292 348 1326 418 463 1327 417 306 1328 266 327 1329 405 476 1330 437 488 1331 442 489 1332 254 316 1333 256 317 1334 270 331 1335 405 476 1336 268 329 1337 437 488 1338 264 325 1339 266 327 1340 272 333 1341 408 460 1342 407 475 1343 280 339 1344 410 472 1345 278 309 1346 252 314 1347 443 490 1348 250 471 1349 429 474 1350 314 366 1351 316 368 1352 422 456 1353 300 356 1354 302 358 1355 284 341 1356 412 483 1357 282 340 1358 427 462 1359 394 454 1360 426 237 1361 248 305 1362 443 490 1363 436 485 1364 415 469 1365 382 435 1366 414 467 1367 431 424 1368 437 488 1369 430 425 1370 433 484 1371 441 481 1372 440 486 1373 436 485 1374 442 489 1375 435 426 1376 405 476 1377 374 436 1378 373 446 1379 247 304 1380 429 474 1381 249 470 1382 439 491 1383 264 325 1384 438 464 1385 304 360 1386 422 456 1387 302 358 1388 1121 492 1389 1131 492 1390 1120 492 1391 440 486 1392 262 323 1393 439 491 1394 1076 493 1395 1086 493 1396 1075 493 1397 441 481 1398 256 317 1399 258 319 1400 290 346 1401 415 469 1402 288 344 1403 272 333 1404 406 458 1405 270 331 1406 1254 494 1407 1261 494 1408 1257 494 1409 1215 495 1410 1222 495 1411 1214 495 1412 1292 496 1413 1286 496 1414 1293 496 1415 319 372 1416 175 497 1417 207 498 1418 765 499 1419 541 500 1420 543 501 1421 1318 502 1422 1310 502 1423 1311 502 1424 1212 503 1425 1206 503 1426 1213 503 1427 768 504 1428 547 505 1429 549 506 1430 527 507 1431 756 508 1432 525 509 1433 224 284 1434 184 510 1435 183 511 1436 1194 512 1437 1200 512 1438 1202 512 1439 1338 513 1440 1330 513 1441 1331 513 1442 212 272 1443 176 514 1444 210 270 1445 1295 515 1446 1302 515 1447 1294 515 1448 1315 516 1449 1322 516 1450 1314 516 1451 218 278 1452 181 517 1453 180 518 1454 519 519 1455 754 520 1456 753 521 1457 1170 522 1458 1178 522 1459 1168 522 1460 772 523 1461 555 524 1462 557 525 1463 240 299 1464 192 526 1465 191 527 1466 737 528 1467 485 529 1468 487 530 1469 774 531 1470 559 532 1471 561 533 1472 1294 534 1473 1301 534 1474 1297 534 1475 234 293 1476 187 535 1477 232 291 1478 1191 536 1479 1185 536 1480 1192 536 1481 55 57 1482 12 27 1483 14 26 1484 749 537 1485 509 538 1486 511 539 1487 759 540 1488 529 541 1489 531 542 1490 1312 543 1491 1306 543 1492 1313 543 1493 525 509 1494 755 544 1495 523 545 1496 1174 546 1497 1180 546 1498 1182 546 1499 34 38 1500 66 547 1501 65 73 1502 232 291 1503 186 79 1504 230 289 1505 180 84 1506 172 84 1507 173 84 1508 123 548 1509 173 549 1510 124 234 1511 269 330 1512 473 550 1513 271 332 1514 1059 551 1515 1061 551 1516 1060 551 1517 267 552 1518 476 552 1519 475 552 1520 265 326 1521 477 553 1522 476 554 1523 451 84 1524 307 84 1525 452 84 1526 261 322 1527 478 150 1528 263 324 1529 311 363 1530 450 167 1531 449 555 1532 257 318 1533 480 556 1534 259 320 1535 291 347 1536 460 557 1537 293 349 1538 293 349 1539 459 558 1540 295 351 1541 253 315 1542 445 559 1543 444 87 1544 205 560 1545 152 560 1546 204 560 1547 299 355 1548 457 561 1549 456 562 1550 257 318 1551 482 88 1552 481 563 1553 1044 564 1554 1046 564 1555 1045 564 1556 259 320 1557 479 151 1558 261 322 1559 141 84 1560 114 84 1561 140 84 1562 464 225 1563 285 342 1564 465 565 1565 283 221 1566 465 565 1567 285 342 1568 289 345 1569 463 193 1570 462 195 1571 279 338 1572 467 566 1573 281 219 1574 129 84 1575 105 84 1576 104 84 1577 315 367 1578 446 567 1579 317 369 1580 471 568 1581 273 334 1582 472 569 1583 271 332 1584 472 569 1585 273 334 1586 279 338 1587 469 570 1588 468 571 1589 291 84 1590 462 84 1591 461 84 1592 1236 84 1593 1227 84 1594 1224 84 1595 309 362 1596 451 165 1597 450 167 1598 477 553 1599 263 324 1600 478 150 1601 132 572 1602 106 572 1603 131 572 1604 184 84 1605 170 84 1606 183 84 1607 269 330 1608 475 573 1609 474 574 1610 120 84 1611 97 84 1612 96 84 1613 194 575 1614 160 575 1615 161 575 1616 483 576 1617 484 577 1618 485 529 1619 485 529 1620 484 577 1621 486 578 1622 485 529 1623 486 578 1624 487 530 1625 487 530 1626 486 578 1627 488 579 1628 487 530 1629 488 579 1630 489 580 1631 489 580 1632 488 579 1633 490 581 1634 489 580 1635 490 581 1636 491 582 1637 491 582 1638 490 581 1639 492 583 1640 491 582 1641 492 583 1642 493 584 1643 493 584 1644 492 583 1645 494 585 1646 493 584 1647 494 585 1648 495 586 1649 495 586 1650 494 585 1651 496 587 1652 495 586 1653 496 587 1654 497 588 1655 497 588 1656 496 587 1657 498 589 1658 497 588 1659 498 589 1660 499 590 1661 499 590 1662 498 589 1663 500 591 1664 499 590 1665 500 591 1666 501 592 1667 501 592 1668 500 591 1669 502 593 1670 501 592 1671 502 593 1672 503 594 1673 503 594 1674 502 593 1675 504 595 1676 503 594 1677 504 595 1678 505 596 1679 505 596 1680 504 595 1681 506 597 1682 505 596 1683 506 597 1684 507 598 1685 507 598 1686 506 597 1687 508 599 1688 507 598 1689 508 599 1690 509 538 1691 509 538 1692 508 599 1693 510 600 1694 509 538 1695 510 600 1696 511 539 1697 511 539 1698 510 600 1699 512 601 1700 511 539 1701 512 601 1702 513 602 1703 513 602 1704 512 601 1705 514 603 1706 513 602 1707 514 603 1708 515 604 1709 515 604 1710 514 603 1711 516 605 1712 515 604 1713 516 605 1714 517 606 1715 517 606 1716 516 605 1717 518 607 1718 517 606 1719 518 607 1720 519 519 1721 519 519 1722 518 607 1723 520 608 1724 519 519 1725 520 608 1726 521 609 1727 521 609 1728 520 608 1729 522 610 1730 521 609 1731 522 610 1732 523 545 1733 523 545 1734 522 610 1735 524 611 1736 523 545 1737 524 611 1738 525 509 1739 525 509 1740 524 611 1741 526 612 1742 525 509 1743 526 612 1744 527 507 1745 527 507 1746 526 612 1747 528 613 1748 527 507 1749 528 613 1750 529 541 1751 529 541 1752 528 613 1753 530 614 1754 529 541 1755 530 614 1756 531 542 1757 531 542 1758 530 614 1759 532 615 1760 531 542 1761 532 615 1762 533 82 1763 533 82 1764 532 615 1765 534 616 1766 533 82 1767 534 616 1768 535 56 1769 535 56 1770 534 616 1771 536 617 1772 535 56 1773 536 617 1774 537 54 1775 537 54 1776 536 617 1777 538 618 1778 537 54 1779 538 618 1780 539 619 1781 539 619 1782 538 618 1783 540 620 1784 539 619 1785 540 620 1786 541 500 1787 541 500 1788 540 620 1789 542 621 1790 541 500 1791 542 621 1792 543 501 1793 543 501 1794 542 621 1795 544 622 1796 543 501 1797 544 622 1798 545 623 1799 545 623 1800 544 622 1801 546 624 1802 545 623 1803 546 624 1804 547 505 1805 547 505 1806 546 624 1807 548 625 1808 547 505 1809 548 625 1810 549 506 1811 549 506 1812 548 625 1813 550 626 1814 549 506 1815 550 626 1816 551 627 1817 551 627 1818 550 626 1819 552 628 1820 551 627 1821 552 628 1822 553 629 1823 553 629 1824 552 628 1825 554 630 1826 553 629 1827 554 630 1828 555 524 1829 555 524 1830 554 630 1831 556 631 1832 555 524 1833 556 631 1834 557 525 1835 557 525 1836 556 631 1837 558 632 1838 557 525 1839 558 632 1840 559 532 1841 559 532 1842 558 632 1843 560 633 1844 559 532 1845 560 633 1846 561 533 1847 561 533 1848 560 633 1849 562 634 1850 561 533 1851 562 634 1852 563 635 1853 563 635 1854 562 634 1855 564 636 1856 563 635 1857 564 636 1858 565 637 1859 565 637 1860 564 636 1861 566 638 1862 565 637 1863 566 638 1864 483 576 1865 483 576 1866 566 638 1867 484 577 1868 446 567 1869 567 639 1870 445 559 1871 445 559 1872 567 639 1873 568 640 1874 445 559 1875 568 640 1876 444 87 1877 444 87 1878 568 640 1879 569 641 1880 444 87 1881 569 641 1882 482 88 1883 482 88 1884 569 641 1885 570 642 1886 482 88 1887 570 642 1888 481 563 1889 481 563 1890 570 642 1891 571 643 1892 481 563 1893 571 643 1894 480 556 1895 480 556 1896 571 643 1897 572 644 1898 1330 645 1899 1327 645 1900 1329 645 1901 464 225 1902 636 646 1903 463 193 1904 640 647 1905 465 565 1906 644 648 1907 912 649 1908 810 175 1909 808 650 1910 720 651 1911 729 652 1912 719 653 1913 660 654 1914 593 655 1915 594 656 1916 639 657 1917 528 613 1918 635 658 1919 567 639 1920 446 567 1921 582 659 1922 582 659 1923 446 567 1924 447 660 1925 582 659 1926 447 660 1927 583 661 1928 583 661 1929 447 660 1930 448 662 1931 583 661 1932 448 662 1933 584 663 1934 584 663 1935 448 662 1936 449 555 1937 584 663 1938 449 555 1939 585 664 1940 450 167 1941 585 664 1942 449 555 1943 477 553 1944 659 665 1945 476 554 1946 303 359 1947 453 666 1948 305 259 1949 253 315 1950 251 370 1951 317 369 1952 662 667 1953 589 668 1954 590 669 1955 858 670 1956 952 671 1957 856 672 1958 718 673 1959 727 674 1960 717 675 1961 947 676 1962 986 677 1963 946 678 1964 995 253 1965 1024 679 1966 994 680 1967 595 681 1968 593 655 1969 598 682 1970 615 683 1971 516 605 1972 611 684 1973 599 685 1974 508 599 1975 595 681 1976 453 666 1977 596 686 1978 589 668 1979 726 687 1980 658 688 1981 725 689 1982 601 690 1983 593 655 1984 597 691 1985 678 692 1986 667 693 1987 677 694 1988 548 625 1989 706 695 1990 550 626 1991 596 686 1992 454 696 1993 600 697 1994 636 646 1995 629 698 1996 632 194 1997 944 699 1998 983 700 1999 943 701 2000 681 702 2001 672 703 2002 671 704 2003 603 705 2004 514 603 2005 512 601 2006 454 696 2007 455 706 2008 600 697 2009 600 697 2010 455 706 2011 604 707 2012 596 686 2013 590 669 2014 589 668 2015 734 708 2016 642 709 2017 645 710 2018 581 711 2019 578 712 2020 580 713 2021 1013 714 2022 875 715 2023 874 125 2024 455 706 2025 456 562 2026 604 707 2027 604 707 2028 456 562 2029 608 716 2030 701 717 2031 571 643 2032 570 642 2033 662 667 2034 661 718 2035 681 702 2036 580 713 2037 699 719 2038 686 720 2039 536 617 2040 647 721 2041 713 722 2042 456 562 2043 457 561 2044 608 716 2045 608 716 2046 457 561 2047 612 723 2048 608 716 2049 609 724 2050 605 725 2051 956 726 2052 995 253 2053 955 727 2054 683 728 2055 697 729 2056 696 730 2057 999 731 2058 895 732 2059 896 140 2060 457 561 2061 458 733 2062 612 723 2063 612 723 2064 458 733 2065 616 734 2066 600 697 2067 591 735 2068 596 686 2069 642 709 2070 641 736 2071 645 710 2072 618 737 2073 619 738 2074 615 683 2075 562 634 2076 683 728 2077 564 636 2078 458 733 2079 459 558 2080 616 734 2081 616 734 2082 459 558 2083 620 739 2084 732 740 2085 652 741 2086 731 742 2087 722 743 2088 733 744 2089 732 740 2090 723 745 2091 713 722 2092 647 721 2093 486 578 2094 663 746 2095 664 747 2096 459 558 2097 460 557 2098 620 739 2099 620 739 2100 460 557 2101 624 748 2102 702 749 2103 572 644 2104 571 643 2105 698 750 2106 702 749 2107 697 729 2108 630 751 2109 623 752 2110 626 753 2111 643 754 2112 534 616 2113 532 615 2114 460 557 2115 461 755 2116 624 748 2117 624 748 2118 461 755 2119 628 756 2120 734 708 2121 650 757 2122 733 744 2123 714 758 2124 725 689 2125 724 759 2126 682 760 2127 673 761 2128 663 746 2129 1003 762 2130 891 763 2131 892 764 2132 461 755 2133 462 195 2134 628 756 2135 628 756 2136 462 195 2137 632 194 2138 600 697 2139 601 690 2140 597 691 2141 695 765 2142 687 766 2143 673 761 2144 634 767 2145 627 768 2146 630 751 2147 488 579 2148 664 747 2149 665 769 2150 572 644 2151 479 151 2152 480 556 2153 726 687 2154 656 770 2155 657 771 2156 609 724 2157 602 772 2158 605 725 2159 622 773 2160 623 752 2161 619 738 2162 635 658 2163 526 612 2164 631 774 2165 452 260 2166 589 668 2167 588 775 2168 620 739 2169 613 776 2170 616 734 2171 950 777 2172 991 778 2173 990 779 2174 638 780 2175 639 657 2176 635 658 2177 558 632 2178 685 781 2179 560 633 2180 588 775 2181 451 165 2182 452 260 2183 703 782 2184 573 149 2185 572 644 2186 629 698 2187 630 751 2188 626 753 2189 723 745 2190 643 754 2191 646 783 2192 532 615 2193 639 657 2194 643 754 2195 465 565 2196 648 784 2197 644 648 2198 1185 785 2199 1184 785 2200 1186 785 2201 649 786 2202 467 566 2203 650 757 2204 650 757 2205 467 566 2206 468 571 2207 650 757 2208 468 571 2209 651 787 2210 651 787 2211 468 571 2212 469 570 2213 651 787 2214 469 570 2215 652 741 2216 652 741 2217 469 570 2218 470 788 2219 652 741 2220 470 788 2221 653 789 2222 653 789 2223 470 788 2224 471 568 2225 653 789 2226 471 568 2227 654 790 2228 654 790 2229 471 568 2230 472 569 2231 654 790 2232 472 569 2233 655 791 2234 655 791 2235 472 569 2236 473 550 2237 655 791 2238 473 550 2239 656 770 2240 656 770 2241 473 550 2242 474 574 2243 656 770 2244 474 574 2245 657 771 2246 657 771 2247 474 574 2248 475 573 2249 657 771 2250 475 573 2251 658 688 2252 466 220 2253 649 786 2254 648 784 2255 126 258 2256 170 792 2257 127 793 2258 506 597 2259 595 681 2260 508 599 2261 672 703 2262 592 794 2263 660 654 2264 931 795 2265 972 796 2266 971 797 2267 577 798 2268 574 799 2269 576 800 2270 671 704 2271 498 589 2272 670 801 2273 484 577 2274 682 760 2275 663 746 2276 564 636 2277 682 760 2278 566 638 2279 550 626 2280 705 802 2281 552 628 2282 560 633 2283 684 803 2284 562 634 2285 496 587 2286 668 804 2287 669 805 2288 1020 806 2289 882 807 2290 881 808 2291 998 139 2292 898 809 2293 958 810 2294 627 768 2295 522 610 2296 623 752 2297 672 703 2298 504 595 2299 502 593 2300 983 700 2301 1012 124 2302 982 811 2303 980 812 2304 1009 813 2305 979 814 2306 696 730 2307 682 760 2308 683 728 2309 709 815 2310 719 653 2311 718 673 2312 685 781 2313 697 729 2314 684 803 2315 679 816 2316 670 801 2317 669 805 2318 970 817 2319 999 731 2320 969 818 2321 680 819 2322 671 704 2323 670 801 2324 705 802 2325 579 820 2326 581 711 2327 1023 821 2328 883 822 2329 1022 823 2330 631 774 2331 524 611 2332 627 768 2333 666 824 2334 492 583 2335 490 581 2336 619 738 2337 518 607 2338 615 683 2339 671 704 2340 502 593 2341 500 591 2342 964 825 2343 903 826 2344 904 827 2345 626 753 2346 625 828 2347 629 698 2348 578 712 2349 704 829 2350 699 719 2351 661 718 2352 591 735 2353 592 794 2354 935 19 2355 974 830 2356 934 831 2357 674 832 2358 687 766 2359 688 833 2360 601 690 2361 602 772 2362 598 682 2363 694 834 2364 679 816 2365 693 835 2366 641 736 2367 634 767 2368 637 836 2369 674 832 2370 665 769 2371 664 747 2372 981 837 2373 1010 838 2374 980 812 2375 1012 124 2376 981 837 2377 982 811 2378 826 839 2379 927 45 2380 967 840 2381 918 841 2382 998 139 2383 958 810 2384 614 842 2385 607 843 2386 610 844 2387 640 647 2388 633 845 2389 636 646 2390 792 846 2391 930 847 2392 794 848 2393 691 849 2394 583 661 2395 584 663 2396 645 710 2397 649 786 2398 734 708 2399 733 744 2400 651 787 2401 732 740 2402 778 850 2403 939 851 2404 938 852 2405 838 853 2406 944 699 2407 943 701 2408 637 836 2409 630 751 2410 633 845 2411 716 854 2412 725 689 2413 715 855 2414 646 783 2415 733 744 2416 723 745 2417 941 856 2418 982 811 2419 981 837 2420 945 857 2421 984 858 2422 944 699 2423 731 742 2424 720 651 2425 721 859 2426 728 860 2427 656 770 2428 727 674 2429 690 861 2430 582 659 2431 583 661 2432 653 789 2433 729 652 2434 730 862 2435 854 863 2436 950 777 2437 852 864 2438 840 865 2439 945 857 2440 944 699 2441 586 166 2442 694 834 2443 693 835 2444 828 866 2445 967 840 2446 907 867 2447 870 868 2448 1008 869 2449 1009 813 2450 548 625 2451 708 870 2452 707 871 2453 552 628 2454 581 711 2455 554 630 2456 660 654 2457 506 597 2458 504 595 2459 544 622 2460 710 872 2461 709 815 2462 540 620 2463 710 872 2464 542 621 2465 712 873 2466 540 620 2467 538 618 2468 713 722 2469 538 618 2470 536 617 2471 993 874 2472 1024 679 2473 1023 821 2474 598 682 2475 599 685 2476 595 681 2477 708 870 2478 716 854 2479 707 871 2480 646 783 2481 639 657 2482 642 709 2483 610 844 2484 603 705 2485 606 875 2486 606 875 2487 599 685 2488 602 772 2489 709 815 2490 717 675 2491 708 870 2492 988 876 2493 1019 877 2494 1018 878 2495 679 816 2496 668 804 2497 678 692 2498 705 802 2499 715 855 2500 714 758 2501 659 665 2502 577 798 2503 724 759 2504 690 861 2505 675 879 2506 689 880 2507 930 847 2508 971 797 2509 970 817 2510 593 655 2511 591 735 2512 597 691 2513 613 776 2514 614 842 2515 610 844 2516 923 881 2517 912 649 2518 922 882 2519 729 652 2520 718 673 2521 719 653 2522 952 671 2523 993 874 2524 992 883 2525 824 884 2526 917 43 2527 927 45 2528 692 885 2529 679 816 2530 678 692 2531 625 828 2532 618 737 2533 621 886 2534 675 879 2535 688 833 2536 689 880 2537 604 707 2538 605 725 2539 601 690 2540 731 742 2541 653 789 2542 730 862 2543 692 885 2544 584 663 2545 585 664 2546 687 766 2547 569 641 2548 568 640 2549 729 652 2550 655 791 2551 728 860 2552 587 887 2553 662 667 2554 694 834 2555 688 833 2556 568 640 2557 567 639 2558 689 880 2559 567 639 2560 582 659 2561 628 756 2562 621 886 2563 624 748 2564 856 672 2565 951 888 2566 854 863 2567 632 194 2568 625 828 2569 628 756 2570 335 387 2571 198 889 2572 337 389 2573 555 524 2574 770 890 2575 553 629 2576 1333 891 2577 1328 891 2578 1338 891 2579 769 892 2580 549 506 2581 551 627 2582 1235 893 2583 1242 893 2584 1234 893 2585 345 189 2586 195 894 2587 194 895 2588 1171 896 2589 1165 896 2590 1172 896 2591 238 297 2592 191 527 2593 190 897 2594 1231 898 2595 1228 898 2596 1230 898 2597 503 594 2598 744 899 2599 501 592 2600 1256 900 2601 1260 900 2602 1255 900 2603 775 901 2604 561 533 2605 563 635 2606 1331 902 2607 1325 902 2608 1332 902 2609 46 20 2610 70 903 2611 44 68 2612 1218 904 2613 1210 904 2614 1211 904 2615 38 42 2616 66 547 2617 36 32 2618 1179 905 2619 1177 905 2620 1181 905 2621 495 586 2622 740 906 2623 493 584 2624 1212 907 2625 1210 907 2626 1205 907 2627 24 35 2628 59 908 2629 22 29 2630 1213 909 2631 1208 909 2632 1218 909 2633 50 910 2634 2 2 2635 4 1 2636 1336 911 2637 1340 911 2638 1335 911 2639 1291 912 2640 1285 912 2641 1292 912 2642 196 913 2643 339 391 2644 197 914 2645 743 915 2646 497 588 2647 499 590 2648 736 916 2649 483 576 2650 485 529 2651 1311 917 2652 1305 917 2653 1312 917 2654 755 544 2655 521 609 2656 523 545 2657 539 619 2658 762 918 2659 537 54 2660 347 187 2661 194 895 2662 193 919 2663 22 29 2664 58 920 2665 20 59 2666 735 921 2667 565 637 2668 483 576 2669 323 51 2670 206 922 2671 205 52 2672 214 274 2673 177 923 2674 212 272 2675 1296 924 2676 1301 924 2677 1299 924 2678 529 541 2679 757 925 2680 527 507 2681 1298 926 2682 1286 926 2683 1288 926 2684 776 927 2685 563 635 2686 565 637 2687 1274 928 2688 1280 928 2689 1282 928 2690 1317 929 2691 1322 929 2692 1321 929 2693 224 284 2694 182 930 2695 222 282 2696 777 931 2697 778 850 2698 779 932 2699 779 932 2700 778 850 2701 780 933 2702 779 932 2703 780 933 2704 781 934 2705 781 934 2706 780 933 2707 782 935 2708 781 934 2709 782 935 2710 783 936 2711 783 936 2712 782 935 2713 784 937 2714 783 936 2715 784 937 2716 785 938 2717 785 938 2718 784 937 2719 786 939 2720 785 938 2721 786 939 2722 787 940 2723 787 940 2724 786 939 2725 788 941 2726 787 940 2727 788 941 2728 789 942 2729 789 942 2730 788 941 2731 790 943 2732 789 942 2733 790 943 2734 791 944 2735 791 944 2736 790 943 2737 792 846 2738 791 944 2739 792 846 2740 793 945 2741 793 945 2742 792 846 2743 794 848 2744 793 945 2745 794 848 2746 795 946 2747 795 946 2748 794 848 2749 796 179 2750 795 946 2751 796 179 2752 797 947 2753 797 947 2754 796 179 2755 798 178 2756 797 947 2757 798 178 2758 799 266 2759 799 266 2760 798 178 2761 800 948 2762 799 266 2763 800 948 2764 801 267 2765 801 267 2766 800 948 2767 802 949 2768 801 267 2769 802 949 2770 803 950 2771 803 950 2772 802 949 2773 804 951 2774 803 950 2775 804 951 2776 805 952 2777 805 952 2778 804 951 2779 806 953 2780 805 952 2781 806 953 2782 807 954 2783 807 954 2784 806 953 2785 808 650 2786 807 954 2787 808 650 2788 809 955 2789 809 955 2790 808 650 2791 810 175 2792 809 955 2793 810 175 2794 811 956 2795 811 956 2796 810 175 2797 812 957 2798 811 956 2799 812 957 2800 813 958 2801 813 958 2802 812 957 2803 814 959 2804 813 958 2805 814 959 2806 815 960 2807 815 960 2808 814 959 2809 816 961 2810 815 960 2811 816 961 2812 817 215 2813 817 215 2814 816 961 2815 818 214 2816 127 793 2817 169 962 2818 128 159 2819 277 337 2820 470 788 2821 469 570 2822 790 943 2823 933 963 2824 932 964 2825 823 965 2826 824 884 2827 825 966 2828 985 967 2829 1014 968 2830 984 858 2831 1012 124 2832 872 969 2833 1011 970 2834 829 971 2835 828 866 2836 757 925 2837 829 971 2838 757 925 2839 758 972 2840 778 850 2841 777 931 2842 830 973 2843 830 973 2844 777 931 2845 831 211 2846 830 973 2847 831 211 2848 832 974 2849 832 974 2850 831 211 2851 833 975 2852 832 974 2853 833 975 2854 834 976 2855 834 976 2856 833 975 2857 835 977 2858 834 976 2859 835 977 2860 836 978 2861 836 978 2862 835 977 2863 837 979 2864 836 978 2865 837 979 2866 838 853 2867 838 853 2868 837 979 2869 839 980 2870 838 853 2871 839 980 2872 840 865 2873 840 865 2874 839 980 2875 841 981 2876 840 865 2877 841 981 2878 842 982 2879 842 982 2880 841 981 2881 843 983 2882 842 982 2883 843 983 2884 844 984 2885 844 984 2886 843 983 2887 845 985 2888 844 984 2889 845 985 2890 846 986 2891 846 986 2892 845 985 2893 847 987 2894 846 986 2895 847 987 2896 848 988 2897 848 988 2898 847 987 2899 849 989 2900 848 988 2901 849 989 2902 850 990 2903 850 990 2904 849 989 2905 851 991 2906 850 990 2907 851 991 2908 852 864 2909 852 864 2910 851 991 2911 853 992 2912 852 864 2913 853 992 2914 854 863 2915 854 863 2916 853 992 2917 855 993 2918 854 863 2919 855 993 2920 856 672 2921 856 672 2922 855 993 2923 857 994 2924 856 672 2925 857 994 2926 858 670 2927 858 670 2928 857 994 2929 859 210 2930 858 670 2931 859 210 2932 860 995 2933 860 995 2934 859 210 2935 861 212 2936 860 995 2937 861 212 2938 862 996 2939 862 996 2940 861 212 2941 863 265 2942 862 996 2943 863 265 2944 864 997 2945 864 997 2946 863 265 2947 865 313 2948 864 997 2949 865 313 2950 866 312 2951 142 998 2952 155 164 2953 154 185 2954 737 528 2955 868 999 2956 736 916 2957 736 916 2958 868 999 2959 869 1000 2960 736 916 2961 869 1000 2962 735 921 2963 735 921 2964 869 1000 2965 870 868 2966 735 921 2967 870 868 2968 776 927 2969 776 927 2970 870 868 2971 871 1001 2972 776 927 2973 871 1001 2974 775 901 2975 775 901 2976 871 1001 2977 872 969 2978 775 901 2979 872 969 2980 774 531 2981 774 531 2982 872 969 2983 873 126 2984 774 531 2985 873 126 2986 773 1002 2987 773 1002 2988 873 126 2989 874 125 2990 773 1002 2991 874 125 2992 772 523 2993 772 523 2994 874 125 2995 875 715 2996 772 523 2997 875 715 2998 771 1003 2999 771 1003 3000 875 715 3001 876 1004 3002 771 1003 3003 876 1004 3004 770 890 3005 770 890 3006 876 1004 3007 877 1005 3008 770 890 3009 877 1005 3010 769 892 3011 769 892 3012 877 1005 3013 878 1006 3014 769 892 3015 878 1006 3016 768 504 3017 768 504 3018 878 1006 3019 879 1007 3020 768 504 3021 879 1007 3022 767 1008 3023 767 1008 3024 879 1007 3025 880 1009 3026 767 1008 3027 880 1009 3028 766 1010 3029 766 1010 3030 880 1009 3031 881 808 3032 766 1010 3033 881 808 3034 765 499 3035 765 499 3036 881 808 3037 882 807 3038 765 499 3039 882 807 3040 764 1011 3041 764 1011 3042 882 807 3043 883 822 3044 764 1011 3045 883 822 3046 763 1012 3047 763 1012 3048 883 822 3049 884 1013 3050 763 1012 3051 884 1013 3052 762 918 3053 762 918 3054 884 1013 3055 885 1014 3056 762 918 3057 885 1014 3058 761 55 3059 761 55 3060 885 1014 3061 886 1015 3062 761 55 3063 886 1015 3064 760 81 3065 760 81 3066 886 1015 3067 887 1016 3068 760 81 3069 887 1016 3070 759 540 3071 759 540 3072 887 1016 3073 888 1017 3074 759 540 3075 888 1017 3076 758 972 3077 758 972 3078 888 1017 3079 829 971 3080 868 999 3081 737 528 3082 889 1018 3083 889 1018 3084 737 528 3085 738 1019 3086 889 1018 3087 738 1019 3088 890 1020 3089 890 1020 3090 738 1019 3091 739 1021 3092 890 1020 3093 739 1021 3094 891 763 3095 891 763 3096 739 1021 3097 740 906 3098 891 763 3099 740 906 3100 892 764 3101 892 764 3102 740 906 3103 741 1022 3104 892 764 3105 741 1022 3106 893 1023 3107 893 1023 3108 741 1022 3109 742 1024 3110 893 1023 3111 742 1024 3112 894 1025 3113 894 1025 3114 742 1024 3115 743 915 3116 894 1025 3117 743 915 3118 895 732 3119 895 732 3120 743 915 3121 744 899 3122 895 732 3123 744 899 3124 896 140 3125 896 140 3126 744 899 3127 745 1026 3128 896 140 3129 745 1026 3130 897 141 3131 897 141 3132 745 1026 3133 746 1027 3134 897 141 3135 746 1027 3136 898 809 3137 898 809 3138 746 1027 3139 747 1028 3140 898 809 3141 747 1028 3142 899 1029 3143 899 1029 3144 747 1028 3145 748 1030 3146 899 1029 3147 748 1030 3148 900 1031 3149 900 1031 3150 748 1030 3151 749 537 3152 900 1031 3153 749 537 3154 901 1032 3155 901 1032 3156 749 537 3157 750 1033 3158 901 1032 3159 750 1033 3160 902 1034 3161 902 1034 3162 750 1033 3163 751 1035 3164 902 1034 3165 751 1035 3166 903 826 3167 903 826 3168 751 1035 3169 752 1036 3170 903 826 3171 752 1036 3172 904 827 3173 904 827 3174 752 1036 3175 753 521 3176 904 827 3177 753 521 3178 905 1037 3179 905 1037 3180 753 521 3181 754 520 3182 905 1037 3183 754 520 3184 906 1038 3185 906 1038 3186 754 520 3187 755 544 3188 906 1038 3189 755 544 3190 907 867 3191 907 867 3192 755 544 3193 756 508 3194 907 867 3195 756 508 3196 828 866 3197 828 866 3198 756 508 3199 757 925 3200 798 178 3201 908 1039 3202 800 948 3203 950 777 3204 850 990 3205 852 864 3206 842 982 3207 946 678 3208 945 857 3209 616 734 3210 609 724 3211 612 723 3212 586 166 3213 692 885 3214 585 664 3215 858 670 3216 954 1040 3217 953 1041 3218 864 997 3219 957 1042 3220 956 726 3221 658 688 3222 724 759 3223 725 689 3224 832 974 3225 939 851 3226 830 973 3227 917 43 3228 816 961 3229 916 1043 3230 951 888 3231 992 883 3232 991 778 3233 949 1044 3234 990 779 3235 989 1045 3236 925 1046 3237 916 1043 3238 915 1047 3239 908 1039 3240 968 1048 3241 918 841 3242 578 712 3243 577 798 3244 576 800 3245 954 1040 3246 993 874 3247 953 1041 3248 957 1042 3249 996 1049 3250 956 726 3251 942 1050 3252 983 700 3253 982 811 3254 721 859 3255 732 740 3256 731 742 3257 621 886 3258 614 842 3259 617 1051 3260 788 941 3261 934 831 3262 933 963 3263 838 853 3264 942 1050 3265 836 978 3266 821 95 3267 957 1042 3268 866 312 3269 648 784 3270 641 736 3271 644 648 3272 574 799 3273 704 829 3274 576 800 3275 821 95 3276 822 1052 3277 823 965 3278 784 937 3279 936 17 3280 935 19 3281 834 976 3282 940 1053 3283 832 974 3284 910 1054 3285 806 953 3286 804 951 3287 780 933 3288 936 17 3289 782 935 3290 916 1043 3291 814 959 3292 915 1047 3293 700 1055 3294 570 642 3295 569 641 3296 411 487 3297 380 453 3298 379 451 3299 786 939 3300 935 19 3301 934 831 3302 908 1039 3303 802 949 3304 800 948 3305 778 850 3306 937 1056 3307 780 933 3308 836 978 3309 941 856 3310 834 976 3311 917 43 3312 820 1057 3313 818 214 3314 432 449 3315 440 486 3316 439 491 3317 910 1054 3318 802 949 3319 909 1058 3320 846 986 3321 948 1059 3322 947 676 3323 641 736 3324 640 647 3325 644 648 3326 620 739 3327 621 886 3328 617 1051 3329 794 848 3330 929 177 3331 796 179 3332 911 1060 3333 808 650 3334 806 953 3335 790 943 3336 931 795 3337 792 846 3338 862 996 3339 956 726 3340 955 727 3341 915 1047 3342 812 957 3343 914 174 3344 846 986 3345 946 678 3346 844 984 3347 860 995 3348 955 727 3349 954 1040 3350 850 990 3351 948 1059 3352 848 988 3353 959 1061 3354 918 841 3355 958 810 3356 986 677 3357 1017 1062 3358 1016 1063 3359 972 796 3360 1003 762 3361 1002 1064 3362 1022 823 3363 991 778 3364 992 883 3365 992 883 3366 1023 821 3367 1022 823 3368 712 873 3369 722 743 3370 721 859 3371 716 854 3372 706 695 3373 707 871 3374 974 830 3375 1005 1065 3376 1004 1066 3377 969 818 3378 998 139 3379 968 1048 3380 301 357 3381 454 696 3382 303 359 3383 978 240 3384 937 1056 3385 938 852 3386 714 758 3387 577 798 3388 579 820 3389 946 678 3390 985 967 3391 945 857 3392 957 1042 3393 825 966 3394 997 1067 3395 695 765 3396 701 717 3397 700 1055 3398 933 963 3399 972 796 3400 932 964 3401 727 674 3402 716 854 3403 717 675 3404 702 749 3405 696 730 3406 697 729 3407 980 812 3408 939 851 3409 940 1053 3410 939 851 3411 978 240 3412 938 852 3413 919 1068 3414 908 1039 3415 918 841 3416 936 17 3417 977 242 3418 976 1069 3419 924 1070 3420 915 1047 3421 914 174 3422 699 719 3423 703 782 3424 698 750 3425 934 831 3426 973 1071 3427 933 963 3428 313 365 3429 447 660 3430 315 367 3431 691 849 3432 678 692 3433 677 694 3434 929 177 3435 970 817 3436 969 818 3437 921 1072 3438 910 1054 3439 920 1073 3440 920 1073 3441 909 1058 3442 919 1068 3443 948 1059 3444 987 1074 3445 947 676 3446 948 1059 3447 989 1045 3448 988 876 3449 662 667 3450 680 819 3451 694 834 3452 691 849 3453 676 1075 3454 690 861 3455 922 882 3456 911 1060 3457 921 1072 3458 609 724 3459 610 844 3460 606 875 3461 301 1076 3462 456 1076 3463 455 1076 3464 928 1077 3465 969 818 3466 968 1048 3467 940 1053 3468 981 837 3469 980 812 3470 955 727 3471 994 680 3472 954 1040 3473 923 881 3474 914 174 3475 913 176 3476 1017 1062 3477 879 1007 3478 878 1006 3479 1009 813 3480 871 1001 3481 870 868 3482 901 1032 3483 960 1078 3484 900 1031 3485 1001 1079 3486 895 732 3487 1000 1080 3488 670 801 3489 496 587 3490 669 805 3491 1024 679 3492 884 1013 3493 1023 821 3494 898 809 3495 959 1061 3496 958 810 3497 1026 254 3498 886 1015 3499 1025 255 3500 1027 1081 3501 887 1016 3502 1026 254 3503 827 1082 3504 888 1017 3505 1027 1081 3506 677 694 3507 666 824 3508 676 1075 3509 313 365 3510 449 555 3511 448 662 3512 985 967 3513 1016 1063 3514 1015 1083 3515 970 817 3516 1001 1079 3517 1000 1080 3518 974 830 3519 1003 762 3520 973 1071 3521 711 1084 3522 721 859 3523 720 651 3524 990 779 3525 1019 877 3526 989 1045 3527 991 778 3528 1020 806 3529 990 779 3530 996 1049 3531 1027 1081 3532 1026 254 3533 979 814 3534 1008 869 3535 978 240 3536 962 1085 3537 921 1072 3538 961 1086 3539 827 1082 3540 997 1067 3541 825 966 3542 971 797 3543 1002 1064 3544 1001 1079 3545 675 879 3546 666 824 3547 665 769 3548 975 18 3549 1006 1087 3550 1005 1065 3551 635 658 3552 634 767 3553 638 780 3554 984 858 3555 1013 714 3556 983 700 3557 674 832 3558 663 746 3559 673 761 3560 960 1078 3561 921 1072 3562 920 1073 3563 615 683 3564 614 842 3565 618 737 3566 988 876 3567 1017 1062 3568 987 1074 3569 964 825 3570 923 881 3571 963 1088 3572 959 1061 3573 920 1073 3574 919 1068 3575 825 966 3576 826 839 3577 827 1082 3578 710 872 3579 720 651 3580 719 653 3581 963 1088 3582 922 882 3583 962 1085 3584 686 720 3585 698 750 3586 685 781 3587 925 1046 3588 964 825 3589 965 1089 3590 966 1090 3591 925 1046 3592 965 1089 3593 967 840 3594 926 44 3595 966 1090 3596 1007 241 3597 976 1069 3598 977 242 3599 902 1034 3600 963 1088 3601 962 1085 3602 603 705 3603 510 600 3604 599 685 3605 1072 1091 3606 1059 1092 3607 1071 1093 3608 827 1082 3609 828 866 3610 829 971 3611 546 624 3612 709 815 3613 708 870 3614 1006 1087 3615 890 1020 3616 1005 1065 3617 556 631 3618 581 711 3619 580 713 3620 607 843 3621 516 605 3622 514 603 3623 667 693 3624 494 585 3625 492 583 3626 1006 1087 3627 868 999 3628 889 1018 3629 623 752 3630 520 608 3631 619 738 3632 490 581 3633 665 769 3634 666 824 3635 1003 762 3636 893 1023 3637 1002 1064 3638 556 631 3639 686 720 3640 558 632 3641 1057 1094 3642 1044 1095 3643 1056 1096 3644 869 1000 3645 1007 241 3646 1008 869 3647 901 1032 3648 962 1085 3649 961 1086 3650 1014 968 3651 876 1004 3652 875 715 3653 1022 823 3654 882 807 3655 1021 1097 3656 1017 1062 3657 877 1005 3658 1016 1063 3659 1005 1065 3660 891 763 3661 1004 1066 3662 1019 877 3663 879 1007 3664 1018 878 3665 900 1031 3666 959 1061 3667 899 1029 3668 1016 1063 3669 876 1004 3670 1015 1083 3671 1010 838 3672 872 969 3673 871 1001 3674 1002 1064 3675 894 1025 3676 1001 1079 3677 1019 877 3678 881 808 3679 880 1009 3680 905 1037 3681 964 825 3682 904 827 3683 905 1037 3684 966 1090 3685 965 1089 3686 906 1038 3687 967 840 3688 966 1090 3689 1024 679 3690 886 1015 3691 885 1014 3692 777 931 3693 779 932 3694 861 212 3695 861 212 3696 779 932 3697 781 934 3698 861 212 3699 781 934 3700 783 936 3701 783 936 3702 785 938 3703 861 212 3704 861 212 3705 785 938 3706 787 940 3707 861 212 3708 787 940 3709 789 942 3710 789 942 3711 791 944 3712 861 212 3713 861 212 3714 791 944 3715 793 945 3716 861 212 3717 793 945 3718 795 946 3719 795 946 3720 797 947 3721 861 212 3722 861 212 3723 797 947 3724 799 266 3725 833 218 3726 859 218 3727 835 218 3728 863 265 3729 801 267 3730 803 950 3731 863 218 3732 803 218 3733 805 218 3734 805 218 3735 807 218 3736 863 218 3737 863 218 3738 807 218 3739 809 218 3740 863 218 3741 809 218 3742 811 218 3743 811 218 3744 813 218 3745 863 218 3746 863 218 3747 813 218 3748 815 218 3749 863 265 3750 815 960 3751 865 313 3752 865 313 3753 815 960 3754 817 215 3755 865 313 3756 817 215 3757 867 96 3758 867 96 3759 817 215 3760 819 94 3761 476 554 3762 658 688 3763 475 573 3764 241 300 3765 242 1098 3766 240 299 3767 835 218 3768 859 218 3769 837 218 3770 837 218 3771 859 218 3772 857 218 3773 837 218 3774 857 218 3775 839 218 3776 839 218 3777 857 218 3778 855 218 3779 839 218 3780 855 218 3781 841 218 3782 841 218 3783 855 218 3784 853 218 3785 841 218 3786 853 218 3787 843 218 3788 843 218 3789 853 218 3790 851 218 3791 843 218 3792 851 218 3793 845 218 3794 845 218 3795 851 218 3796 849 218 3797 845 218 3798 849 218 3799 847 218 3800 831 211 3801 777 931 3802 861 212 3803 1028 1099 3804 1029 1099 3805 1030 1099 3806 1119 1100 3807 1121 1100 3808 1120 1100 3809 1029 84 3810 1028 84 3811 1033 84 3812 1033 84 3813 1028 84 3814 1034 84 3815 1034 84 3816 1028 84 3817 1035 84 3818 1029 84 3819 1036 84 3820 1032 84 3821 1032 1101 3822 1036 1101 3823 1037 1101 3824 1032 1102 3825 1037 1102 3826 1038 1102 3827 1030 522 3828 1039 522 3829 1028 522 3830 1028 522 3831 1039 522 3832 1035 522 3833 1031 1103 3834 1032 1103 3835 1040 1103 3836 1040 1103 3837 1032 1103 3838 1038 1103 3839 1035 1104 3840 1039 1105 3841 1034 1106 3842 1161 1107 3843 1154 1108 3844 1159 1109 3845 1033 1110 3846 1041 1111 3847 1029 1112 3848 1132 1113 3849 1119 1114 3850 1131 1115 3851 1036 1116 3852 1042 1117 3853 1037 1118 3854 1086 1119 3855 1079 1120 3856 1084 1121 3857 1039 218 3858 1030 218 3859 1041 218 3860 1091 1122 3861 1101 1122 3862 1090 1122 3863 1042 218 3864 1031 218 3865 1040 218 3866 1043 1123 3867 1044 1123 3868 1045 1123 3869 1029 1124 3870 1031 1124 3871 1030 1124 3872 1044 1125 3873 1043 1125 3874 1048 1125 3875 1048 1126 3876 1043 1126 3877 1049 1126 3878 1049 1127 3879 1043 1127 3880 1050 1127 3881 1044 1128 3882 1051 1128 3883 1047 1128 3884 1047 1129 3885 1051 1129 3886 1052 1129 3887 1047 84 3888 1052 84 3889 1053 84 3890 1045 1130 3891 1054 1130 3892 1043 1130 3893 1043 1131 3894 1054 1131 3895 1050 1131 3896 1046 1132 3897 1047 1132 3898 1055 1132 3899 1055 1133 3900 1047 1133 3901 1053 1133 3902 1050 1134 3903 1054 1135 3904 1049 1136 3905 1131 1115 3906 1124 1137 3907 1129 1138 3908 1048 1139 3909 1056 1096 3910 1044 1095 3911 1117 1140 3912 1104 1141 3913 1116 1142 3914 1051 1143 3915 1057 1094 3916 1052 1144 3917 1116 1142 3918 1109 1145 3919 1114 1146 3920 1054 218 3921 1045 218 3922 1056 218 3923 122 1147 3924 174 1148 3925 123 548 3926 1057 218 3927 1046 218 3928 1055 218 3929 1058 1149 3930 1059 1149 3931 1060 1149 3932 1089 1150 3933 1091 1150 3934 1090 1150 3935 1059 1151 3936 1058 1151 3937 1063 1151 3938 1063 84 3939 1058 84 3940 1064 84 3941 1064 1152 3942 1058 1152 3943 1065 1152 3944 1059 1153 3945 1066 1153 3946 1062 1153 3947 1062 1154 3948 1066 1154 3949 1067 1154 3950 1062 84 3951 1067 84 3952 1068 84 3953 1060 1155 3954 1069 1155 3955 1058 1155 3956 1058 1156 3957 1069 1156 3958 1065 1156 3959 1061 1157 3960 1062 1157 3961 1070 1157 3962 1070 1158 3963 1062 1158 3964 1068 1158 3965 1065 1159 3966 1069 1160 3967 1064 1161 3968 1041 1111 3969 1034 1106 3970 1039 1105 3971 1063 1162 3972 1071 1093 3973 1059 1092 3974 1147 1163 3975 1134 1164 3976 1146 1165 3977 1066 1166 3978 1072 1091 3979 1067 1167 3980 1085 1168 3981 1082 1169 3982 1087 1170 3983 1069 218 3984 1060 218 3985 1071 218 3986 1046 218 3987 1056 218 3988 1045 218 3989 1072 1171 3990 1061 1171 3991 1070 1171 3992 1073 1172 3993 1074 1172 3994 1075 1172 3995 1149 1173 3996 1151 1173 3997 1150 1173 3998 1074 84 3999 1073 84 4000 1078 84 4001 1078 1174 4002 1073 1174 4003 1079 1174 4004 1079 1175 4005 1073 1175 4006 1080 1175 4007 1074 1176 4008 1081 1176 4009 1077 1176 4010 1077 84 4011 1081 84 4012 1082 84 4013 1077 84 4014 1082 84 4015 1083 84 4016 1075 1177 4017 1084 1177 4018 1073 1177 4019 1073 1178 4020 1084 1178 4021 1080 1178 4022 1076 1179 4023 1077 1179 4024 1085 1179 4025 1085 1180 4026 1077 1180 4027 1083 1180 4028 1080 1181 4029 1084 1121 4030 1079 1120 4031 1146 1165 4032 1139 1182 4033 1144 1183 4034 1078 1184 4035 1086 1119 4036 1074 1185 4037 1087 1170 4038 1074 1185 4039 1086 1119 4040 1081 1186 4041 1087 1170 4042 1082 1169 4043 1160 1187 4044 1157 1188 4045 1162 1189 4046 1084 218 4047 1075 218 4048 1086 218 4049 1106 218 4050 1116 218 4051 1105 218 4052 1087 218 4053 1076 218 4054 1085 218 4055 1088 1190 4056 1089 1190 4057 1090 1190 4058 377 473 4059 353 415 4060 352 414 4061 1089 84 4062 1088 84 4063 1093 84 4064 1093 1191 4065 1088 1191 4066 1094 1191 4067 1094 1192 4068 1088 1192 4069 1095 1192 4070 1089 1193 4071 1096 1193 4072 1092 1193 4073 1092 84 4074 1096 84 4075 1097 84 4076 1092 1194 4077 1097 1194 4078 1098 1194 4079 1090 1195 4080 1099 1195 4081 1088 1195 4082 1088 1196 4083 1099 1196 4084 1095 1196 4085 1091 1197 4086 1092 1197 4087 1100 1197 4088 1100 1198 4089 1092 1198 4090 1098 1198 4091 1095 1199 4092 1099 1200 4093 1094 1201 4094 237 296 4095 369 440 4096 370 422 4097 1093 1202 4098 1101 1203 4099 1089 1204 4100 1162 1189 4101 1149 1205 4102 1161 1107 4103 1096 1206 4104 1102 1207 4105 1097 1208 4106 1100 1209 4107 1097 1208 4108 1102 1207 4109 1099 218 4110 1090 218 4111 1101 218 4112 1061 218 4113 1071 218 4114 1060 218 4115 1102 218 4116 1091 218 4117 1100 218 4118 1103 1210 4119 1104 1210 4120 1105 1210 4121 1104 1211 4122 1106 1211 4123 1105 1211 4124 1104 1212 4125 1103 1212 4126 1108 1212 4127 1108 84 4128 1103 84 4129 1109 84 4130 1109 1213 4131 1103 1213 4132 1110 1213 4133 1104 1214 4134 1111 1214 4135 1107 1214 4136 1107 84 4137 1111 84 4138 1112 84 4139 1107 84 4140 1112 84 4141 1113 84 4142 1105 1215 4143 1114 1215 4144 1103 1215 4145 1103 1216 4146 1114 1216 4147 1110 1216 4148 1106 1217 4149 1107 1217 4150 1115 1217 4151 1115 1218 4152 1107 1218 4153 1113 1218 4154 1110 1219 4155 1114 1146 4156 1109 1145 4157 1101 1203 4158 1094 1201 4159 1099 1200 4160 1108 1220 4161 1116 1142 4162 1104 1141 4163 1070 1221 4164 1067 1167 4165 1072 1091 4166 1111 1222 4167 1117 1140 4168 1112 1223 4169 1145 1224 4170 1142 1225 4171 1147 1163 4172 1114 1226 4173 1105 1226 4174 1116 1226 4175 1151 1227 4176 1161 1227 4177 1150 1227 4178 1117 218 4179 1106 218 4180 1115 218 4181 1118 1228 4182 1119 1228 4183 1120 1228 4184 391 443 4185 365 417 4186 390 477 4187 1119 84 4188 1118 84 4189 1123 84 4190 1123 1229 4191 1118 1229 4192 1124 1229 4193 1124 1230 4194 1118 1230 4195 1125 1230 4196 1119 84 4197 1126 84 4198 1122 84 4199 1122 84 4200 1126 84 4201 1127 84 4202 1122 84 4203 1127 84 4204 1128 84 4205 1120 1231 4206 1129 1231 4207 1118 1231 4208 1118 1232 4209 1129 1232 4210 1125 1232 4211 1121 1233 4212 1122 1233 4213 1130 1233 4214 1130 1234 4215 1122 1234 4216 1128 1234 4217 1125 1235 4218 1129 1138 4219 1124 1137 4220 342 394 4221 401 448 4222 340 392 4223 1123 1236 4224 1131 1115 4225 1119 1114 4226 1055 1237 4227 1052 1144 4228 1057 1094 4229 1126 1238 4230 1132 1113 4231 1127 1239 4232 1040 1240 4233 1037 1118 4234 1042 1117 4235 1129 1241 4236 1120 1241 4237 1131 1241 4238 1136 1242 4239 1146 1242 4240 1135 1242 4241 1132 218 4242 1121 218 4243 1130 218 4244 1133 1243 4245 1134 1243 4246 1135 1243 4247 1074 1244 4248 1076 1244 4249 1075 1244 4250 1134 1245 4251 1133 1245 4252 1138 1245 4253 1138 1246 4254 1133 1246 4255 1139 1246 4256 1139 1247 4257 1133 1247 4258 1140 1247 4259 1134 84 4260 1141 84 4261 1137 84 4262 1137 84 4263 1141 84 4264 1142 84 4265 1137 1248 4266 1142 1248 4267 1143 1248 4268 1135 1249 4269 1144 1249 4270 1133 1249 4271 1133 1250 4272 1144 1250 4273 1140 1250 4274 1136 1251 4275 1137 1251 4276 1145 1251 4277 1145 1252 4278 1137 1252 4279 1143 1252 4280 1140 1253 4281 1144 1183 4282 1139 1182 4283 1071 1093 4284 1064 1161 4285 1069 1160 4286 1138 1254 4287 1146 1165 4288 1134 1164 4289 1042 1117 4290 1029 1112 4291 1041 1111 4292 1141 1255 4293 1147 1163 4294 1142 1225 4295 1130 1256 4296 1127 1239 4297 1132 1113 4298 1144 218 4299 1135 218 4300 1146 218 4301 1031 218 4302 1041 218 4303 1030 218 4304 1147 218 4305 1136 218 4306 1145 218 4307 1148 1257 4308 1149 1257 4309 1150 1257 4310 1134 1258 4311 1136 1258 4312 1135 1258 4313 1149 84 4314 1148 84 4315 1153 84 4316 1153 1259 4317 1148 1259 4318 1154 1259 4319 1154 1260 4320 1148 1260 4321 1155 1260 4322 1149 1261 4323 1156 1261 4324 1152 1261 4325 1152 1262 4326 1156 1262 4327 1157 1262 4328 1152 84 4329 1157 84 4330 1158 84 4331 1150 1263 4332 1159 1263 4333 1148 1263 4334 1148 1264 4335 1159 1264 4336 1155 1264 4337 1151 1265 4338 1152 1265 4339 1160 1265 4340 1160 1266 4341 1152 1266 4342 1158 1266 4343 1155 1267 4344 1159 1109 4345 1154 1108 4346 1056 1096 4347 1049 1136 4348 1054 1135 4349 1153 1268 4350 1161 1107 4351 1149 1205 4352 1102 1207 4353 1089 1204 4354 1101 1203 4355 1156 1269 4356 1162 1189 4357 1157 1188 4358 1115 1270 4359 1112 1223 4360 1117 1140 4361 1159 1271 4362 1150 1271 4363 1161 1271 4364 575 1272 4365 478 150 4366 574 799 4367 1162 218 4368 1151 218 4369 1160 218 4370 1310 1273 4371 1307 1273 4372 1309 1273 4373 1250 1274 4374 1247 1274 4375 1249 1274 4376 1186 1275 4377 1187 1275 4378 1188 1275 4379 1166 1276 4380 1163 1276 4381 1164 1276 4382 1235 1277 4383 1239 1277 4384 1240 1277 4385 553 629 4386 769 892 4387 551 627 4388 1174 1278 4389 1167 1278 4390 1175 1278 4391 1244 1279 4392 1255 1279 4393 1247 1279 4394 1176 1278 4395 1164 1278 4396 1177 1278 4397 1177 1280 4398 1164 1280 4399 1163 1280 4400 1177 84 4401 1163 84 4402 1174 84 4403 1174 84 4404 1163 84 4405 1169 84 4406 1174 1280 4407 1169 1280 4408 1167 1280 4409 321 374 4410 207 498 4411 206 922 4412 1174 49 4413 1181 49 4414 1177 49 4415 1339 1281 4416 1337 1281 4417 1341 1281 4418 1196 1282 4419 1200 1282 4420 1195 1282 4421 48 1283 4422 60 1283 4423 61 1283 4424 491 582 4425 738 1019 4426 489 580 4427 1173 1284 4428 1181 1284 4429 1172 1284 4430 1172 218 4431 1181 218 4432 1182 218 4433 1172 218 4434 1182 218 4435 1171 218 4436 1171 1285 4437 1182 1285 4438 1178 1285 4439 1178 1286 4440 1182 1286 4441 1180 1286 4442 1258 218 4443 1259 218 4444 1253 218 4445 1181 1287 4446 1173 1287 4447 1179 1287 4448 1267 1288 4449 1266 1288 4450 1264 1288 4451 1249 1289 4452 1245 1289 4453 1250 1289 4454 131 208 4455 165 205 4456 132 204 4457 1306 1290 4458 1307 1290 4459 1308 1290 4460 220 280 4461 182 930 4462 181 517 4463 1197 1291 4464 1199 1291 4465 1196 1291 4466 1194 1292 4467 1187 1292 4468 1195 1292 4469 75 84 4470 11 84 4471 9 84 4472 1196 1293 4473 1184 1293 4474 1197 1293 4475 1197 84 4476 1184 84 4477 1183 84 4478 1197 1294 4479 1183 1294 4480 1194 1294 4481 1194 1295 4482 1183 1295 4483 1189 1295 4484 1194 1296 4485 1189 1296 4486 1187 1296 4487 764 1011 4488 539 619 4489 541 500 4490 1198 1297 4491 1190 1297 4492 1191 1297 4493 1337 1298 4494 1342 1298 4495 1341 1298 4496 327 379 4497 204 50 4498 203 1299 4499 1176 896 4500 1180 896 4501 1175 896 4502 533 82 4503 759 540 4504 531 542 4505 1193 1300 4506 1201 1300 4507 1192 1300 4508 1192 1301 4509 1201 1301 4510 1202 1301 4511 1192 1302 4512 1202 1302 4513 1191 1302 4514 1191 1303 4515 1202 1303 4516 1198 1303 4517 1198 1304 4518 1202 1304 4519 1200 1304 4520 207 1305 4521 147 1305 4522 150 1305 4523 1201 218 4524 1193 218 4525 1199 218 4526 1204 1306 4527 1205 1306 4528 1203 1306 4529 1286 1307 4530 1283 1307 4531 1284 1307 4532 1209 1308 4533 1208 1308 4534 1207 1308 4535 1209 1309 4536 1205 1309 4537 1210 1309 4538 773 1002 4539 557 525 4540 559 532 4541 501 592 4542 743 915 4543 499 590 4544 1214 1310 4545 1207 1310 4546 1215 1310 4547 1216 84 4548 1207 84 4549 1204 84 4550 1216 1311 4551 1204 1311 4552 1217 1311 4553 1217 1312 4554 1204 1312 4555 1203 1312 4556 1217 1313 4557 1203 1313 4558 1214 1313 4559 1214 1314 4560 1203 1314 4561 1209 1314 4562 1214 84 4563 1209 84 4564 1207 84 4565 329 381 4566 201 1315 4567 331 383 4568 1276 1316 4569 1280 1316 4570 1275 1316 4571 1273 1317 4572 1265 1317 4573 1266 1317 4574 1217 1318 4575 1219 1318 4576 1216 1318 4577 1257 1319 4578 1259 1319 4579 1256 1319 4580 1300 1320 4581 1296 1320 4582 1299 1320 4583 1213 1321 4584 1221 1321 4585 1212 1321 4586 1212 218 4587 1221 218 4588 1222 218 4589 1212 218 4590 1222 218 4591 1211 218 4592 1211 218 4593 1222 218 4594 1218 218 4595 1218 218 4596 1222 218 4597 1220 218 4598 1339 218 4599 1338 218 4600 1340 218 4601 1221 218 4602 1213 218 4603 1219 218 4604 1269 1322 4605 1268 1322 4606 1267 1322 4607 1228 1323 4608 1224 1323 4609 1227 1323 4610 1163 1324 4611 1170 1324 4612 1169 1324 4613 1229 1325 4614 1225 1325 4615 1230 1325 4616 1173 1103 4617 1165 1103 4618 1166 1103 4619 1216 1326 4620 1220 1326 4621 1215 1326 4622 1234 84 4623 1227 84 4624 1235 84 4625 204 1327 4626 153 1327 4627 203 1327 4628 1236 84 4629 1224 84 4630 1237 84 4631 1237 1328 4632 1224 1328 4633 1223 1328 4634 1237 84 4635 1223 84 4636 1234 84 4637 1234 84 4638 1223 84 4639 1229 84 4640 1234 84 4641 1229 84 4642 1227 84 4643 1231 1329 4644 1225 1329 4645 1232 1329 4646 748 1030 4647 507 598 4648 509 538 4649 1233 1330 4650 1228 1330 4651 1238 1330 4652 1335 1331 4653 1342 1331 4654 1334 1331 4655 1214 1332 4656 1221 1332 4657 1217 1332 4658 1236 1333 4659 1241 1333 4660 1239 1333 4661 1233 1334 4662 1241 1334 4663 1232 1334 4664 1232 218 4665 1241 218 4666 1242 218 4667 1232 1335 4668 1242 1335 4669 1231 1335 4670 1231 218 4671 1242 218 4672 1238 218 4673 1238 1336 4674 1242 1336 4675 1240 1336 4676 1193 1337 4677 1200 1337 4678 1199 1337 4679 1241 1338 4680 1233 1338 4681 1239 1338 4682 1246 1339 4683 1243 1339 4684 1244 1339 4685 1248 1340 4686 1244 1340 4687 1247 1340 4688 1326 1341 4689 1323 1341 4690 1324 1341 4691 1228 1342 4692 1229 1342 4693 1230 1342 4694 1234 1343 4695 1241 1343 4696 1237 1343 4697 747 1028 4698 505 596 4699 507 598 4700 1254 84 4701 1247 84 4702 1255 84 4703 1196 1344 4704 1187 1344 4705 1184 1344 4706 1256 1345 4707 1244 1345 4708 1257 1345 4709 1257 84 4710 1244 84 4711 1243 84 4712 1257 1346 4713 1243 1346 4714 1254 1346 4715 1254 84 4716 1243 84 4717 1249 84 4718 1254 1347 4719 1249 1347 4720 1247 1347 4721 1251 1348 4722 1245 1348 4723 1252 1348 4724 746 1027 4725 503 594 4726 505 596 4727 1253 1349 4728 1248 1349 4729 1258 1349 4730 1258 1350 4731 1250 1350 4732 1251 1350 4733 195 894 4734 341 393 4735 196 913 4736 1253 1351 4737 1245 1351 4738 1246 1351 4739 1253 1352 4740 1261 1352 4741 1252 1352 4742 1252 1353 4743 1261 1353 4744 1262 1353 4745 1252 218 4746 1262 218 4747 1251 218 4748 1251 218 4749 1262 218 4750 1258 218 4751 1258 218 4752 1262 218 4753 1260 218 4754 1293 1354 4755 1300 1354 4756 1299 1354 4757 1261 1355 4758 1253 1355 4759 1259 1355 4760 1306 1356 4761 1303 1356 4762 1304 1356 4763 1270 1357 4764 1263 1357 4765 1265 1357 4766 1189 1358 4767 1185 1358 4768 1190 1358 4769 1328 1359 4770 1324 1359 4771 1327 1359 4772 515 604 4773 750 1033 4774 513 602 4775 48 1360 4776 46 20 4777 0 3 4778 1274 1361 4779 1267 1361 4780 1275 1361 4781 1315 1362 4782 1304 1362 4783 1316 1362 4784 1276 84 4785 1264 84 4786 1277 84 4787 1277 1363 4788 1264 1363 4789 1263 1363 4790 1277 1364 4791 1263 1364 4792 1274 1364 4793 1274 84 4794 1263 84 4795 1269 84 4796 1274 84 4797 1269 84 4798 1267 84 4799 750 1033 4800 511 539 4801 513 602 4802 1232 1365 4803 1226 1365 4804 1233 1365 4805 1192 1366 4806 1186 1366 4807 1193 1366 4808 6 5 4809 52 1367 4810 51 1368 4811 53 1369 4812 8 1370 4813 10 11 4814 51 1368 4815 4 1 4816 6 5 4817 1273 1371 4818 1281 1371 4819 1272 1371 4820 1272 1372 4821 1281 1372 4822 1282 1372 4823 1272 218 4824 1282 218 4825 1271 218 4826 1271 1373 4827 1282 1373 4828 1278 1373 4829 1278 218 4830 1282 218 4831 1280 218 4832 1273 1374 4833 1280 1374 4834 1279 1374 4835 1281 218 4836 1273 218 4837 1279 218 4838 1303 1375 4839 1310 1375 4840 1309 1375 4841 1189 1376 4842 1188 1376 4843 1187 1376 4844 1208 1377 4845 1204 1377 4846 1207 1377 4847 1283 1378 4848 1290 1378 4849 1289 1378 4850 515 604 4851 752 1036 4852 751 1035 4853 738 1019 4854 487 530 4855 489 580 4856 1294 1379 4857 1287 1379 4858 1295 1379 4859 1284 84 4860 1295 84 4861 1287 84 4862 1296 1380 4863 1284 1380 4864 1297 1380 4865 1297 84 4866 1284 84 4867 1283 84 4868 1297 84 4869 1283 84 4870 1294 84 4871 1294 84 4872 1283 84 4873 1289 84 4874 1294 1381 4875 1289 1381 4876 1287 1381 4877 497 588 4878 741 1022 4879 495 586 4880 517 606 4881 753 521 4882 752 1036 4883 1332 1382 4884 1326 1382 4885 1333 1382 4886 339 391 4887 198 889 4888 197 914 4889 1313 1383 4890 1308 1383 4891 1318 1383 4892 331 383 4893 200 1384 4894 333 385 4895 1293 1385 4896 1301 1385 4897 1292 1385 4898 1292 218 4899 1301 218 4900 1302 218 4901 1292 218 4902 1302 218 4903 1291 218 4904 1291 218 4905 1302 218 4906 1298 218 4907 1298 218 4908 1302 218 4909 1300 218 4910 178 1386 4911 149 1386 4912 177 1386 4913 1301 1387 4914 1293 1387 4915 1299 1387 4916 1330 1388 4917 1323 1388 4918 1325 1388 4919 1169 1389 4920 1168 1389 4921 1167 1389 4922 1224 1390 4923 1225 1390 4924 1223 1390 4925 1290 1391 4926 1287 1391 4927 1289 1391 4928 236 295 4929 190 897 4930 189 1392 4931 234 293 4932 189 1392 4933 188 1393 4934 1314 1394 4935 1307 1394 4936 1315 1394 4937 1175 84 4938 1164 84 4939 1176 84 4940 1316 84 4941 1304 84 4942 1317 84 4943 1317 84 4944 1304 84 4945 1303 84 4946 1317 84 4947 1303 84 4948 1314 84 4949 1314 84 4950 1303 84 4951 1309 84 4952 1314 1395 4953 1309 1395 4954 1307 1395 4955 214 274 4956 179 1396 4957 178 1397 4958 218 278 4959 179 1396 4960 216 276 4961 493 584 4962 739 1021 4963 491 582 4964 766 1010 4965 543 501 4966 545 623 4967 49 1398 4968 0 3 4969 2 2 4970 210 270 4971 175 497 4972 208 268 4973 1313 218 4974 1321 218 4975 1312 218 4976 1312 218 4977 1321 218 4978 1322 218 4979 1312 218 4980 1322 218 4981 1311 218 4982 1311 1399 4983 1322 1399 4984 1318 1399 4985 1318 218 4986 1322 218 4987 1320 218 4988 1313 218 4989 1320 218 4990 1319 218 4991 1321 1400 4992 1313 1400 4993 1319 1400 4994 138 1401 4995 159 197 4996 158 191 4997 1264 1402 4998 1265 1402 4999 1263 1402 5000 1166 1403 5001 1167 1403 5002 1168 1403 5003 1287 1404 5004 1286 1404 5005 1284 1404 5006 1317 1405 5007 1319 1405 5008 1316 1405 5009 1277 1406 5010 1279 1406 5011 1276 1406 5012 1334 1407 5013 1327 1407 5014 1335 1407 5015 1324 84 5016 1335 84 5017 1327 84 5018 1336 1292 5019 1324 1292 5020 1337 1292 5021 1337 1408 5022 1324 1408 5023 1323 1408 5024 1337 1409 5025 1323 1409 5026 1334 1409 5027 1334 84 5028 1323 84 5029 1329 84 5030 1334 84 5031 1329 84 5032 1327 84 5033 329 381 5034 203 1299 5035 202 1410 5036 228 78 5037 184 510 5038 226 286 5039 767 1008 5040 545 623 5041 547 505 5042 192 526 5043 347 187 5044 193 919 5045 1316 1411 5046 1320 1411 5047 1315 1411 5048 1298 1412 5049 1290 1412 5050 1291 1412 5051 1333 1413 5052 1341 1413 5053 1332 1413 5054 1332 1414 5055 1341 1414 5056 1342 1414 5057 1332 1415 5058 1342 1415 5059 1331 1415 5060 1331 218 5061 1342 218 5062 1338 218 5063 1338 218 5064 1342 218 5065 1340 218 5066 1238 218 5067 1239 218 5068 1233 218 5069 1341 1416 5070 1333 1416 5071 1339 1416 5072 1254 1417 5073 1260 1417 5074 1262 1417 5075 317 369 5076 446 567 5077 445 559 5078 295 351 5079 459 558 5080 458 733 5081 335 387 5082 200 1384 5083 199 1418 5084 3 0 5085 5 6 5086 4 1 5087 3 0 5088 2 2 5089 0 3 5090 6 5 5091 4 1 5092 5 6 5093 33 8 5094 32 47 5095 30 9 5096 10 11 5097 8 1370 5098 9 12 5099 19 14 5100 18 37 5101 16 15 5102 9 12 5103 8 1370 5104 6 5 5105 936 17 5106 976 1069 5107 975 18 5108 46 20 5109 44 68 5110 45 21 5111 29 23 5112 31 10 5113 30 9 5114 15 25 5115 17 16 5116 16 15 5117 11 13 5118 13 46 5119 12 27 5120 25 28 5121 24 35 5122 22 29 5123 39 31 5124 38 42 5125 36 32 5126 27 34 5127 26 40 5128 24 35 5129 22 29 5130 20 59 5131 21 36 5132 21 36 5133 20 59 5134 18 37 5135 37 33 5136 36 32 5137 34 38 5138 27 34 5139 29 23 5140 28 24 5141 39 31 5142 41 222 5143 40 41 5144 917 43 5145 916 1043 5146 926 44 5147 15 25 5148 14 26 5149 12 27 5150 35 39 5151 34 38 5152 32 47 5153 1 4 5154 0 3 5155 46 20 5156 1274 1419 5157 1282 1419 5158 1281 1419 5159 1173 49 5160 1166 49 5161 1168 49 5162 204 50 5163 325 377 5164 323 51 5165 54 53 5166 53 1369 5167 10 11 5168 537 54 5169 762 918 5170 761 55 5171 16 15 5172 56 58 5173 55 57 5174 18 37 5175 57 60 5176 56 58 5177 20 59 5178 58 920 5179 57 60 5180 1278 1420 5181 1268 1420 5182 1270 1420 5183 1201 1421 5184 1197 1421 5185 1194 1421 5186 26 40 5187 61 64 5188 60 63 5189 28 24 5190 62 65 5191 61 64 5192 30 9 5193 63 1422 5194 62 65 5195 64 66 5196 63 1422 5197 30 9 5198 1193 67 5199 1186 67 5200 1188 67 5201 44 68 5202 70 903 5203 69 69 5204 42 70 5205 69 69 5206 68 71 5207 68 71 5208 67 1423 5209 38 42 5210 1273 1424 5211 1266 1424 5212 1268 1424 5213 32 47 5214 34 38 5215 65 73 5216 117 74 5217 92 106 5218 91 75 5219 1271 1425 5220 1270 1425 5221 1265 1425 5222 228 78 5223 230 289 5224 186 79 5225 535 56 5226 761 55 5227 760 81 5228 39 84 5229 37 84 5230 89 84 5231 33 84 5232 31 84 5233 86 84 5234 76 84 5235 77 84 5236 13 84 5237 45 84 5238 93 84 5239 94 84 5240 88 84 5241 89 84 5242 37 84 5243 255 86 5244 253 315 5245 444 87 5246 15 84 5247 13 84 5248 77 84 5249 95 84 5250 73 84 5251 3 84 5252 23 84 5253 82 84 5254 83 84 5255 87 1426 5256 88 1426 5257 35 1426 5258 9 84 5259 7 84 5260 74 84 5261 92 1427 5262 43 1427 5263 41 1427 5264 39 1428 5265 90 1428 5266 91 1428 5267 27 1429 5268 25 1429 5269 83 1429 5270 31 1430 5271 29 1430 5272 85 1430 5273 3 84 5274 73 84 5275 72 84 5276 21 84 5277 81 84 5278 82 84 5279 47 84 5280 94 84 5281 95 84 5282 93 84 5283 45 84 5284 43 84 5285 85 84 5286 29 84 5287 27 84 5288 819 94 5289 820 1057 5290 821 95 5291 80 84 5292 19 84 5293 17 84 5294 15 1431 5295 78 1431 5296 79 1431 5297 7 1432 5298 5 1432 5299 72 1432 5300 96 97 5301 97 101 5302 73 98 5303 98 100 5304 72 135 5305 73 98 5306 107 102 5307 108 127 5308 83 103 5309 118 105 5310 93 133 5311 92 106 5312 100 107 5313 101 144 5314 76 108 5315 113 110 5316 114 138 5317 89 111 5318 116 76 5319 91 75 5320 90 113 5321 102 115 5322 103 119 5323 78 116 5324 104 118 5325 79 262 5326 78 116 5327 107 102 5328 82 104 5329 81 120 5330 119 122 5331 96 97 5332 95 99 5333 1012 124 5334 1013 714 5335 874 125 5336 108 127 5337 109 130 5338 84 128 5339 110 129 5340 85 132 5341 84 128 5342 111 131 5343 86 143 5344 85 132 5345 118 105 5346 119 122 5347 94 123 5348 99 134 5349 74 1433 5350 72 135 5351 106 121 5352 81 120 5353 80 136 5354 114 138 5355 115 114 5356 90 113 5357 75 109 5358 74 1433 5359 99 134 5360 998 139 5361 999 731 5362 896 140 5363 88 112 5364 87 1434 5365 112 142 5366 112 142 5367 87 1434 5368 86 143 5369 101 144 5370 102 115 5371 77 117 5372 149 145 5373 122 1147 5374 121 146 5375 138 84 5376 139 84 5377 113 84 5378 128 1435 5379 129 1435 5380 104 1435 5381 573 149 5382 574 799 5383 478 150 5384 135 152 5385 136 200 5386 110 129 5387 125 84 5388 101 84 5389 100 84 5390 133 1436 5391 108 1436 5392 107 1436 5393 137 1437 5394 138 1437 5395 112 1437 5396 147 156 5397 148 147 5398 121 146 5399 122 84 5400 98 84 5401 97 84 5402 123 84 5403 99 84 5404 98 84 5405 145 1438 5406 146 1438 5407 119 1438 5408 128 159 5409 169 962 5410 168 160 5411 141 162 5412 140 397 5413 156 163 5414 451 165 5415 587 887 5416 586 166 5417 200 1439 5418 201 1439 5419 155 1439 5420 131 84 5421 106 84 5422 105 84 5423 140 1440 5424 114 1440 5425 113 1440 5426 187 84 5427 188 84 5428 166 84 5429 136 1441 5430 137 1441 5431 111 1441 5432 134 171 5433 109 130 5434 108 127 5435 144 154 5436 145 154 5437 118 154 5438 124 84 5439 100 84 5440 99 84 5441 146 1442 5442 120 1442 5443 96 1442 5444 914 174 5445 812 957 5446 810 175 5447 929 177 5448 928 1077 5449 798 178 5450 120 157 5451 146 246 5452 150 180 5453 1218 218 5454 1220 218 5455 1219 218 5456 275 84 5457 273 84 5458 471 84 5459 199 1443 5460 156 1443 5461 157 1443 5462 143 184 5463 142 998 5464 154 185 5465 143 84 5466 117 84 5467 116 84 5468 347 187 5469 244 229 5470 346 188 5471 139 190 5472 138 1401 5473 158 191 5474 463 193 5475 636 646 5476 632 194 5477 135 152 5478 109 130 5479 134 171 5480 130 206 5481 167 301 5482 166 207 5483 58 1444 5484 59 1444 5485 50 1444 5486 859 210 5487 833 975 5488 831 211 5489 126 84 5490 127 84 5491 102 84 5492 818 214 5493 820 1057 5494 819 94 5495 186 84 5496 187 84 5497 167 84 5498 458 84 5499 457 84 5500 297 84 5501 1178 218 5502 1180 218 5503 1179 218 5504 281 219 5505 467 566 5506 466 220 5507 175 84 5508 176 84 5509 148 84 5510 42 70 5511 40 41 5512 41 222 5513 287 224 5514 285 342 5515 464 225 5516 144 226 5517 143 184 5518 153 186 5519 347 187 5520 242 1098 5521 243 228 5522 181 1445 5523 182 1445 5524 171 1445 5525 182 84 5526 183 84 5527 170 84 5528 1276 84 5529 1275 84 5530 1267 84 5531 185 84 5532 168 84 5533 169 84 5534 127 84 5535 128 84 5536 103 84 5537 124 234 5538 173 549 5539 172 235 5540 426 237 5541 425 465 5542 308 238 5543 978 240 5544 1008 869 5545 1007 241 5546 191 1446 5547 163 1446 5548 164 1446 5549 192 84 5550 162 84 5551 163 84 5552 179 84 5553 173 84 5554 174 84 5555 146 246 5556 145 251 5557 151 247 5558 195 84 5559 196 84 5560 159 84 5561 197 84 5562 158 84 5563 159 84 5564 198 1447 5565 157 1447 5566 158 1447 5567 142 1448 5568 116 1448 5569 115 1448 5570 145 251 5571 144 226 5572 152 227 5573 201 1449 5574 202 1449 5575 154 1449 5576 995 253 5577 996 1049 5578 1026 254 5579 81 84 5580 21 84 5581 19 84 5582 62 84 5583 71 84 5584 48 84 5585 125 236 5586 172 235 5587 171 257 5588 305 259 5589 453 666 5590 452 260 5591 50 84 5592 59 84 5593 60 84 5594 105 137 5595 80 136 5596 79 262 5597 206 1450 5598 207 1450 5599 150 1450 5600 70 1451 5601 71 1451 5602 62 1451 5603 863 265 5604 861 212 5605 799 266 5606 129 161 5607 168 160 5608 167 301 5609 193 1452 5610 194 1452 5611 161 1452 5612 246 302 5613 244 229 5614 243 228 5615 246 302 5616 245 303 5617 247 304 5618 417 306 5619 418 463 5620 386 307 5621 278 309 5622 410 472 5623 409 310 5624 867 96 5625 821 95 5626 866 312 5627 140 397 5628 139 190 5629 157 192 5630 241 300 5631 239 298 5632 371 398 5633 330 382 5634 332 384 5635 348 400 5636 367 402 5637 368 441 5638 233 292 5639 362 403 5640 221 281 5641 219 279 5642 318 371 5643 320 373 5644 354 405 5645 209 269 5646 318 371 5647 355 406 5648 334 386 5649 398 423 5650 348 400 5651 358 408 5652 213 273 5653 211 271 5654 372 399 5655 245 303 5656 243 228 5657 244 229 5658 246 302 5659 404 410 5660 359 411 5661 215 275 5662 213 273 5663 346 188 5664 404 410 5665 403 412 5666 361 404 5667 219 279 5668 217 277 5669 349 401 5670 350 430 5671 328 380 5672 322 375 5673 324 376 5674 352 414 5675 363 416 5676 223 283 5677 221 281 5678 229 288 5679 227 287 5680 365 417 5681 351 419 5682 352 414 5683 324 376 5684 366 418 5685 367 402 5686 231 290 5687 338 390 5688 400 450 5689 399 420 5690 359 411 5691 360 413 5692 217 277 5693 344 396 5694 403 412 5695 402 421 5696 371 398 5697 239 298 5698 237 296 5699 320 373 5700 322 375 5701 353 415 5702 190 84 5703 164 84 5704 165 84 5705 398 423 5706 399 420 5707 431 424 5708 435 426 5709 434 482 5710 402 421 5711 177 84 5712 149 84 5713 148 84 5714 388 427 5715 389 438 5716 364 428 5717 386 307 5718 361 404 5719 360 413 5720 376 429 5721 351 419 5722 350 430 5723 248 305 5724 436 485 5725 404 410 5726 247 304 5727 245 303 5728 372 399 5729 396 433 5730 397 432 5731 372 399 5732 357 409 5733 356 407 5734 381 434 5735 375 431 5736 350 430 5737 349 401 5738 395 437 5739 396 433 5740 371 398 5741 389 438 5742 390 477 5743 365 417 5744 376 429 5745 377 473 5746 352 414 5747 393 439 5748 394 454 5749 369 440 5750 392 442 5751 367 402 5752 366 418 5753 384 444 5754 359 411 5755 358 408 5756 348 400 5757 398 423 5758 430 425 5759 374 436 5760 349 401 5761 348 400 5762 44 68 5763 42 70 5764 43 223 5765 363 416 5766 362 403 5767 387 447 5768 401 448 5769 433 484 5770 432 449 5771 379 451 5772 354 405 5773 353 415 5774 381 434 5775 356 407 5776 355 406 5777 394 454 5778 395 437 5779 370 422 5780 365 417 5781 227 287 5782 225 285 5783 340 392 5784 401 448 5785 400 450 5786 203 1453 5787 153 1453 5788 154 1453 5789 368 441 5790 369 440 5791 235 294 5792 211 271 5793 209 269 5794 356 407 5795 336 388 5796 399 420 5797 398 423 5798 350 430 5799 351 419 5800 326 378 5801 364 428 5802 225 285 5803 223 283 5804 422 456 5805 390 477 5806 389 438 5807 406 458 5808 407 475 5809 375 431 5810 385 308 5811 384 444 5812 416 459 5813 409 310 5814 377 473 5815 376 429 5816 428 461 5817 396 433 5818 395 437 5819 296 352 5820 419 480 5821 418 463 5822 432 449 5823 439 491 5824 438 464 5825 426 237 5826 394 454 5827 393 439 5828 382 435 5829 381 434 5830 413 466 5831 421 457 5832 389 438 5833 388 427 5834 384 444 5835 383 445 5836 415 469 5837 248 305 5838 247 304 5839 249 470 5840 410 472 5841 378 452 5842 377 473 5843 418 463 5844 419 480 5845 387 447 5846 429 474 5847 397 432 5848 396 433 5849 376 429 5850 375 431 5851 407 475 5852 430 425 5853 437 488 5854 405 476 5855 422 456 5856 423 478 5857 391 443 5858 423 478 5859 424 479 5860 392 442 5861 393 439 5862 392 442 5863 424 479 5864 420 468 5865 388 427 5866 387 447 5867 188 84 5868 189 84 5869 165 84 5870 435 426 5871 442 489 5872 441 481 5873 410 472 5874 411 487 5875 379 451 5876 381 434 5877 380 453 5878 412 483 5879 382 435 5880 383 445 5881 358 408 5882 402 421 5883 434 482 5884 433 484 5885 385 308 5886 360 413 5887 359 411 5888 387 447 5889 362 403 5890 361 404 5891 393 439 5892 368 441 5893 367 402 5894 432 449 5895 431 424 5896 399 420 5897 436 485 5898 435 426 5899 403 412 5900 380 453 5901 355 406 5902 354 405 5903 292 348 5904 417 306 5905 416 459 5906 440 486 5907 441 481 5908 258 319 5909 298 354 5910 420 468 5911 419 480 5912 428 461 5913 427 462 5914 312 364 5915 312 364 5916 427 462 5917 426 237 5918 250 471 5919 249 470 5920 251 370 5921 251 370 5922 249 470 5923 429 474 5924 415 469 5925 414 467 5926 286 343 5927 298 354 5928 300 356 5929 421 457 5930 282 340 5931 412 483 5932 411 487 5933 306 361 5934 308 238 5935 425 465 5936 414 467 5937 413 466 5938 284 341 5939 306 361 5940 424 479 5941 423 478 5942 409 310 5943 408 460 5944 274 335 5945 292 348 5946 294 350 5947 418 463 5948 266 327 5949 268 329 5950 405 476 5951 442 489 5952 443 490 5953 254 316 5954 270 331 5955 406 458 5956 405 476 5957 437 488 5958 438 464 5959 264 325 5960 272 333 5961 274 335 5962 408 460 5963 280 339 5964 411 487 5965 410 472 5966 252 314 5967 254 316 5968 443 490 5969 429 474 5970 428 461 5971 314 366 5972 422 456 5973 421 457 5974 300 356 5975 284 341 5976 413 466 5977 412 483 5978 427 462 5979 395 437 5980 394 454 5981 248 305 5982 250 471 5983 443 490 5984 415 469 5985 383 445 5986 382 435 5987 431 424 5988 438 464 5989 437 488 5990 433 484 5991 434 482 5992 441 481 5993 436 485 5994 443 490 5995 442 489 5996 405 476 5997 406 458 5998 374 436 5999 247 304 6000 397 432 6001 429 474 6002 439 491 6003 262 323 6004 264 325 6005 304 360 6006 423 478 6007 422 456 6008 1121 1454 6009 1132 1454 6010 1131 1454 6011 440 486 6012 260 321 6013 262 323 6014 1076 1455 6015 1087 1455 6016 1086 1455 6017 441 481 6018 442 489 6019 256 317 6020 290 346 6021 416 459 6022 415 469 6023 272 333 6024 407 475 6025 406 458 6026 1254 1456 6027 1262 1456 6028 1261 1456 6029 1215 1457 6030 1220 1457 6031 1222 1457 6032 1292 496 6033 1285 496 6034 1286 496 6035 319 372 6036 208 268 6037 175 497 6038 765 499 6039 764 1011 6040 541 500 6041 1318 1458 6042 1308 1458 6043 1310 1458 6044 1212 1459 6045 1205 1459 6046 1206 1459 6047 768 504 6048 767 1008 6049 547 505 6050 527 507 6051 757 925 6052 756 508 6053 224 284 6054 226 286 6055 184 510 6056 1194 1460 6057 1195 1460 6058 1200 1460 6059 1338 1461 6060 1328 1461 6061 1330 1461 6062 212 272 6063 177 923 6064 176 514 6065 1295 1462 6066 1300 1462 6067 1302 1462 6068 1315 1463 6069 1320 1463 6070 1322 1463 6071 218 278 6072 220 280 6073 181 517 6074 519 519 6075 521 609 6076 754 520 6077 1170 1464 6078 1171 1464 6079 1178 1464 6080 772 523 6081 771 1003 6082 555 524 6083 240 299 6084 242 1098 6085 192 526 6086 737 528 6087 736 916 6088 485 529 6089 774 531 6090 773 1002 6091 559 532 6092 1294 1465 6093 1302 1465 6094 1301 1465 6095 234 293 6096 188 1393 6097 187 535 6098 1191 536 6099 1190 536 6100 1185 536 6101 55 57 6102 54 53 6103 12 27 6104 749 537 6105 748 1030 6106 509 538 6107 759 540 6108 758 972 6109 529 541 6110 1312 1466 6111 1305 1466 6112 1306 1466 6113 525 509 6114 756 508 6115 755 544 6116 1174 1467 6117 1175 1467 6118 1180 1467 6119 34 38 6120 36 32 6121 66 547 6122 232 291 6123 187 535 6124 186 79 6125 180 84 6126 181 84 6127 172 84 6128 123 548 6129 174 1148 6130 173 549 6131 269 330 6132 474 574 6133 473 550 6134 1059 1468 6135 1062 1468 6136 1061 1468 6137 267 1469 6138 265 1469 6139 476 1469 6140 265 326 6141 263 324 6142 477 553 6143 261 322 6144 479 151 6145 478 150 6146 311 363 6147 309 362 6148 450 167 6149 257 318 6150 481 563 6151 480 556 6152 291 347 6153 461 755 6154 460 557 6155 293 349 6156 460 557 6157 459 558 6158 253 315 6159 317 369 6160 445 559 6161 205 84 6162 151 84 6163 152 84 6164 299 355 6165 297 353 6166 457 561 6167 257 318 6168 255 86 6169 482 88 6170 1044 1470 6171 1047 1470 6172 1046 1470 6173 259 320 6174 480 556 6175 479 151 6176 141 1471 6177 115 1471 6178 114 1471 6179 283 221 6180 466 220 6181 465 565 6182 289 345 6183 287 224 6184 463 193 6185 279 338 6186 468 571 6187 467 566 6188 129 84 6189 130 84 6190 105 84 6191 315 367 6192 447 660 6193 446 567 6194 271 332 6195 473 550 6196 472 569 6197 279 338 6198 277 337 6199 469 570 6200 291 84 6201 289 84 6202 462 84 6203 1236 84 6204 1235 84 6205 1227 84 6206 309 362 6207 307 261 6208 451 165 6209 132 1472 6210 107 1472 6211 106 1472 6212 184 84 6213 169 84 6214 170 84 6215 269 330 6216 267 328 6217 475 573 6218 120 84 6219 121 84 6220 97 84 6221 194 84 6222 195 84 6223 160 84 6224 1330 1473 6225 1328 1473 6226 1327 1473 6227 464 225 6228 640 647 6229 636 646 6230 640 647 6231 464 225 6232 465 565 6233 912 649 6234 913 176 6235 810 175 6236 720 651 6237 730 862 6238 729 652 6239 660 654 6240 592 794 6241 593 655 6242 639 657 6243 530 614 6244 528 613 6245 450 167 6246 586 166 6247 585 664 6248 477 553 6249 575 1272 6250 659 665 6251 303 359 6252 454 696 6253 453 666 6254 253 315 6255 252 314 6256 251 370 6257 662 667 6258 588 775 6259 589 668 6260 858 670 6261 953 1041 6262 952 671 6263 718 673 6264 728 860 6265 727 674 6266 947 676 6267 987 1074 6268 986 677 6269 995 253 6270 1025 255 6271 1024 679 6272 595 681 6273 594 656 6274 593 655 6275 615 683 6276 518 607 6277 516 605 6278 599 685 6279 510 600 6280 508 599 6281 453 666 6282 454 696 6283 596 686 6284 726 687 6285 657 771 6286 658 688 6287 601 690 6288 598 682 6289 593 655 6290 678 692 6291 668 804 6292 667 693 6293 548 625 6294 707 871 6295 706 695 6296 636 646 6297 633 845 6298 629 698 6299 944 699 6300 984 858 6301 983 700 6302 681 702 6303 661 718 6304 672 703 6305 603 705 6306 607 843 6307 514 603 6308 596 686 6309 591 735 6310 590 669 6311 734 708 6312 646 783 6313 642 709 6314 581 711 6315 579 820 6316 578 712 6317 1013 714 6318 1014 968 6319 875 715 6320 701 717 6321 702 749 6322 571 643 6323 662 667 6324 590 669 6325 661 718 6326 580 713 6327 578 712 6328 699 719 6329 536 617 6330 534 616 6331 647 721 6332 608 716 6333 612 723 6334 609 724 6335 956 726 6336 996 1049 6337 995 253 6338 683 728 6339 684 803 6340 697 729 6341 999 731 6342 1000 1080 6343 895 732 6344 600 697 6345 597 691 6346 591 735 6347 642 709 6348 638 780 6349 641 736 6350 618 737 6351 622 773 6352 619 738 6353 562 634 6354 684 803 6355 683 728 6356 732 740 6357 651 787 6358 652 741 6359 722 743 6360 723 745 6361 733 744 6362 723 745 6363 722 743 6364 713 722 6365 486 578 6366 484 577 6367 663 746 6368 702 749 6369 703 782 6370 572 644 6371 698 750 6372 703 782 6373 702 749 6374 630 751 6375 627 768 6376 623 752 6377 643 754 6378 647 721 6379 534 616 6380 734 708 6381 649 786 6382 650 757 6383 714 758 6384 715 855 6385 725 689 6386 682 760 6387 695 765 6388 673 761 6389 1003 762 6390 1004 1066 6391 891 763 6392 600 697 6393 604 707 6394 601 690 6395 695 765 6396 700 1055 6397 687 766 6398 634 767 6399 631 774 6400 627 768 6401 488 579 6402 486 578 6403 664 747 6404 572 644 6405 573 149 6406 479 151 6407 726 687 6408 727 674 6409 656 770 6410 609 724 6411 606 875 6412 602 772 6413 622 773 6414 626 753 6415 623 752 6416 635 658 6417 528 613 6418 526 612 6419 452 260 6420 453 666 6421 589 668 6422 620 739 6423 617 1051 6424 613 776 6425 950 777 6426 951 888 6427 991 778 6428 638 780 6429 642 709 6430 639 657 6431 558 632 6432 686 720 6433 685 781 6434 588 775 6435 587 887 6436 451 165 6437 703 782 6438 704 829 6439 573 149 6440 629 698 6441 633 845 6442 630 751 6443 723 745 6444 647 721 6445 643 754 6446 532 615 6447 530 614 6448 639 657 6449 465 565 6450 466 220 6451 648 784 6452 1185 1474 6453 1183 1474 6454 1184 1474 6455 466 220 6456 467 566 6457 649 786 6458 126 258 6459 171 257 6460 170 792 6461 506 597 6462 594 656 6463 595 681 6464 672 703 6465 661 718 6466 592 794 6467 931 795 6468 932 964 6469 972 796 6470 577 798 6471 575 1272 6472 574 799 6473 671 704 6474 500 591 6475 498 589 6476 484 577 6477 566 638 6478 682 760 6479 564 636 6480 683 728 6481 682 760 6482 550 626 6483 706 695 6484 705 802 6485 560 633 6486 685 781 6487 684 803 6488 496 587 6489 494 585 6490 668 804 6491 1020 806 6492 1021 1097 6493 882 807 6494 998 139 6495 897 141 6496 898 809 6497 627 768 6498 524 611 6499 522 610 6500 672 703 6501 660 654 6502 504 595 6503 983 700 6504 1013 714 6505 1012 124 6506 980 812 6507 1010 838 6508 1009 813 6509 696 730 6510 695 765 6511 682 760 6512 709 815 6513 710 872 6514 719 653 6515 685 781 6516 698 750 6517 697 729 6518 679 816 6519 680 819 6520 670 801 6521 970 817 6522 1000 1080 6523 999 731 6524 680 819 6525 681 702 6526 671 704 6527 705 802 6528 714 758 6529 579 820 6530 1023 821 6531 884 1013 6532 883 822 6533 631 774 6534 526 612 6535 524 611 6536 666 824 6537 667 693 6538 492 583 6539 619 738 6540 520 608 6541 518 607 6542 671 704 6543 672 703 6544 502 593 6545 964 825 6546 963 1088 6547 903 826 6548 626 753 6549 622 773 6550 625 828 6551 578 712 6552 576 800 6553 704 829 6554 661 718 6555 590 669 6556 591 735 6557 935 19 6558 975 18 6559 974 830 6560 674 832 6561 673 761 6562 687 766 6563 601 690 6564 605 725 6565 602 772 6566 694 834 6567 680 819 6568 679 816 6569 641 736 6570 638 780 6571 634 767 6572 674 832 6573 675 879 6574 665 769 6575 981 837 6576 1011 970 6577 1010 838 6578 1012 124 6579 1011 970 6580 981 837 6581 826 839 6582 824 884 6583 927 45 6584 918 841 6585 968 1048 6586 998 139 6587 614 842 6588 611 684 6589 607 843 6590 640 647 6591 637 836 6592 633 845 6593 792 846 6594 931 795 6595 930 847 6596 691 849 6597 690 861 6598 583 661 6599 645 710 6600 648 784 6601 649 786 6602 733 744 6603 650 757 6604 651 787 6605 778 850 6606 830 973 6607 939 851 6608 838 853 6609 840 865 6610 944 699 6611 637 836 6612 634 767 6613 630 751 6614 716 854 6615 726 687 6616 725 689 6617 646 783 6618 734 708 6619 733 744 6620 941 856 6621 942 1050 6622 982 811 6623 945 857 6624 985 967 6625 984 858 6626 731 742 6627 730 862 6628 720 651 6629 728 860 6630 655 791 6631 656 770 6632 690 861 6633 689 880 6634 582 659 6635 653 789 6636 654 790 6637 729 652 6638 854 863 6639 951 888 6640 950 777 6641 840 865 6642 842 982 6643 945 857 6644 586 166 6645 587 887 6646 694 834 6647 828 866 6648 826 839 6649 967 840 6650 870 868 6651 869 1000 6652 1008 869 6653 548 625 6654 546 624 6655 708 870 6656 552 628 6657 705 802 6658 581 711 6659 660 654 6660 594 656 6661 506 597 6662 544 622 6663 542 621 6664 710 872 6665 540 620 6666 711 1084 6667 710 872 6668 712 873 6669 711 1084 6670 540 620 6671 713 722 6672 712 873 6673 538 618 6674 993 874 6675 994 680 6676 1024 679 6677 598 682 6678 602 772 6679 599 685 6680 708 870 6681 717 675 6682 716 854 6683 646 783 6684 643 754 6685 639 657 6686 610 844 6687 607 843 6688 603 705 6689 606 875 6690 603 705 6691 599 685 6692 709 815 6693 718 673 6694 717 675 6695 988 876 6696 989 1045 6697 1019 877 6698 679 816 6699 669 805 6700 668 804 6701 705 802 6702 706 695 6703 715 855 6704 659 665 6705 575 1272 6706 577 798 6707 690 861 6708 676 1075 6709 675 879 6710 930 847 6711 931 795 6712 971 797 6713 593 655 6714 592 794 6715 591 735 6716 613 776 6717 617 1051 6718 614 842 6719 923 881 6720 913 176 6721 912 649 6722 729 652 6723 728 860 6724 718 673 6725 952 671 6726 953 1041 6727 993 874 6728 824 884 6729 822 1052 6730 917 43 6731 692 885 6732 693 835 6733 679 816 6734 625 828 6735 622 773 6736 618 737 6737 675 879 6738 674 832 6739 688 833 6740 604 707 6741 608 716 6742 605 725 6743 731 742 6744 652 741 6745 653 789 6746 692 885 6747 691 849 6748 584 663 6749 687 766 6750 700 1055 6751 569 641 6752 729 652 6753 654 790 6754 655 791 6755 587 887 6756 588 775 6757 662 667 6758 688 833 6759 687 766 6760 568 640 6761 689 880 6762 688 833 6763 567 639 6764 628 756 6765 625 828 6766 621 886 6767 856 672 6768 952 671 6769 951 888 6770 632 194 6771 629 698 6772 625 828 6773 335 387 6774 199 1418 6775 198 889 6776 555 524 6777 771 1003 6778 770 890 6779 1333 891 6780 1326 891 6781 1328 891 6782 769 892 6783 768 504 6784 549 506 6785 1235 1475 6786 1240 1475 6787 1242 1475 6788 345 189 6789 343 395 6790 195 894 6791 1171 896 6792 1170 896 6793 1165 896 6794 238 297 6795 240 299 6796 191 527 6797 1231 898 6798 1238 898 6799 1228 898 6800 503 594 6801 745 1026 6802 744 899 6803 1256 1476 6804 1259 1476 6805 1260 1476 6806 775 901 6807 774 531 6808 561 533 6809 1331 902 6810 1330 902 6811 1325 902 6812 46 20 6813 71 1477 6814 70 903 6815 1218 1478 6816 1208 1478 6817 1210 1478 6818 38 42 6819 67 1423 6820 66 547 6821 1179 1479 6822 1176 1479 6823 1177 1479 6824 495 586 6825 741 1022 6826 740 906 6827 1212 1480 6828 1211 1480 6829 1210 1480 6830 24 35 6831 60 63 6832 59 908 6833 1213 1481 6834 1206 1481 6835 1208 1481 6836 50 910 6837 49 1398 6838 2 2 6839 1336 1482 6840 1339 1482 6841 1340 1482 6842 1291 1483 6843 1290 1483 6844 1285 1483 6845 196 913 6846 341 393 6847 339 391 6848 743 915 6849 742 1024 6850 497 588 6851 736 916 6852 735 921 6853 483 576 6854 1311 1484 6855 1310 1484 6856 1305 1484 6857 755 544 6858 754 520 6859 521 609 6860 539 619 6861 763 1012 6862 762 918 6863 347 187 6864 345 189 6865 194 895 6866 22 29 6867 59 908 6868 58 920 6869 735 921 6870 776 927 6871 565 637 6872 323 51 6873 321 374 6874 206 922 6875 214 274 6876 178 1397 6877 177 923 6878 1296 1485 6879 1297 1485 6880 1301 1485 6881 529 541 6882 758 972 6883 757 925 6884 1298 1486 6885 1293 1486 6886 1286 1486 6887 776 927 6888 775 901 6889 563 635 6890 1274 1487 6891 1275 1487 6892 1280 1487 6893 1317 1488 6894 1314 1488 6895 1322 1488 6896 224 284 6897 183 511 6898 182 930 6899 127 793 6900 170 792 6901 169 962 6902 277 337 6903 275 336 6904 470 788 6905 790 943 6906 788 941 6907 933 963 6908 823 965 6909 822 1052 6910 824 884 6911 985 967 6912 1015 1083 6913 1014 968 6914 1012 124 6915 873 126 6916 872 969 6917 142 998 6918 141 162 6919 155 164 6920 798 178 6921 928 1077 6922 908 1039 6923 950 777 6924 949 1044 6925 850 990 6926 842 982 6927 844 984 6928 946 678 6929 616 734 6930 613 776 6931 609 724 6932 586 166 6933 693 835 6934 692 885 6935 858 670 6936 860 995 6937 954 1040 6938 864 997 6939 866 312 6940 957 1042 6941 658 688 6942 659 665 6943 724 759 6944 832 974 6945 940 1053 6946 939 851 6947 917 43 6948 818 214 6949 816 961 6950 951 888 6951 952 671 6952 992 883 6953 949 1044 6954 950 777 6955 990 779 6956 925 1046 6957 926 44 6958 916 1043 6959 908 1039 6960 928 1077 6961 968 1048 6962 578 712 6963 579 820 6964 577 798 6965 954 1040 6966 994 680 6967 993 874 6968 957 1042 6969 997 1067 6970 996 1049 6971 942 1050 6972 943 701 6973 983 700 6974 721 859 6975 722 743 6976 732 740 6977 621 886 6978 618 737 6979 614 842 6980 788 941 6981 786 939 6982 934 831 6983 838 853 6984 943 701 6985 942 1050 6986 821 95 6987 823 965 6988 957 1042 6989 648 784 6990 645 710 6991 641 736 6992 574 799 6993 573 149 6994 704 829 6995 821 95 6996 820 1057 6997 822 1052 6998 784 937 6999 782 935 7000 936 17 7001 834 976 7002 941 856 7003 940 1053 7004 910 1054 7005 911 1060 7006 806 953 7007 780 933 7008 937 1056 7009 936 17 7010 916 1043 7011 816 961 7012 814 959 7013 700 1055 7014 701 717 7015 570 642 7016 411 487 7017 412 483 7018 380 453 7019 786 939 7020 784 937 7021 935 19 7022 908 1039 7023 909 1058 7024 802 949 7025 778 850 7026 938 852 7027 937 1056 7028 836 978 7029 942 1050 7030 941 856 7031 917 43 7032 822 1052 7033 820 1057 7034 432 449 7035 433 484 7036 440 486 7037 910 1054 7038 804 951 7039 802 949 7040 846 986 7041 848 988 7042 948 1059 7043 641 736 7044 637 836 7045 640 647 7046 620 739 7047 624 748 7048 621 886 7049 794 848 7050 930 847 7051 929 177 7052 911 1060 7053 912 649 7054 808 650 7055 790 943 7056 932 964 7057 931 795 7058 862 996 7059 864 997 7060 956 726 7061 915 1047 7062 814 959 7063 812 957 7064 846 986 7065 947 676 7066 946 678 7067 860 995 7068 862 996 7069 955 727 7070 850 990 7071 949 1044 7072 948 1059 7073 959 1061 7074 919 1068 7075 918 841 7076 986 677 7077 987 1074 7078 1017 1062 7079 972 796 7080 973 1071 7081 1003 762 7082 1022 823 7083 1021 1097 7084 991 778 7085 992 883 7086 993 874 7087 1023 821 7088 712 873 7089 713 722 7090 722 743 7091 716 854 7092 715 855 7093 706 695 7094 974 830 7095 975 18 7096 1005 1065 7097 969 818 7098 999 731 7099 998 139 7100 301 357 7101 455 706 7102 454 696 7103 978 240 7104 977 242 7105 937 1056 7106 714 758 7107 724 759 7108 577 798 7109 946 678 7110 986 677 7111 985 967 7112 957 1042 7113 823 965 7114 825 966 7115 695 765 7116 696 730 7117 701 717 7118 933 963 7119 973 1071 7120 972 796 7121 727 674 7122 726 687 7123 716 854 7124 702 749 7125 701 717 7126 696 730 7127 980 812 7128 979 814 7129 939 851 7130 939 851 7131 979 814 7132 978 240 7133 919 1068 7134 909 1058 7135 908 1039 7136 936 17 7137 937 1056 7138 977 242 7139 924 1070 7140 925 1046 7141 915 1047 7142 699 719 7143 704 829 7144 703 782 7145 934 831 7146 974 830 7147 973 1071 7148 313 365 7149 448 662 7150 447 660 7151 691 849 7152 692 885 7153 678 692 7154 929 177 7155 930 847 7156 970 817 7157 921 1072 7158 911 1060 7159 910 1054 7160 920 1073 7161 910 1054 7162 909 1058 7163 948 1059 7164 988 876 7165 987 1074 7166 948 1059 7167 949 1044 7168 989 1045 7169 662 667 7170 681 702 7171 680 819 7172 691 849 7173 677 694 7174 676 1075 7175 922 882 7176 912 649 7177 911 1060 7178 609 724 7179 613 776 7180 610 844 7181 301 84 7182 299 84 7183 456 84 7184 928 1077 7185 929 177 7186 969 818 7187 940 1053 7188 941 856 7189 981 837 7190 955 727 7191 995 253 7192 994 680 7193 923 881 7194 924 1070 7195 914 174 7196 1017 1062 7197 1018 878 7198 879 1007 7199 1009 813 7200 1010 838 7201 871 1001 7202 901 1032 7203 961 1086 7204 960 1078 7205 1001 1079 7206 894 1025 7207 895 732 7208 670 801 7209 498 589 7210 496 587 7211 1024 679 7212 885 1014 7213 884 1013 7214 898 809 7215 899 1029 7216 959 1061 7217 1026 254 7218 887 1016 7219 886 1015 7220 1027 1081 7221 888 1017 7222 887 1016 7223 827 1082 7224 829 971 7225 888 1017 7226 677 694 7227 667 693 7228 666 824 7229 313 365 7230 311 363 7231 449 555 7232 985 967 7233 986 677 7234 1016 1063 7235 970 817 7236 971 797 7237 1001 1079 7238 974 830 7239 1004 1066 7240 1003 762 7241 711 1084 7242 712 873 7243 721 859 7244 990 779 7245 1020 806 7246 1019 877 7247 991 778 7248 1021 1097 7249 1020 806 7250 996 1049 7251 997 1067 7252 1027 1081 7253 979 814 7254 1009 813 7255 1008 869 7256 962 1085 7257 922 882 7258 921 1072 7259 827 1082 7260 1027 1081 7261 997 1067 7262 971 797 7263 972 796 7264 1002 1064 7265 675 879 7266 676 1075 7267 666 824 7268 975 18 7269 976 1069 7270 1006 1087 7271 635 658 7272 631 774 7273 634 767 7274 984 858 7275 1014 968 7276 1013 714 7277 674 832 7278 664 747 7279 663 746 7280 960 1078 7281 961 1086 7282 921 1072 7283 615 683 7284 611 684 7285 614 842 7286 988 876 7287 1018 878 7288 1017 1062 7289 964 825 7290 924 1070 7291 923 881 7292 959 1061 7293 960 1078 7294 920 1073 7295 825 966 7296 824 884 7297 826 839 7298 710 872 7299 711 1084 7300 720 651 7301 963 1088 7302 923 881 7303 922 882 7304 686 720 7305 699 719 7306 698 750 7307 925 1046 7308 924 1070 7309 964 825 7310 966 1090 7311 926 44 7312 925 1046 7313 967 840 7314 927 45 7315 926 44 7316 1007 241 7317 1006 1087 7318 976 1069 7319 902 1034 7320 903 826 7321 963 1088 7322 603 705 7323 512 601 7324 510 600 7325 1072 1091 7326 1066 1166 7327 1059 1092 7328 827 1082 7329 826 839 7330 828 866 7331 546 624 7332 544 622 7333 709 815 7334 1006 1087 7335 889 1018 7336 890 1020 7337 556 631 7338 554 630 7339 581 711 7340 607 843 7341 611 684 7342 516 605 7343 667 693 7344 668 804 7345 494 585 7346 1006 1087 7347 1007 241 7348 868 999 7349 623 752 7350 522 610 7351 520 608 7352 490 581 7353 488 579 7354 665 769 7355 1003 762 7356 892 764 7357 893 1023 7358 556 631 7359 580 713 7360 686 720 7361 1057 1094 7362 1051 1143 7363 1044 1095 7364 869 1000 7365 868 999 7366 1007 241 7367 901 1032 7368 902 1034 7369 962 1085 7370 1014 968 7371 1015 1083 7372 876 1004 7373 1022 823 7374 883 822 7375 882 807 7376 1017 1062 7377 878 1006 7378 877 1005 7379 1005 1065 7380 890 1020 7381 891 763 7382 1019 877 7383 880 1009 7384 879 1007 7385 900 1031 7386 960 1078 7387 959 1061 7388 1016 1063 7389 877 1005 7390 876 1004 7391 1010 838 7392 1011 970 7393 872 969 7394 1002 1064 7395 893 1023 7396 894 1025 7397 1019 877 7398 1020 806 7399 881 808 7400 905 1037 7401 965 1089 7402 964 825 7403 905 1037 7404 906 1038 7405 966 1090 7406 906 1038 7407 907 867 7408 967 840 7409 1024 679 7410 1025 255 7411 886 1015 7412 476 554 7413 659 665 7414 658 688 7415 241 300 7416 243 228 7417 242 1098 7418 1119 1489 7419 1122 1489 7420 1121 1489 7421 1161 1107 7422 1153 1268 7423 1154 1108 7424 1132 1113 7425 1126 1238 7426 1119 1114 7427 1086 1119 7428 1078 1184 7429 1079 1120 7430 1091 1490 7431 1102 1490 7432 1101 1490 7433 1029 1491 7434 1032 1491 7435 1031 1491 7436 1131 1115 7437 1123 1236 7438 1124 1137 7439 1117 1140 7440 1111 1222 7441 1104 1141 7442 1116 1142 7443 1108 1220 7444 1109 1145 7445 122 1147 7446 149 145 7447 174 1148 7448 1089 1492 7449 1092 1492 7450 1091 1492 7451 1041 1111 7452 1033 1110 7453 1034 1106 7454 1147 1163 7455 1141 1255 7456 1134 1164 7457 1085 1168 7458 1083 1493 7459 1082 1169 7460 1046 1494 7461 1057 1494 7462 1056 1494 7463 1149 1495 7464 1152 1495 7465 1151 1495 7466 1146 1165 7467 1138 1254 7468 1139 1182 7469 1087 1170 7470 1081 1186 7471 1074 1185 7472 1160 1187 7473 1158 1496 7474 1157 1188 7475 1106 1497 7476 1117 1497 7477 1116 1497 7478 377 473 7479 378 452 7480 353 415 7481 237 296 7482 235 294 7483 369 440 7484 1162 1189 7485 1156 1269 7486 1149 1205 7487 1100 1209 7488 1098 1498 7489 1097 1208 7490 1061 218 7491 1072 218 7492 1071 218 7493 1104 1499 7494 1107 1499 7495 1106 1499 7496 1101 1203 7497 1093 1202 7498 1094 1201 7499 1070 1221 7500 1068 1500 7501 1067 1167 7502 1145 1224 7503 1143 1501 7504 1142 1225 7505 1151 1502 7506 1162 1502 7507 1161 1502 7508 391 443 7509 366 418 7510 365 417 7511 342 394 7512 402 421 7513 401 448 7514 1055 1237 7515 1053 1503 7516 1052 1144 7517 1040 1240 7518 1038 1504 7519 1037 1118 7520 1136 218 7521 1147 218 7522 1146 218 7523 1074 1505 7524 1077 1505 7525 1076 1505 7526 1071 1093 7527 1063 1162 7528 1064 1161 7529 1042 1117 7530 1036 1116 7531 1029 1112 7532 1130 1256 7533 1128 1506 7534 1127 1239 7535 1031 1507 7536 1042 1507 7537 1041 1507 7538 1134 1508 7539 1137 1508 7540 1136 1508 7541 1056 1096 7542 1048 1139 7543 1049 1136 7544 1102 1207 7545 1096 1206 7546 1089 1204 7547 1115 1270 7548 1113 1509 7549 1112 1223 7550 575 1272 7551 477 553 7552 478 150 7553 1310 1510 7554 1308 1510 7555 1307 1510 7556 1250 1511 7557 1248 1511 7558 1247 1511 7559 1186 1512 7560 1184 1512 7561 1187 1512 7562 1166 1513 7563 1165 1513 7564 1163 1513 7565 1235 1514 7566 1236 1514 7567 1239 1514 7568 553 629 7569 770 890 7570 769 892 7571 1244 1515 7572 1256 1515 7573 1255 1515 7574 321 374 7575 319 372 7576 207 498 7577 1174 49 7578 1182 49 7579 1181 49 7580 1339 1516 7581 1336 1516 7582 1337 1516 7583 1196 1517 7584 1199 1517 7585 1200 1517 7586 48 1518 7587 49 1518 7588 60 1518 7589 491 582 7590 739 1021 7591 738 1019 7592 1258 1519 7593 1260 1519 7594 1259 1519 7595 1267 1520 7596 1268 1520 7597 1266 1520 7598 1249 1521 7599 1243 1521 7600 1245 1521 7601 131 208 7602 166 207 7603 165 205 7604 1306 1522 7605 1304 1522 7606 1307 1522 7607 220 280 7608 222 282 7609 182 930 7610 1197 1523 7611 1201 1523 7612 1199 1523 7613 75 1524 7614 76 1524 7615 11 1524 7616 764 1011 7617 763 1012 7618 539 619 7619 1198 1525 7620 1188 1525 7621 1190 1525 7622 1337 1526 7623 1334 1526 7624 1342 1526 7625 327 379 7626 325 377 7627 204 50 7628 1176 896 7629 1179 896 7630 1180 896 7631 533 82 7632 760 81 7633 759 540 7634 207 84 7635 175 84 7636 147 84 7637 1204 1527 7638 1206 1527 7639 1205 1527 7640 1286 1528 7641 1285 1528 7642 1283 1528 7643 1209 1529 7644 1210 1529 7645 1208 1529 7646 1209 1530 7647 1203 1530 7648 1205 1530 7649 773 1002 7650 772 523 7651 557 525 7652 501 592 7653 744 899 7654 743 915 7655 1216 1531 7656 1215 1531 7657 1207 1531 7658 329 381 7659 202 1410 7660 201 1315 7661 1276 1532 7662 1279 1532 7663 1280 1532 7664 1273 1533 7665 1272 1533 7666 1265 1533 7667 1217 1534 7668 1221 1534 7669 1219 1534 7670 1257 1535 7671 1261 1535 7672 1259 1535 7673 1300 1536 7674 1295 1536 7675 1296 1536 7676 1339 181 7677 1333 181 7678 1338 181 7679 1269 1537 7680 1270 1537 7681 1268 1537 7682 1228 1538 7683 1226 1538 7684 1224 1538 7685 1163 1539 7686 1165 1539 7687 1170 1539 7688 1229 1540 7689 1223 1540 7690 1225 1540 7691 1173 1103 7692 1172 1103 7693 1165 1103 7694 1216 1541 7695 1219 1541 7696 1220 1541 7697 204 1542 7698 152 1542 7699 153 1542 7700 1231 1543 7701 1230 1543 7702 1225 1543 7703 748 1030 7704 747 1028 7705 507 598 7706 1233 1544 7707 1226 1544 7708 1228 1544 7709 1335 1545 7710 1340 1545 7711 1342 1545 7712 1214 1546 7713 1222 1546 7714 1221 1546 7715 1236 1547 7716 1237 1547 7717 1241 1547 7718 1193 218 7719 1198 218 7720 1200 218 7721 1246 1548 7722 1245 1548 7723 1243 1548 7724 1248 1549 7725 1246 1549 7726 1244 1549 7727 1326 1550 7728 1325 1550 7729 1323 1550 7730 1228 1551 7731 1227 1551 7732 1229 1551 7733 1234 1552 7734 1242 1552 7735 1241 1552 7736 747 1028 7737 746 1027 7738 505 596 7739 1196 84 7740 1195 84 7741 1187 84 7742 1251 1553 7743 1250 1553 7744 1245 1553 7745 746 1027 7746 745 1026 7747 503 594 7748 1253 1554 7749 1246 1554 7750 1248 1554 7751 1258 1555 7752 1248 1555 7753 1250 1555 7754 195 894 7755 343 395 7756 341 393 7757 1253 1556 7758 1252 1556 7759 1245 1556 7760 1293 218 7761 1298 218 7762 1300 218 7763 1306 1557 7764 1305 1557 7765 1303 1557 7766 1270 1558 7767 1269 1558 7768 1263 1558 7769 1189 1559 7770 1183 1559 7771 1185 1559 7772 1328 1560 7773 1326 1560 7774 1324 1560 7775 515 604 7776 751 1035 7777 750 1033 7778 48 1360 7779 71 1477 7780 46 20 7781 1315 84 7782 1307 84 7783 1304 84 7784 750 1033 7785 749 537 7786 511 539 7787 1232 1561 7788 1225 1561 7789 1226 1561 7790 1192 1562 7791 1185 1562 7792 1186 1562 7793 6 5 7794 8 1370 7795 52 1367 7796 53 1369 7797 52 1367 7798 8 1370 7799 51 1368 7800 50 910 7801 4 1 7802 1273 218 7803 1278 218 7804 1280 218 7805 1303 1563 7806 1305 1563 7807 1310 1563 7808 1189 1564 7809 1190 1564 7810 1188 1564 7811 1208 1565 7812 1206 1565 7813 1204 1565 7814 1283 1566 7815 1285 1566 7816 1290 1566 7817 515 604 7818 517 606 7819 752 1036 7820 738 1019 7821 737 528 7822 487 530 7823 1284 84 7824 1296 84 7825 1295 84 7826 497 588 7827 742 1024 7828 741 1022 7829 517 606 7830 519 519 7831 753 521 7832 1332 1567 7833 1325 1567 7834 1326 1567 7835 339 391 7836 337 389 7837 198 889 7838 1313 1568 7839 1306 1568 7840 1308 1568 7841 331 383 7842 201 1315 7843 200 1384 7844 178 1569 7845 174 1569 7846 149 1569 7847 1330 1570 7848 1329 1570 7849 1323 1570 7850 1169 1571 7851 1170 1571 7852 1168 1571 7853 1224 1572 7854 1226 1572 7855 1225 1572 7856 1290 1573 7857 1288 1573 7858 1287 1573 7859 236 295 7860 238 297 7861 190 897 7862 234 293 7863 236 295 7864 189 1392 7865 1175 84 7866 1167 84 7867 1164 84 7868 214 274 7869 216 276 7870 179 1396 7871 218 278 7872 180 518 7873 179 1396 7874 493 584 7875 740 906 7876 739 1021 7877 766 1010 7878 765 499 7879 543 501 7880 49 1398 7881 48 1360 7882 0 3 7883 210 270 7884 176 514 7885 175 497 7886 1313 1574 7887 1318 1574 7888 1320 1574 7889 138 1401 7890 137 198 7891 159 197 7892 1264 1575 7893 1266 1575 7894 1265 1575 7895 1166 1576 7896 1164 1576 7897 1167 1576 7898 1287 1577 7899 1288 1577 7900 1286 1577 7901 1317 1578 7902 1321 1578 7903 1319 1578 7904 1277 1579 7905 1281 1579 7906 1279 1579 7907 1324 84 7908 1336 84 7909 1335 84 7910 329 381 7911 327 379 7912 203 1299 7913 228 78 7914 185 80 7915 184 510 7916 767 1008 7917 766 1010 7918 545 623 7919 192 526 7920 242 1098 7921 347 187 7922 1316 1580 7923 1319 1580 7924 1320 1580 7925 1298 1581 7926 1288 1581 7927 1290 1581 7928 1238 1354 7929 1240 1354 7930 1239 1354 7931 1254 1582 7932 1255 1582 7933 1260 1582 7934 335 387 7935 333 385 7936 200 1384 7937</p>
        </triangles>
      </mesh>
    </geometry>
  </library_geometries>
  <library_visual_scenes>
    <visual_scene id="Scene" name="Scene">
      <node id="Cylinder" name="Cylinder" type="NODE">
        <matrix sid="transform">1 0 0 0 0 1 0 0 0 0 1 0 0 0 0 1</matrix>
        <instance_geometry url="#Cylinder-mesh" name="Cylinder">
          <bind_material>
            <technique_common>
              <instance_material symbol="mine-material" target="#mine-material">
                <bind_vertex_input semantic="Cylinder-mesh-map-0" input_semantic="TEXCOORD" input_set="0"/>
              </instance_material>
            </technique_common>
          </bind_material>
        </instance_geometry>
      </node>
    </visual_scene>
  </library_visual_scenes>
  <scene>
    <instance_visual_scene url="#Scene"/>
  </scene>
</COLLADA>